{"textures":{"0":"modelengine:entity/nocsy_skeleton_archer_end"},"elements":[{"from":[7.5577145,4.4205713,7.712],"to":[8.1851425,7.979429,8.288],"rotation":{"angle":0.0,"axis":"y","origin":[10.262857,11.265715,8.385715]},"faces":{"east":{"uv":[2.875,6.125,3.0,6.875],"rotation":0,"texture":"#0","tintindex":0},"south":{"uv":[3.25,6.125,3.375,6.875],"rotation":0,"texture":"#0","tintindex":0},"north":{"uv":[2.5,6.125,2.625,6.875],"rotation":0,"texture":"#0","tintindex":0},"west":{"uv":[3.375,6.125,3.5,6.875],"rotation":0,"texture":"#0","tintindex":0},"up":{"uv":[3.75,8.375,3.625,8.25],"rotation":0,"texture":"#0","tintindex":0},"down":{"uv":[4.375,8.25,4.25,8.375],"rotation":0,"texture":"#0","tintindex":0}}},{"from":[7.5025973,7.4506783,7.7023516],"to":[8.284312,8.232392,8.432637],"rotation":{"angle":45.0,"axis":"z","origin":[7.9228573,7.717143,8.0]},"faces":{"east":{"uv":[7.5,5.5,7.6875,5.6875],"rotation":0,"texture":"#0","tintindex":0},"south":{"uv":[7.5,5.75,7.6875,5.9375],"rotation":0,"texture":"#0","tintindex":0},"north":{"uv":[7.5,5.25,7.6875,5.4375],"rotation":0,"texture":"#0","tintindex":0},"west":{"uv":[7.5,6.125,7.6875,6.3125],"rotation":0,"texture":"#0","tintindex":0},"up":{"uv":[6.6875,7.6875,6.5,7.5],"rotation":0,"texture":"#0","tintindex":0},"down":{"uv":[6.9375,7.5,6.75,7.6875],"rotation":0,"texture":"#0","tintindex":0}}},{"from":[7.2688007,4.4240212,7.363925],"to":[8.463137,4.896506,8.361392],"rotation":{"angle":-22.5,"axis":"x","origin":[7.9684806,5.157176,8.075206]},"faces":{"east":{"uv":[8.0,3.625,8.1875,3.75],"rotation":0,"texture":"#0","tintindex":0},"south":{"uv":[1.375,7.875,1.625,8.0],"rotation":0,"texture":"#0","tintindex":0},"north":{"uv":[0.875,7.875,1.125,8.0],"rotation":0,"texture":"#0","tintindex":0},"west":{"uv":[3.75,8.0,3.9375,8.125],"rotation":0,"texture":"#0","tintindex":0},"up":{"uv":[7.125,7.0625,6.875,6.875],"rotation":0,"texture":"#0","tintindex":0},"down":{"uv":[7.25,0.0,7.0,0.1875],"rotation":0,"texture":"#0","tintindex":0}}},{"from":[7.137555,4.1029625,7.1008453],"to":[8.594383,4.5754476,8.688919],"rotation":{"angle":0.0,"axis":"y","origin":[7.9684806,5.157176,8.075206]},"faces":{"east":{"uv":[7.0,0.25,7.375,0.375],"rotation":0,"texture":"#0","tintindex":0},"south":{"uv":[7.25,0.125,7.5625,0.25],"rotation":0,"texture":"#0","tintindex":0},"north":{"uv":[7.25,0.0,7.5625,0.125],"rotation":0,"texture":"#0","tintindex":0},"west":{"uv":[7.0,0.375,7.375,0.5],"rotation":0,"texture":"#0","tintindex":0},"up":{"uv":[5.8125,4.75,5.5,4.375],"rotation":0,"texture":"#0","tintindex":0},"down":{"uv":[5.8125,5.125,5.5,5.5],"rotation":0,"texture":"#0","tintindex":0}}},{"from":[7.2097406,3.9126563,7.3698993],"to":[8.522198,4.3063936,8.616734],"rotation":{"angle":0.0,"axis":"y","origin":[7.9684806,5.157176,8.075206]},"faces":{"east":{"uv":[7.25,2.0,7.5625,2.125],"rotation":0,"texture":"#0","tintindex":0},"south":{"uv":[7.25,2.125,7.5625,2.25],"rotation":0,"texture":"#0","tintindex":0},"north":{"uv":[7.25,1.375,7.5625,1.5],"rotation":0,"texture":"#0","tintindex":0},"west":{"uv":[7.25,2.625,7.5625,2.75],"rotation":0,"texture":"#0","tintindex":0},"up":{"uv":[4.6875,6.1875,4.375,5.875],"rotation":0,"texture":"#0","tintindex":0},"down":{"uv":[6.1875,4.375,5.875,4.6875],"rotation":0,"texture":"#0","tintindex":0}}},{"from":[7.398478,4.011989,6.5579605],"to":[8.002209,4.484474,7.5554276],"rotation":{"angle":22.5,"axis":"y","origin":[7.9684806,5.157176,8.075206]},"faces":{"east":{"uv":[8.0,3.75,8.1875,3.875],"rotation":0,"texture":"#0","tintindex":0},"south":{"uv":[8.25,4.5,8.375,4.625],"rotation":0,"texture":"#0","tintindex":0},"north":{"uv":[8.25,4.375,8.375,4.5],"rotation":0,"texture":"#0","tintindex":0},"west":{"uv":[4.0,8.0,4.1875,8.125],"rotation":0,"texture":"#0","tintindex":0},"up":{"uv":[8.125,4.3125,8.0,4.125],"rotation":0,"texture":"#0","tintindex":0},"down":{"uv":[4.375,8.0,4.25,8.1875],"rotation":0,"texture":"#0","tintindex":0}}},{"from":[7.398478,3.9463663,5.967355],"to":[8.002209,4.3532286,6.3085933],"rotation":{"angle":22.5,"axis":"y","origin":[7.9684806,5.157176,8.075206]},"faces":{"east":{"uv":[1.125,8.75,1.1875,8.8125],"rotation":0,"texture":"#0","tintindex":0},"south":{"uv":[8.625,0.5,8.75,0.5625],"rotation":0,"texture":"#0","tintindex":0},"north":{"uv":[0.5,8.625,0.625,8.6875],"rotation":0,"texture":"#0","tintindex":0},"west":{"uv":[8.75,1.125,8.8125,1.1875],"rotation":0,"texture":"#0","tintindex":0},"up":{"uv":[0.75,8.6875,0.625,8.625],"rotation":0,"texture":"#0","tintindex":0},"down":{"uv":[8.75,0.625,8.625,0.6875],"rotation":0,"texture":"#0","tintindex":0}}},{"from":[7.5297236,4.011989,5.704863],"to":[7.8709626,4.2876053,6.964822],"rotation":{"angle":22.5,"axis":"y","origin":[7.9684806,5.157176,8.075206]},"faces":{"east":{"uv":[8.25,4.625,8.5,4.6875],"rotation":0,"texture":"#0","tintindex":0},"south":{"uv":[8.75,1.25,8.8125,1.3125],"rotation":0,"texture":"#0","tintindex":0},"north":{"uv":[1.25,8.75,1.3125,8.8125],"rotation":0,"texture":"#0","tintindex":0},"west":{"uv":[4.875,8.25,5.125,8.3125],"rotation":0,"texture":"#0","tintindex":0},"up":{"uv":[5.1875,8.5,5.125,8.25],"rotation":0,"texture":"#0","tintindex":0},"down":{"uv":[5.3125,8.25,5.25,8.5],"rotation":0,"texture":"#0","tintindex":0}}},{"from":[7.576255,4.011989,6.5557847],"to":[8.179985,4.484474,7.553252],"rotation":{"angle":0.0,"axis":"y","origin":[7.9684806,5.157176,8.075206]},"faces":{"east":{"uv":[4.375,8.0,4.5625,8.125],"rotation":0,"texture":"#0","tintindex":0},"south":{"uv":[5.375,8.25,5.5,8.375],"rotation":0,"texture":"#0","tintindex":0},"north":{"uv":[8.25,5.0,8.375,5.125],"rotation":0,"texture":"#0","tintindex":0},"west":{"uv":[8.0,4.375,8.1875,4.5],"rotation":0,"texture":"#0","tintindex":0},"up":{"uv":[8.125,4.6875,8.0,4.5],"rotation":0,"texture":"#0","tintindex":0},"down":{"uv":[8.125,4.75,8.0,4.9375],"rotation":0,"texture":"#0","tintindex":0}}},{"from":[7.7075005,4.011989,5.7026873],"to":[8.048739,4.2876053,6.9626465],"rotation":{"angle":0.0,"axis":"y","origin":[7.9684806,5.157176,8.075206]},"faces":{"east":{"uv":[8.25,5.375,8.5,5.4375],"rotation":0,"texture":"#0","tintindex":0},"south":{"uv":[8.75,1.375,8.8125,1.4375],"rotation":0,"texture":"#0","tintindex":0},"north":{"uv":[1.375,8.75,1.4375,8.8125],"rotation":0,"texture":"#0","tintindex":0},"west":{"uv":[5.5,8.25,5.75,8.3125],"rotation":0,"texture":"#0","tintindex":0},"up":{"uv":[5.8125,8.5,5.75,8.25],"rotation":0,"texture":"#0","tintindex":0},"down":{"uv":[8.3125,5.75,8.25,6.0],"rotation":0,"texture":"#0","tintindex":0}}},{"from":[7.576255,3.9463663,5.965179],"to":[8.179985,4.3532286,6.306418],"rotation":{"angle":0.0,"axis":"y","origin":[7.9684806,5.157176,8.075206]},"faces":{"east":{"uv":[1.5,8.75,1.5625,8.8125],"rotation":0,"texture":"#0","tintindex":0},"south":{"uv":[8.625,0.75,8.75,0.8125],"rotation":0,"texture":"#0","tintindex":0},"north":{"uv":[0.75,8.625,0.875,8.6875],"rotation":0,"texture":"#0","tintindex":0},"west":{"uv":[8.75,1.5,8.8125,1.5625],"rotation":0,"texture":"#0","tintindex":0},"up":{"uv":[1.0,8.6875,0.875,8.625],"rotation":0,"texture":"#0","tintindex":0},"down":{"uv":[8.75,0.875,8.625,0.9375],"rotation":0,"texture":"#0","tintindex":0}}},{"from":[8.345259,4.011989,6.561081],"to":[8.948989,4.484474,7.5585485],"rotation":{"angle":-22.5,"axis":"y","origin":[7.8821974,4.7052765,6.5567393]},"faces":{"east":{"uv":[4.875,8.0,5.0625,8.125],"rotation":0,"texture":"#0","tintindex":0},"south":{"uv":[6.125,8.25,6.25,8.375],"rotation":0,"texture":"#0","tintindex":0},"north":{"uv":[6.0,8.25,6.125,8.375],"rotation":0,"texture":"#0","tintindex":0},"west":{"uv":[8.0,5.0,8.1875,5.125],"rotation":0,"texture":"#0","tintindex":0},"up":{"uv":[5.25,8.1875,5.125,8.0],"rotation":0,"texture":"#0","tintindex":0},"down":{"uv":[8.125,5.125,8.0,5.3125],"rotation":0,"texture":"#0","tintindex":0}}},{"from":[8.476504,4.011989,5.707984],"to":[8.817743,4.2876053,6.9679427],"rotation":{"angle":-22.5,"axis":"y","origin":[7.8821974,4.7052765,6.5567393]},"faces":{"east":{"uv":[8.25,6.125,8.5,6.1875],"rotation":0,"texture":"#0","tintindex":0},"south":{"uv":[8.75,1.625,8.8125,1.6875],"rotation":0,"texture":"#0","tintindex":0},"north":{"uv":[1.625,8.75,1.6875,8.8125],"rotation":0,"texture":"#0","tintindex":0},"west":{"uv":[6.25,8.25,6.5,8.3125],"rotation":0,"texture":"#0","tintindex":0},"up":{"uv":[6.5625,8.5,6.5,8.25],"rotation":0,"texture":"#0","tintindex":0},"down":{"uv":[6.6875,8.25,6.625,8.5],"rotation":0,"texture":"#0","tintindex":0}}},{"from":[8.345259,3.9463663,5.970475],"to":[8.948989,4.3532286,6.311714],"rotation":{"angle":-22.5,"axis":"y","origin":[7.8821974,4.7052765,6.5567393]},"faces":{"east":{"uv":[1.75,8.75,1.8125,8.8125],"rotation":0,"texture":"#0","tintindex":0},"south":{"uv":[8.625,1.0,8.75,1.0625],"rotation":0,"texture":"#0","tintindex":0},"north":{"uv":[1.0,8.625,1.125,8.6875],"rotation":0,"texture":"#0","tintindex":0},"west":{"uv":[8.75,1.75,8.8125,1.8125],"rotation":0,"texture":"#0","tintindex":0},"up":{"uv":[1.25,8.6875,1.125,8.625],"rotation":0,"texture":"#0","tintindex":0},"down":{"uv":[8.75,1.125,8.625,1.1875],"rotation":0,"texture":"#0","tintindex":0}}}],"display":{"head":{"translation":[0.0,-6.4,0.0],"scale":[4.0,4.0,4.0]}}}