{"textures":{"0":"modelengine:entity/nocsy_sewer_leech"},"elements":[{"from":[5.714286,7.142857,2.6857138],"to":[10.285714,11.142858,8.971429],"rotation":{"angle":0.0,"axis":"y","origin":[8.571428,7.142857,5.542857]},"faces":{"east":{"uv":[6.75,3.5,9.5,5.25],"rotation":0,"texture":"#0","tintindex":0},"south":{"uv":[8.5,0.0,10.5,1.75],"rotation":0,"texture":"#0","tintindex":0},"north":{"uv":[8.25,7.75,10.25,9.5],"rotation":0,"texture":"#0","tintindex":0},"west":{"uv":[5.25,7.25,8.0,9.0],"rotation":0,"texture":"#0","tintindex":0},"up":{"uv":[2.0,2.75,0.0,0.0],"rotation":0,"texture":"#0","tintindex":0},"down":{"uv":[4.25,0.0,2.25,2.75],"rotation":0,"texture":"#0","tintindex":0}}}],"display":{"head":{"translation":[0.0,-6.4,0.0],"scale":[4.0,4.0,4.0]}}}