{"textures":{"0":"modelengine:entity/awakened_shrub"},"elements":[{"from":[6.574025,6.857143,5.9572477],"to":[8.859739,8.0,8.814391],"rotation":{"angle":22.5,"axis":"y","origin":[7.716882,7.428571,7.3858194]},"faces":{"east":{"uv":[11.5,2.5,12.75,3.0],"rotation":0,"texture":"#0","tintindex":0},"south":{"uv":[11.5,11.5,12.5,12.0],"rotation":0,"texture":"#0","tintindex":0},"north":{"uv":[9.0,11.0,10.0,11.5],"rotation":0,"texture":"#0","tintindex":0},"west":{"uv":[2.75,11.5,4.0,12.0],"rotation":0,"texture":"#0","tintindex":0},"up":{"uv":[6.25,11.5,5.25,10.25],"rotation":0,"texture":"#0","tintindex":0},"down":{"uv":[11.5,6.75,10.5,8.0],"rotation":0,"texture":"#0","tintindex":0}}},{"from":[6.574025,6.857143,4.8143907],"to":[6.574025,8.0,5.9572477],"rotation":{"angle":22.5,"axis":"y","origin":[7.716882,7.428571,7.3858194]},"faces":{"east":{"uv":[0.5,12.25,0.0,12.75],"rotation":0,"texture":"#0","tintindex":0},"south":{"uv":[8.25,12.25,8.25,12.75],"rotation":0,"texture":"#0","tintindex":0},"north":{"uv":[8.0,12.25,8.0,12.75],"rotation":0,"texture":"#0","tintindex":0},"west":{"uv":[0.0,12.25,0.5,12.75],"rotation":0,"texture":"#0","tintindex":0},"up":{"uv":[8.5,12.75,8.5,12.25],"rotation":0,"texture":"#0","tintindex":0},"down":{"uv":[8.75,12.25,8.75,12.75],"rotation":0,"texture":"#0","tintindex":0}}},{"from":[7.716882,6.857143,4.8143907],"to":[7.716882,8.0,5.9572477],"rotation":{"angle":22.5,"axis":"y","origin":[7.716882,7.428571,7.3858194]},"faces":{"east":{"uv":[12.75,0.75,12.25,1.25],"rotation":0,"texture":"#0","tintindex":0},"south":{"uv":[12.25,9.5,12.25,10.0],"rotation":0,"texture":"#0","tintindex":0},"north":{"uv":[12.25,8.75,12.25,9.25],"rotation":0,"texture":"#0","tintindex":0},"west":{"uv":[12.25,0.75,12.75,1.25],"rotation":0,"texture":"#0","tintindex":0},"up":{"uv":[10.25,12.75,10.25,12.25],"rotation":0,"texture":"#0","tintindex":0},"down":{"uv":[10.5,12.25,10.5,12.75],"rotation":0,"texture":"#0","tintindex":0}}},{"from":[8.859739,6.857143,4.8143907],"to":[8.859739,8.0,5.9572477],"rotation":{"angle":22.5,"axis":"y","origin":[7.716882,7.428571,7.3858194]},"faces":{"east":{"uv":[5.5,11.75,6.0,12.25],"rotation":0,"texture":"#0","tintindex":0},"south":{"uv":[7.25,12.25,7.25,12.75],"rotation":0,"texture":"#0","tintindex":0},"north":{"uv":[7.0,12.25,7.0,12.75],"rotation":0,"texture":"#0","tintindex":0},"west":{"uv":[6.0,11.75,5.5,12.25],"rotation":0,"texture":"#0","tintindex":0},"up":{"uv":[7.5,12.75,7.5,12.25],"rotation":0,"texture":"#0","tintindex":0},"down":{"uv":[7.75,12.25,7.75,12.75],"rotation":0,"texture":"#0","tintindex":0}}}],"display":{"head":{"translation":[0.0,-6.4,0.0],"scale":[4.0,4.0,4.0]}}}