{"textures":{"0":"modelengine:entity/mutant_flower"},"elements":[{"from":[4.620032,8.124004,-3.3576221],"to":[11.379969,27.277157,2.2756586],"rotation":{"angle":-22.5,"axis":"x","origin":[8.0,31.475992,7.6919384]},"faces":{"east":{"uv":[4.5625,9.625,4.875,10.6875],"rotation":0,"texture":"#0","tintindex":0},"south":{"uv":[1.5625,8.75,1.9375,9.8125],"rotation":0,"texture":"#0","tintindex":0},"north":{"uv":[5.1875,8.625,5.5625,9.6875],"rotation":0,"texture":"#0","tintindex":0},"west":{"uv":[8.6875,9.625,9.0,10.6875],"rotation":0,"texture":"#0","tintindex":0},"up":{"uv":[11.4375,1.3125,11.0625,1.0],"rotation":0,"texture":"#0","tintindex":0},"down":{"uv":[11.4375,5.875,11.0625,6.1875],"rotation":0,"texture":"#0","tintindex":0}}},{"from":[3.4933758,8.124004,-4.4842777],"to":[12.506624,25.023846,3.4023147],"rotation":{"angle":-22.5,"axis":"x","origin":[8.0,31.475992,7.6919384]},"faces":{"east":{"uv":[0.5625,8.0625,1.0,9.0],"rotation":0,"texture":"#0","tintindex":0},"south":{"uv":[0.0,8.0625,0.5,9.0],"rotation":0,"texture":"#0","tintindex":0},"north":{"uv":[4.125,7.875,4.625,8.8125],"rotation":0,"texture":"#0","tintindex":0},"west":{"uv":[8.5625,2.5625,9.0,3.5],"rotation":0,"texture":"#0","tintindex":0},"up":{"uv":[6.125,8.1875,5.625,7.75],"rotation":0,"texture":"#0","tintindex":0},"down":{"uv":[10.5625,0.0,10.0625,0.4375],"rotation":0,"texture":"#0","tintindex":0}}}],"display":{"head":{"translation":[0.0,-6.4,0.0],"scale":[4.0,4.0,4.0]}}}