{"textures":{"0":"modelengine:entity/nocsy_sewer_mosquito"},"elements":[{"from":[6.285714,6.390301,4.8045664],"to":[9.714286,9.818872,8.233138],"rotation":{"angle":0.0,"axis":"y","origin":[9.142858,-0.4668417,8.233138]},"faces":{"east":{"uv":[5.375,8.0,6.125,8.75],"rotation":0,"texture":"#0","tintindex":0},"south":{"uv":[8.125,1.75,8.875,2.5],"rotation":0,"texture":"#0","tintindex":0},"north":{"uv":[6.75,4.625,7.5,5.375],"rotation":0,"texture":"#0","tintindex":0},"west":{"uv":[6.25,8.125,7.0,8.875],"rotation":0,"texture":"#0","tintindex":0},"up":{"uv":[8.875,7.125,8.125,6.375],"rotation":0,"texture":"#0","tintindex":0},"down":{"uv":[8.875,7.25,8.125,8.0],"rotation":0,"texture":"#0","tintindex":0}}},{"from":[5.8285713,7.6474442,4.575995],"to":[7.542857,9.36173,6.2902803],"rotation":{"angle":22.5,"axis":"y","origin":[6.6857142,8.904587,5.3759947]},"faces":{"east":{"uv":[8.375,3.125,8.75,3.5],"rotation":0,"texture":"#0","tintindex":0},"south":{"uv":[8.375,3.625,8.75,4.0],"rotation":0,"texture":"#0","tintindex":0},"north":{"uv":[8.375,2.625,8.75,3.0],"rotation":0,"texture":"#0","tintindex":0},"west":{"uv":[8.375,4.125,8.75,4.5],"rotation":0,"texture":"#0","tintindex":0},"up":{"uv":[0.375,9.125,0.0,8.75],"rotation":0,"texture":"#0","tintindex":0},"down":{"uv":[0.875,8.75,0.5,9.125],"rotation":0,"texture":"#0","tintindex":0}}},{"from":[8.457143,7.6474442,4.575995],"to":[10.171429,9.36173,6.2902803],"rotation":{"angle":-22.5,"axis":"y","origin":[9.314285,8.904587,5.3759947]},"faces":{"east":{"uv":[8.75,4.125,8.375,4.5],"rotation":0,"texture":"#0","tintindex":0},"south":{"uv":[8.75,3.625,8.375,4.0],"rotation":0,"texture":"#0","tintindex":0},"north":{"uv":[8.75,2.625,8.375,3.0],"rotation":0,"texture":"#0","tintindex":0},"west":{"uv":[8.75,3.125,8.375,3.5],"rotation":0,"texture":"#0","tintindex":0},"up":{"uv":[0.0,9.125,0.375,8.75],"rotation":0,"texture":"#0","tintindex":0},"down":{"uv":[0.5,8.75,0.875,9.125],"rotation":0,"texture":"#0","tintindex":0}}},{"from":[8.0,2.9617295,-2.052577],"to":[8.0,7.5331583,5.3759947],"rotation":{"angle":-22.5,"axis":"x","origin":[8.0,8.104587,1.9474235]},"faces":{"east":{"uv":[3.375,4.5,1.75,5.5],"rotation":0,"texture":"#0","tintindex":0},"south":{"uv":[5.5,8.875,5.5,9.875],"rotation":0,"texture":"#0","tintindex":0},"north":{"uv":[5.375,8.875,5.375,9.875],"rotation":0,"texture":"#0","tintindex":0},"west":{"uv":[1.75,4.5,3.375,5.5],"rotation":0,"texture":"#0","tintindex":0},"up":{"uv":[5.625,10.5,5.625,8.875],"rotation":0,"texture":"#0","tintindex":0},"down":{"uv":[5.75,8.875,5.75,10.5],"rotation":0,"texture":"#0","tintindex":0}}}],"display":{"head":{"translation":[0.0,-6.4,0.0],"scale":[4.0,4.0,4.0]}}}