{"textures":{"0":"modelengine:entity/mutant_flower"},"elements":[{"from":[5.746688,5.9234867,9.504842],"to":[10.253312,25.076641,14.011466],"rotation":{"angle":22.5,"axis":"x","origin":[8.0,16.738895,13.835457]},"faces":{"east":{"uv":[1.5625,9.875,1.8125,10.9375],"rotation":0,"texture":"#0","tintindex":0},"south":{"uv":[9.0625,9.9375,9.3125,11.0],"rotation":0,"texture":"#0","tintindex":0},"north":{"uv":[1.25,9.75,1.5,10.8125],"rotation":0,"texture":"#0","tintindex":0},"west":{"uv":[9.375,9.9375,9.625,11.0],"rotation":0,"texture":"#0","tintindex":0},"up":{"uv":[10.4375,7.3125,10.1875,7.0625],"rotation":0,"texture":"#0","tintindex":0},"down":{"uv":[11.4375,11.125,11.1875,11.375],"rotation":0,"texture":"#0","tintindex":0}}},{"from":[8.0,5.9234867,14.011466],"to":[8.0,25.076641,20.771402],"rotation":{"angle":22.5,"axis":"x","origin":[8.0,16.738895,13.835457]},"faces":{"east":{"uv":[4.125,8.875,4.5,9.9375],"rotation":0,"texture":"#0","tintindex":0},"south":{"uv":[5.25,10.875,5.25,11.9375],"rotation":0,"texture":"#0","tintindex":0},"north":{"uv":[5.1875,10.875,5.1875,11.9375],"rotation":0,"texture":"#0","tintindex":0},"west":{"uv":[5.625,8.875,6.0,9.9375],"rotation":0,"texture":"#0","tintindex":0},"up":{"uv":[3.6875,4.75,3.6875,4.375],"rotation":0,"texture":"#0","tintindex":0},"down":{"uv":[3.75,4.375,3.75,4.75],"rotation":0,"texture":"#0","tintindex":0}}}],"display":{"head":{"translation":[0.0,-6.4,0.0],"scale":[4.0,4.0,4.0]}}}