{"textures":{"0":"modelengine:entity/nocsy_skeleton_archer_end"},"elements":[{"from":[7.164423,6.9591026,3.9206357],"to":[8.835577,7.493343,6.760247],"rotation":{"angle":0.0,"axis":"y","origin":[8.622972,8.153073,5.829938]},"faces":{"east":{"uv":[6.0,3.75,6.625,3.875],"rotation":0,"texture":"#0","tintindex":0},"south":{"uv":[5.5,2.375,5.875,2.5],"rotation":0,"texture":"#0","tintindex":0},"north":{"uv":[4.875,2.5,5.25,2.625],"rotation":0,"texture":"#0","tintindex":0},"west":{"uv":[6.125,1.125,6.75,1.25],"rotation":0,"texture":"#0","tintindex":0},"up":{"uv":[4.125,2.5,3.75,1.875],"rotation":0,"texture":"#0","tintindex":0},"down":{"uv":[4.125,2.5,3.75,3.125],"rotation":0,"texture":"#0","tintindex":0}}},{"from":[6.192994,6.9591026,6.0920644],"to":[9.807006,8.2362,6.760247],"rotation":{"angle":0.0,"axis":"y","origin":[8.337257,8.153073,5.829938]},"faces":{"east":{"uv":[1.0,7.25,1.125,7.5625],"rotation":0,"texture":"#0","tintindex":0},"south":{"uv":[3.75,0.75,4.5625,1.0625],"rotation":0,"texture":"#0","tintindex":0},"north":{"uv":[3.75,0.375,4.5625,0.6875],"rotation":0,"texture":"#0","tintindex":0},"west":{"uv":[7.25,1.0,7.375,1.3125],"rotation":0,"texture":"#0","tintindex":0},"up":{"uv":[6.4375,4.0,5.625,3.875],"rotation":0,"texture":"#0","tintindex":0},"down":{"uv":[6.5625,1.5,5.75,1.625],"rotation":0,"texture":"#0","tintindex":0}}},{"from":[7.164423,7.5042458,3.9206357],"to":[8.835577,7.8204284,4.2289324],"rotation":{"angle":0.0,"axis":"y","origin":[8.622972,8.153073,5.829938]},"faces":{"east":{"uv":[0.75,8.75,0.8125,8.8125],"rotation":0,"texture":"#0","tintindex":0},"south":{"uv":[8.0,2.75,8.375,2.8125],"rotation":0,"texture":"#0","tintindex":0},"north":{"uv":[8.0,2.625,8.375,2.6875],"rotation":0,"texture":"#0","tintindex":0},"west":{"uv":[8.75,0.75,8.8125,0.8125],"rotation":0,"texture":"#0","tintindex":0},"up":{"uv":[8.375,2.9375,8.0,2.875],"rotation":0,"texture":"#0","tintindex":0},"down":{"uv":[8.375,3.0,8.0,3.0625],"rotation":0,"texture":"#0","tintindex":0}}},{"from":[8.338639,6.9536514,4.000524],"to":[9.428925,7.498794,6.7446384],"rotation":{"angle":22.5,"axis":"y","origin":[9.020067,7.430651,5.449924]},"faces":{"east":{"uv":[6.25,0.75,6.875,0.875],"rotation":0,"texture":"#0","tintindex":0},"south":{"uv":[7.75,6.625,8.0,6.75],"rotation":0,"texture":"#0","tintindex":0},"north":{"uv":[6.625,7.75,6.875,7.875],"rotation":0,"texture":"#0","tintindex":0},"west":{"uv":[6.25,0.875,6.875,1.0],"rotation":0,"texture":"#0","tintindex":0},"up":{"uv":[0.75,5.5,0.5,4.875],"rotation":0,"texture":"#0","tintindex":0},"down":{"uv":[1.0,4.875,0.75,5.5],"rotation":0,"texture":"#0","tintindex":0}}},{"from":[8.87833,7.4388285,3.9950724],"to":[9.434376,7.8313313,6.2594614],"rotation":{"angle":22.5,"axis":"y","origin":[9.020067,7.430651,5.449924]},"faces":{"east":{"uv":[7.75,6.75,8.25,6.8125],"rotation":0,"texture":"#0","tintindex":0},"south":{"uv":[8.625,0.25,8.75,0.3125],"rotation":0,"texture":"#0","tintindex":0},"north":{"uv":[0.25,8.625,0.375,8.6875],"rotation":0,"texture":"#0","tintindex":0},"west":{"uv":[6.875,7.75,7.375,7.8125],"rotation":0,"texture":"#0","tintindex":0},"up":{"uv":[6.875,3.0,6.75,2.5],"rotation":0,"texture":"#0","tintindex":0},"down":{"uv":[6.875,4.375,6.75,4.875],"rotation":0,"texture":"#0","tintindex":0}}},{"from":[6.571075,6.9536514,4.000524],"to":[7.6613607,7.498794,6.7446384],"rotation":{"angle":-22.5,"axis":"y","origin":[6.9799323,7.430651,5.449924]},"faces":{"east":{"uv":[6.25,1.875,6.875,2.0],"rotation":0,"texture":"#0","tintindex":0},"south":{"uv":[7.75,7.0,8.0,7.125],"rotation":0,"texture":"#0","tintindex":0},"north":{"uv":[7.75,6.875,8.0,7.0],"rotation":0,"texture":"#0","tintindex":0},"west":{"uv":[6.375,1.25,7.0,1.375],"rotation":0,"texture":"#0","tintindex":0},"up":{"uv":[1.875,5.5,1.625,4.875],"rotation":0,"texture":"#0","tintindex":0},"down":{"uv":[3.25,4.875,3.0,5.5],"rotation":0,"texture":"#0","tintindex":0}}},{"from":[6.5656238,7.4388285,3.9950724],"to":[7.1216693,7.8313313,6.2594614],"rotation":{"angle":-22.5,"axis":"y","origin":[6.9799323,7.430651,5.449924]},"faces":{"east":{"uv":[7.375,7.75,7.875,7.8125],"rotation":0,"texture":"#0","tintindex":0},"south":{"uv":[8.625,0.375,8.75,0.4375],"rotation":0,"texture":"#0","tintindex":0},"north":{"uv":[0.375,8.625,0.5,8.6875],"rotation":0,"texture":"#0","tintindex":0},"west":{"uv":[7.75,7.5,8.25,7.5625],"rotation":0,"texture":"#0","tintindex":0},"up":{"uv":[6.875,5.625,6.75,5.125],"rotation":0,"texture":"#0","tintindex":0},"down":{"uv":[6.875,5.625,6.75,6.125],"rotation":0,"texture":"#0","tintindex":0}}}],"display":{"head":{"translation":[0.0,-6.4,0.0],"scale":[4.0,4.0,4.0]}}}