{"textures":{"0":"modelengine:entity/mutant_flower"},"elements":[{"from":[-3.2665606,1.2054472,-4.121375],"to":[19.26656,1.2054472,7.5870047],"rotation":{"angle":22.5,"axis":"x","origin":[8.0,3.5884347,25.509083]},"faces":{"east":{"uv":[11.3125,8.125,12.4375,8.125],"rotation":0,"texture":"#0","tintindex":0},"south":{"uv":[11.3125,8.1875,12.5625,8.1875],"rotation":0,"texture":"#0","tintindex":0},"north":{"uv":[11.3125,8.0625,12.5625,8.0625],"rotation":0,"texture":"#0","tintindex":0},"west":{"uv":[9.5,11.3125,10.625,11.3125],"rotation":0,"texture":"#0","tintindex":0},"up":{"uv":[5.0625,4.9375,3.8125,4.3125],"rotation":0,"texture":"#0","tintindex":0},"down":{"uv":[5.0625,4.3125,3.8125,4.9375],"rotation":0,"texture":"#0","tintindex":0}}}],"display":{"head":{"translation":[0.0,-6.4,0.0],"scale":[4.0,4.0,4.0]}}}