{"textures":{"0":"modelengine:entity/mutant_flower"},"elements":[{"from":[-1.018939,8.024361,-1.0104027],"to":[17.007557,22.670889,17.016094],"rotation":{"angle":-45.0,"axis":"y","origin":[7.9943094,7.126045,8.002845]},"faces":{"east":{"uv":[6.375,4.75,7.375,5.5625],"rotation":0,"texture":"#0","tintindex":0},"south":{"uv":[4.0625,6.1875,5.0625,7.0],"rotation":0,"texture":"#0","tintindex":0},"north":{"uv":[4.0625,6.1875,5.0625,7.0],"rotation":0,"texture":"#0","tintindex":0},"west":{"uv":[6.375,4.75,7.375,5.5625],"rotation":0,"texture":"#0","tintindex":0},"up":{"uv":[3.625,4.9375,2.625,3.9375],"rotation":0,"texture":"#0","tintindex":0},"down":{"uv":[6.25,5.875,5.25,6.875],"rotation":0,"texture":"#0","tintindex":0}}},{"from":[0.107717514,8.024361,0.1162529],"to":[15.880901,22.670889,15.889437],"rotation":{"angle":-45.0,"axis":"y","origin":[7.9943094,7.126045,8.002845]},"faces":{"east":{"uv":[7.75,5.125,8.625,5.9375],"rotation":0,"texture":"#0","tintindex":0},"south":{"uv":[1.0625,7.875,1.9375,8.6875],"rotation":0,"texture":"#0","tintindex":0},"north":{"uv":[4.6875,7.75,5.5625,8.5625],"rotation":0,"texture":"#0","tintindex":0},"west":{"uv":[3.1875,7.875,4.0625,8.6875],"rotation":0,"texture":"#0","tintindex":0},"up":{"uv":[7.3125,2.5,6.4375,1.625],"rotation":0,"texture":"#0","tintindex":0},"down":{"uv":[7.3125,2.5625,6.4375,3.4375],"rotation":0,"texture":"#0","tintindex":0}}},{"from":[-0.93443966,12.530985,-1.0385695],"to":[16.951225,27.177513,16.95976],"rotation":{"angle":-45.0,"axis":"y","origin":[7.9943094,7.126045,8.002845]},"faces":{"east":{"uv":[6.375,4.75,7.375,5.5625],"rotation":0,"texture":"#0","tintindex":0},"south":{"uv":[4.0625,6.1875,5.0625,7.0],"rotation":0,"texture":"#0","tintindex":0},"north":{"uv":[4.0625,6.1875,5.0625,7.0],"rotation":0,"texture":"#0","tintindex":0},"west":{"uv":[6.375,4.75,7.375,5.5625],"rotation":0,"texture":"#0","tintindex":0},"up":{"uv":[3.625,4.9375,2.625,3.9375],"rotation":0,"texture":"#0","tintindex":0},"down":{"uv":[6.25,5.875,5.25,6.875],"rotation":0,"texture":"#0","tintindex":0}}}],"display":{"head":{"translation":[0.0,-6.4,0.0],"scale":[4.0,4.0,4.0]}}}