{"textures":{"0":"modelengine:entity/mutant_flower"},"elements":[{"from":[-1.5780516,5.0320234,-1.0542393],"to":[17.5751,9.538648,18.098915],"rotation":{"angle":0.0,"axis":"y","origin":[7.9985247,25.56834,7.9590096]},"faces":{"east":{"uv":[9.9375,6.25,11.0,6.5],"rotation":0,"texture":"#0","tintindex":0},"south":{"uv":[5.3125,10.0,6.375,10.25],"rotation":0,"texture":"#0","tintindex":0},"north":{"uv":[9.9375,5.9375,11.0,6.1875],"rotation":0,"texture":"#0","tintindex":0},"west":{"uv":[6.4375,10.0,7.5,10.25],"rotation":0,"texture":"#0","tintindex":0},"up":{"uv":[6.3125,2.1875,5.25,1.125],"rotation":0,"texture":"#0","tintindex":0},"down":{"uv":[6.3125,4.75,5.25,5.8125],"rotation":0,"texture":"#0","tintindex":0}}},{"from":[-4.3946924,8.411992,-4.434207],"to":[20.391743,20.805208,20.352226],"rotation":{"angle":0.0,"axis":"y","origin":[7.9985247,25.56834,7.9590096]},"faces":{"east":{"uv":[1.125,6.3125,2.5,7.0],"rotation":0,"texture":"#0","tintindex":0},"south":{"uv":[6.3125,5.875,7.6875,6.5625],"rotation":0,"texture":"#0","tintindex":0},"north":{"uv":[2.625,6.1875,4.0,6.875],"rotation":0,"texture":"#0","tintindex":0},"west":{"uv":[6.375,0.0,7.75,0.6875],"rotation":0,"texture":"#0","tintindex":0},"up":{"uv":[1.375,1.375,0.0,0.0],"rotation":0,"texture":"#0","tintindex":0},"down":{"uv":[1.375,1.4375,0.0,2.8125],"rotation":0,"texture":"#0","tintindex":0}}},{"from":[-3.268035,9.538648,-3.3075514],"to":[19.265085,19.678553,19.22557],"rotation":{"angle":0.0,"axis":"y","origin":[7.9985247,25.56834,7.9590096]},"faces":{"east":{"uv":[7.8125,0.0,9.0625,0.5625],"rotation":0,"texture":"#0","tintindex":0},"south":{"uv":[5.625,8.25,6.875,8.8125],"rotation":0,"texture":"#0","tintindex":0},"north":{"uv":[7.75,6.0,9.0,6.5625],"rotation":0,"texture":"#0","tintindex":0},"west":{"uv":[6.9375,8.25,8.1875,8.8125],"rotation":0,"texture":"#0","tintindex":0},"up":{"uv":[2.6875,1.25,1.4375,0.0],"rotation":0,"texture":"#0","tintindex":0},"down":{"uv":[2.6875,1.3125,1.4375,2.5625],"rotation":0,"texture":"#0","tintindex":0}}}],"display":{"head":{"translation":[0.0,-6.4,0.0],"scale":[4.0,4.0,4.0]}}}