{
	"credit": "Made with Blockbench",
	"texture_size": [64, 64],
	"textures": {
		"0": "item/bowlergrey",
		"particle": "item/bowlergrey"
	},
	"elements": [
		{
			"from": [4, 9, 4],
			"to": [12, 12, 12],
			"rotation": {"angle": 0, "axis": "y", "origin": [8, 11.5, 8]},
			"faces": {
				"north": {"uv": [4, 4, 6, 4.75], "texture": "#0"},
				"east": {"uv": [0, 4.75, 2, 5.5], "texture": "#0"},
				"south": {"uv": [2, 4.75, 4, 5.5], "texture": "#0"},
				"west": {"uv": [4, 4.75, 6, 5.5], "texture": "#0"},
				"up": {"uv": [2, 4.75, 0, 2.75], "texture": "#0"},
				"down": {"uv": [4, 2.75, 2, 4.75], "texture": "#0"}
			}
		},
		{
			"from": [3.95, 9, 3.95],
			"to": [12.05, 10, 12.05],
			"rotation": {"angle": 0, "axis": "y", "origin": [8, 11.5, 8]},
			"faces": {
				"north": {"uv": [0.25, 6, 2.25, 6.25], "texture": "#0"},
				"east": {"uv": [6, 2.5, 8, 2.75], "texture": "#0"},
				"south": {"uv": [6, 2.75, 8, 3], "texture": "#0"},
				"west": {"uv": [3, 6, 5, 6.25], "texture": "#0"},
				"up": {"uv": [6, 2, 4, 0], "texture": "#0"},
				"down": {"uv": [6, 2, 4, 4], "texture": "#0"}
			}
		},
		{
			"from": [4, 8, 2.5],
			"to": [12, 9, 13.5],
			"rotation": {"angle": 0, "axis": "y", "origin": [5.5, 9.5, 8]},
			"faces": {
				"north": {"uv": [6, 3, 8, 3.25], "texture": "#0"},
				"east": {"uv": [0, 5.5, 2.75, 5.75], "texture": "#0"},
				"south": {"uv": [6, 3.25, 8, 3.5], "texture": "#0"},
				"west": {"uv": [2.75, 5.5, 5.5, 5.75], "texture": "#0"},
				"up": {"uv": [2, 2.75, 0, 0], "texture": "#0"},
				"down": {"uv": [4, 0, 2, 2.75], "texture": "#0"}
			}
		},
		{
			"from": [3.2294, 8.15328, 3],
			"to": [4.2294, 9.15328, 13],
			"rotation": {"angle": -22.5, "axis": "z", "origin": [3.7294, 8.65328, 8]},
			"faces": {
				"north": {"uv": [2.25, 6, 2.5, 6.25], "texture": "#0"},
				"east": {"uv": [5.5, 5.5, 8, 5.75], "texture": "#0"},
				"south": {"uv": [6, 3.5, 6.25, 3.75], "texture": "#0"},
				"west": {"uv": [0, 5.75, 2.5, 6], "texture": "#0"},
				"up": {"uv": [2.75, 8.25, 2.5, 5.75], "texture": "#0"},
				"down": {"uv": [3, 5.75, 2.75, 8.25], "texture": "#0"}
			}
		},
		{
			"from": [11.7706, 8.15328, 3],
			"to": [12.7706, 9.15328, 13],
			"rotation": {"angle": 22.5, "axis": "z", "origin": [12.2706, 8.65328, 8]},
			"faces": {
				"north": {"uv": [6, 3.75, 6.25, 4], "texture": "#0"},
				"east": {"uv": [3, 5.75, 5.5, 6], "texture": "#0"},
				"south": {"uv": [6, 4, 6.25, 4.25], "texture": "#0"},
				"west": {"uv": [5.5, 5.75, 8, 6], "texture": "#0"},
				"up": {"uv": [0.25, 8.5, 0, 6], "texture": "#0"},
				"down": {"uv": [6.25, 0, 6, 2.5], "texture": "#0"}
			}
		}
	],
	"gui_light": "front",
	"display": {
		"thirdperson_righthand": {
			"rotation": [0, 0, -90],
			"translation": [-1.25, -2, -3.25],
			"scale": [0.75, 0.75, 0.75]
		},
		"thirdperson_lefthand": {
			"rotation": [0, 0, -90],
			"translation": [-1.25, -2, -3.25],
			"scale": [0.75, 0.75, 0.75]
		},
		"firstperson_righthand": {
			"rotation": [-5, -65, 13],
			"translation": [0.5, 0, -0.5],
			"scale": [0.75, 0.75, 0.75]
		},
		"firstperson_lefthand": {
			"rotation": [-5, -65, 13],
			"translation": [0.5, 0, -0.5],
			"scale": [0.75, 0.75, 0.75]
		},
		"ground": {
			"scale": [0.75, 0.75, 0.75]
		},
		"gui": {
			"rotation": [15, -27, 0],
			"translation": [0, -2, 0],
			"scale": [1.15, 1.15, 1.15]
		},
		"head": {
			"translation": [0, 2.5, 0],
			"scale": [1.78, 1.78, 1.78]
		},
		"fixed": {
			"rotation": [-90, 0, 0],
			"translation": [0, 0, 0.5],
			"scale": [1.65, 1.65, 1.65]
		}
	},
	"groups": [
		{
			"name": "group",
			"origin": [12.2706, 8.65328, 8],
			"color": 0,
			"children": [0, 1, 2, 3, 4]
		}
	]
}