{
	"credit": "Made by Elo106",
	"texture_size": [32, 32],
	"textures": {
		"7": "item/vs_staff_aquatic",
		"particle": "item/vs_staff_aquatic"
	},
	"elements": [
		{
			"from": [7, -8.5, 6],
			"to": [9, 18.5, 8],
			"rotation": {"angle": 0, "axis": "y", "origin": [8, 3.5, 7]},
			"faces": {
				"north": {"uv": [1, 0, 2, 13.5], "texture": "#7"},
				"east": {"uv": [2, 0, 3, 13.5], "texture": "#7"},
				"south": {"uv": [3, 0, 4, 13.5], "texture": "#7"},
				"west": {"uv": [0, 0, 1, 13.5], "texture": "#7"},
				"up": {"uv": [12, 3.5, 11, 2.5], "rotation": 270, "texture": "#7"},
				"down": {"uv": [12, 3.5, 11, 4.5], "rotation": 90, "texture": "#7"}
			}
		},
		{
			"from": [7.001, -11.96408, 6.69025],
			"to": [8.999, -7.96608, 8.68825],
			"rotation": {"angle": -22.5, "axis": "x", "origin": [8, -9.96508, 7.68925]},
			"faces": {
				"north": {"uv": [9.5, 9.5, 10.5, 11.5], "texture": "#7"},
				"east": {"uv": [4, 10, 5, 12], "texture": "#7"},
				"south": {"uv": [5, 10, 6, 12], "texture": "#7"},
				"west": {"uv": [8.5, 9.5, 9.5, 11.5], "texture": "#7"},
				"up": {"uv": [8, 12, 7, 11], "rotation": 270, "texture": "#7"},
				"down": {"uv": [12, 9, 11, 10], "rotation": 90, "texture": "#7"}
			}
		},
		{
			"from": [5.499, 19.499, 6.499],
			"to": [10.501, 24.501, 7.501],
			"rotation": {"angle": 45, "axis": "z", "origin": [8, 22, 7]},
			"faces": {
				"north": {"uv": [4, 0, 6.5, 2.5], "texture": "#7"},
				"east": {"uv": [10.5, 9, 11, 11.5], "texture": "#7"},
				"south": {"uv": [4, 2.5, 6.5, 5], "texture": "#7"},
				"west": {"uv": [11, 0, 11.5, 2.5], "texture": "#7"},
				"up": {"uv": [13, 7.5, 10.5, 7], "texture": "#7"},
				"down": {"uv": [13, 7.5, 10.5, 8], "texture": "#7"}
			}
		},
		{
			"from": [3.75736, 17.5, 6.5],
			"to": [5.75736, 19.5, 7.5],
			"rotation": {"angle": 45, "axis": "z", "origin": [3.75736, 19.5, 5.5]},
			"faces": {
				"north": {"uv": [11, 10, 12, 11], "texture": "#7"},
				"east": {"uv": [12.5, 5.5, 13, 6.5], "texture": "#7"},
				"south": {"uv": [11, 11, 12, 12], "texture": "#7"},
				"west": {"uv": [6, 12.5, 6.5, 13.5], "texture": "#7"},
				"up": {"uv": [10.5, 5, 9.5, 4.5], "texture": "#7"},
				"down": {"uv": [13.5, 4.5, 12.5, 5], "texture": "#7"}
			}
		},
		{
			"from": [2.75736, 16.5, 6.5],
			"to": [3.75736, 18.5, 7.5],
			"rotation": {"angle": 45, "axis": "z", "origin": [3.75736, 19.5, 5.5]},
			"faces": {
				"north": {"uv": [6.5, 12.5, 7, 13.5], "texture": "#7"},
				"east": {"uv": [8, 12.5, 8.5, 13.5], "texture": "#7"},
				"south": {"uv": [12.5, 8, 13, 9], "texture": "#7"},
				"west": {"uv": [8.5, 12.5, 9, 13.5], "texture": "#7"},
				"up": {"uv": [10.5, 9.5, 10, 9], "texture": "#7"},
				"down": {"uv": [8.5, 11, 8, 11.5], "texture": "#7"}
			}
		},
		{
			"from": [10.24264, 17.5, 6.5],
			"to": [12.24264, 19.5, 7.5],
			"rotation": {"angle": -45, "axis": "z", "origin": [12.24264, 19.5, 5.5]},
			"faces": {
				"north": {"uv": [11.5, 0, 12.5, 1], "texture": "#7"},
				"east": {"uv": [9, 12.5, 9.5, 13.5], "texture": "#7"},
				"south": {"uv": [11.5, 1, 12.5, 2], "texture": "#7"},
				"west": {"uv": [12.5, 9, 13, 10], "texture": "#7"},
				"up": {"uv": [10.5, 13, 9.5, 12.5], "texture": "#7"},
				"down": {"uv": [13.5, 10, 12.5, 10.5], "texture": "#7"}
			}
		},
		{
			"from": [12.24264, 16.5, 6.5],
			"to": [13.24264, 18.5, 7.5],
			"rotation": {"angle": -45, "axis": "z", "origin": [12.24264, 19.5, 5.5]},
			"faces": {
				"north": {"uv": [10.5, 12.5, 11, 13.5], "texture": "#7"},
				"east": {"uv": [12.5, 10.5, 13, 11.5], "texture": "#7"},
				"south": {"uv": [12, 12.5, 12.5, 13.5], "texture": "#7"},
				"west": {"uv": [12.5, 12.5, 13, 13.5], "texture": "#7"},
				"up": {"uv": [12, 2.5, 11.5, 2], "texture": "#7"},
				"down": {"uv": [13.5, 6, 13, 6.5], "texture": "#7"}
			}
		},
		{
			"from": [5.6095, 21.81802, 6.499],
			"to": [6.6095, 24.81802, 7.499],
			"rotation": {"angle": 45, "axis": "z", "origin": [4.1095, 18.81802, 6.999]},
			"faces": {
				"north": {"uv": [12, 2, 12.5, 3.5], "texture": "#7"},
				"east": {"uv": [12, 3.5, 12.5, 5], "texture": "#7"},
				"south": {"uv": [4, 12, 4.5, 13.5], "texture": "#7"},
				"west": {"uv": [4.5, 12, 5, 13.5], "texture": "#7"},
				"up": {"uv": [13.5, 7, 13, 6.5], "texture": "#7"},
				"down": {"uv": [13.5, 7, 13, 7.5], "texture": "#7"}
			}
		},
		{
			"from": [4.6095, 23.81802, 6.499],
			"to": [5.6095, 24.81802, 7.499],
			"rotation": {"angle": 45, "axis": "z", "origin": [4.1095, 18.81802, 6.999]},
			"faces": {
				"north": {"uv": [13, 7.5, 13.5, 8], "texture": "#7"},
				"east": {"uv": [13, 8, 13.5, 8.5], "texture": "#7"},
				"south": {"uv": [13, 8.5, 13.5, 9], "texture": "#7"},
				"west": {"uv": [13, 9, 13.5, 9.5], "texture": "#7"},
				"up": {"uv": [10, 13.5, 9.5, 13], "texture": "#7"},
				"down": {"uv": [13.5, 9.5, 13, 10], "texture": "#7"}
			}
		},
		{
			"from": [8.6095, 23.81802, 6.499],
			"to": [10.6095, 24.81802, 7.499],
			"rotation": {"angle": 45, "axis": "z", "origin": [4.1095, 18.81802, 6.999]},
			"faces": {
				"north": {"uv": [12.5, 11.5, 13.5, 12], "texture": "#7"},
				"east": {"uv": [10, 13, 10.5, 13.5], "texture": "#7"},
				"south": {"uv": [13, 0.5, 14, 1], "texture": "#7"},
				"west": {"uv": [13, 10.5, 13.5, 11], "texture": "#7"},
				"up": {"uv": [14, 1.5, 13, 1], "texture": "#7"},
				"down": {"uv": [14, 1.5, 13, 2], "texture": "#7"}
			}
		},
		{
			"from": [5.3905, 23.81802, 6.499],
			"to": [7.3905, 24.81802, 7.499],
			"rotation": {"angle": -45, "axis": "z", "origin": [11.8905, 18.81802, 6.999]},
			"faces": {
				"north": {"uv": [13, 2, 14, 2.5], "texture": "#7"},
				"east": {"uv": [13, 11, 13.5, 11.5], "texture": "#7"},
				"south": {"uv": [13, 2.5, 14, 3], "texture": "#7"},
				"west": {"uv": [13, 12.5, 13.5, 13], "texture": "#7"},
				"up": {"uv": [14, 3.5, 13, 3], "texture": "#7"},
				"down": {"uv": [14, 5.5, 13, 6], "texture": "#7"}
			}
		},
		{
			"from": [10.3905, 23.81802, 6.499],
			"to": [11.3905, 24.81802, 7.499],
			"rotation": {"angle": -45, "axis": "z", "origin": [11.8905, 18.81802, 6.999]},
			"faces": {
				"north": {"uv": [13, 13, 13.5, 13.5], "texture": "#7"},
				"east": {"uv": [0, 13.5, 0.5, 14], "texture": "#7"},
				"south": {"uv": [0.5, 13.5, 1, 14], "texture": "#7"},
				"west": {"uv": [1, 13.5, 1.5, 14], "texture": "#7"},
				"up": {"uv": [2, 14, 1.5, 13.5], "texture": "#7"},
				"down": {"uv": [2.5, 13.5, 2, 14], "texture": "#7"}
			}
		},
		{
			"from": [9.3905, 21.81802, 6.499],
			"to": [10.3905, 24.81802, 7.499],
			"rotation": {"angle": -45, "axis": "z", "origin": [11.8905, 18.81802, 6.999]},
			"faces": {
				"north": {"uv": [5, 12, 5.5, 13.5], "texture": "#7"},
				"east": {"uv": [5.5, 12, 6, 13.5], "texture": "#7"},
				"south": {"uv": [7, 12, 7.5, 13.5], "texture": "#7"},
				"west": {"uv": [7.5, 12, 8, 13.5], "texture": "#7"},
				"up": {"uv": [3, 14, 2.5, 13.5], "texture": "#7"},
				"down": {"uv": [3.5, 13.5, 3, 14], "texture": "#7"}
			}
		},
		{
			"from": [10.03695, 22.62132, 6.499],
			"to": [13.03695, 25.62132, 7.499],
			"rotation": {"angle": -45, "axis": "z", "origin": [11.53695, 24.12132, 6.999]},
			"faces": {
				"north": {"uv": [7, 8, 8.5, 9.5], "texture": "#7"},
				"east": {"uv": [12, 9, 12.5, 10.5], "texture": "#7"},
				"south": {"uv": [8.5, 8, 10, 9.5], "texture": "#7"},
				"west": {"uv": [12, 10.5, 12.5, 12], "texture": "#7"},
				"up": {"uv": [13, 7, 11.5, 6.5], "texture": "#7"},
				"down": {"uv": [13.5, 5, 12, 5.5], "texture": "#7"}
			}
		},
		{
			"from": [2.96305, 22.62132, 6.499],
			"to": [5.96305, 25.62132, 7.499],
			"rotation": {"angle": 45, "axis": "z", "origin": [4.46305, 24.12132, 6.999]},
			"faces": {
				"north": {"uv": [9, 5, 10.5, 6.5], "texture": "#7"},
				"east": {"uv": [11, 12, 11.5, 13.5], "texture": "#7"},
				"south": {"uv": [9, 6.5, 10.5, 8], "texture": "#7"},
				"west": {"uv": [11.5, 12, 12, 13.5], "texture": "#7"},
				"up": {"uv": [13.5, 12.5, 12, 12], "texture": "#7"},
				"down": {"uv": [14, 0, 12.5, 0.5], "texture": "#7"}
			}
		},
		{
			"from": [5.96447, 22.03695, 6.5],
			"to": [8.96447, 25.03695, 7.5],
			"rotation": {"angle": 45, "axis": "z", "origin": [4.46447, 25.53695, 6.999]},
			"faces": {
				"north": {"uv": [9.5, 0, 11, 1.5], "texture": "#7"},
				"east": {"uv": [12.5, 0.5, 13, 2], "texture": "#7"},
				"south": {"uv": [9.5, 1.5, 11, 3], "texture": "#7"},
				"west": {"uv": [12.5, 2, 13, 3.5], "texture": "#7"},
				"up": {"uv": [14, 4, 12.5, 3.5], "texture": "#7"},
				"down": {"uv": [14, 4, 12.5, 4.5], "texture": "#7"}
			}
		},
		{
			"from": [6.5, 18, 5.5],
			"to": [8.5, 20, 8.5],
			"rotation": {"angle": 45, "axis": "z", "origin": [8, 19.5, 7]},
			"faces": {
				"north": {"uv": [11.5, 5.5, 12.5, 6.5], "texture": "#7"},
				"east": {"uv": [10, 8, 11.5, 9], "texture": "#7"},
				"south": {"uv": [6, 11.5, 7, 12.5], "texture": "#7"},
				"west": {"uv": [10.5, 4.5, 12, 5.5], "texture": "#7"},
				"up": {"uv": [7, 11.5, 6, 10], "texture": "#7"},
				"down": {"uv": [11.5, 5.5, 10.5, 7], "texture": "#7"}
			}
		},
		{
			"from": [5, 12, 8],
			"to": [11, 14, 10],
			"rotation": {"angle": 22.5, "axis": "z", "origin": [8, 13, 7]},
			"faces": {
				"north": {"uv": [4, 5, 7, 6], "texture": "#7"},
				"east": {"uv": [8, 11.5, 9, 12.5], "texture": "#7"},
				"south": {"uv": [4, 6, 7, 7], "texture": "#7"},
				"west": {"uv": [11.5, 8, 12.5, 9], "texture": "#7"},
				"up": {"uv": [9.5, 1, 6.5, 0], "texture": "#7"},
				"down": {"uv": [9.5, 1, 6.5, 2], "texture": "#7"}
			}
		},
		{
			"from": [4, 10, 8],
			"to": [10, 12, 10],
			"rotation": {"angle": 22.5, "axis": "z", "origin": [8, 13, 7]},
			"faces": {
				"north": {"uv": [6.5, 2, 9.5, 3], "texture": "#7"},
				"east": {"uv": [9, 11.5, 10, 12.5], "texture": "#7"},
				"south": {"uv": [6.5, 3, 9.5, 4], "texture": "#7"},
				"west": {"uv": [10, 11.5, 11, 12.5], "texture": "#7"},
				"up": {"uv": [9.5, 5, 6.5, 4], "texture": "#7"},
				"down": {"uv": [7, 7, 4, 8], "texture": "#7"}
			}
		},
		{
			"from": [7, 18.5, 5],
			"to": [10, 21.5, 9],
			"rotation": {"angle": 45, "axis": "z", "origin": [8, 19.5, 7]},
			"faces": {
				"north": {"uv": [9.5, 3, 11, 4.5], "texture": "#7"},
				"east": {"uv": [7, 5, 9, 6.5], "texture": "#7"},
				"south": {"uv": [7, 9.5, 8.5, 11], "texture": "#7"},
				"west": {"uv": [7, 6.5, 9, 8], "texture": "#7"},
				"up": {"uv": [5.5, 10, 4, 8], "texture": "#7"},
				"down": {"uv": [7, 8, 5.5, 10], "texture": "#7"}
			}
		}
	],
	"gui_light": "front",
	"display": {
		"thirdperson_righthand": {
			"translation": [0, 3, 1.5]
		},
		"thirdperson_lefthand": {
			"translation": [0, 3, 1.5]
		},
		"firstperson_righthand": {
			"rotation": [-28, 18, -30],
			"translation": [1.5, 2.25, 1.5],
			"scale": [0.5, 0.5, 0.5]
		},
		"firstperson_lefthand": {
			"rotation": [-28, 18, -30],
			"translation": [1.5, 2.25, 1.5],
			"scale": [0.5, 0.5, 0.5]
		},
		"ground": {
			"rotation": [15, -8, 25],
			"scale": [0.5, 0.5, 0.5]
		},
		"gui": {
			"rotation": [0, -180, 45],
			"translation": [-0.5, -0.5, 0],
			"scale": [0.5, 0.5, 0.5]
		},
		"fixed": {
			"translation": [0, 2, -2]
		}
	},
	"groups": [
		{
			"name": "aquatic",
			"origin": [8, 22.67026, 7.25989],
			"color": 0,
			"children": [0, 1, 2, 3, 4, 5, 6, 7, 8, 9, 10, 11, 12, 13, 14, 15, 16, 17, 18, 19]
		}
	]
}