{"credit":"Made with Blockbench by yungwilder","texture_size":[32,32],"textures":{"0":"custom/yungwilder/hat_pack/kings_crown","particle":"custom/yungwilder/hat_pack/kings_crown"},"elements":[{"from":[3.5,0,3.5],"to":[12.5,2,12.5],"faces":{"north":{"uv":[8,1.5,12,2.5],"texture":"#0"},"east":{"uv":[8,2.5,12,3.5],"texture":"#0"},"south":{"uv":[8,1.5,12,2.5],"texture":"#0"},"west":{"uv":[8,2.5,12,3.5],"texture":"#0"},"up":{"uv":[4,4,0,0],"texture":"#0"},"down":{"uv":[4,4,0,8],"texture":"#0"}}},{"from":[3.75,2,3.75],"to":[12.25,7,12.25],"faces":{"north":{"uv":[4,4,8,6.5],"texture":"#0"},"east":{"uv":[4,6.5,8,9],"texture":"#0"},"south":{"uv":[4,6.5,8,9],"texture":"#0"},"west":{"uv":[4,6.5,8,9],"texture":"#0"}}},{"from":[3.725,2,3.725],"to":[12.275,7,12.275],"faces":{"north":{"uv":[0,9.5,4,12],"texture":"#0"},"east":{"uv":[4,9.5,8,12],"texture":"#0"},"south":{"uv":[0,12,4,14.5],"texture":"#0"},"west":{"uv":[4,12,8,14.5],"texture":"#0"}}},{"from":[3.75,2,12.25],"to":[12.25,7,3.75],"faces":{"north":{"uv":[8,6.5,4,9],"texture":"#0"},"east":{"uv":[8,6.5,4,9],"texture":"#0"},"south":{"uv":[8,4,4,6.5],"texture":"#0"},"west":{"uv":[8,6.5,4,9],"texture":"#0"}}},{"from":[4,2,4],"to":[12,5,12],"faces":{"north":{"uv":[0,8,4,9.5],"texture":"#0"},"east":{"uv":[8,0,12,1.5],"texture":"#0"},"south":{"uv":[0,8,4,9.5],"texture":"#0"},"west":{"uv":[8,0,12,1.5],"texture":"#0"},"up":{"uv":[8,4,4,0],"texture":"#0"}}}],"gui_light":"front","display":{"thirdperson_righthand":{"translation":[0,5.5,0],"scale":[0.7,0.7,0.7]},"thirdperson_lefthand":{"translation":[0,5.5,0],"scale":[0.7,0.7,0.7]},"firstperson_righthand":{"rotation":[0,125,0],"translation":[0,5.5,0],"scale":[0.5,0.5,0.5]},"firstperson_lefthand":{"rotation":[0,125,0],"translation":[0,5.5,0],"scale":[0.5,0.5,0.5]},"ground":{"translation":[0,2,0],"scale":[0.5,0.5,0.5]},"gui":{"rotation":[15,-135,0],"translation":[0,5,0]},"head":{"translation":[0,16,0],"scale":[1.81,1.81,1.81]},"fixed":{"translation":[0,8,0],"scale":[1.5,1.5,1.5]}}}