{"credit":"Made with Blockbench by yungwilder","textures":{"0":"custom/yungwilder/hat_pack/rgb_headset_white","1":"custom/yungwilder/hat_pack/rgb_headset_animation","particle":"custom/yungwilder/hat_pack/rgb_headset_white"},"elements":[{"from":[12,5,7],"to":[13,8,9],"rotation":{"angle":0,"axis":"y","origin":[16,0,0]},"faces":{"north":{"uv":[1,9,2,12],"texture":"#0"},"east":{"uv":[7,8,9,11],"texture":"#0"},"south":{"uv":[1,9,2,12],"texture":"#0"},"west":{"uv":[9,8,7,11],"texture":"#0"}}},{"from":[2.75,4.75,7.5],"to":[13.25,9.25,8.5],"faces":{"east":{"uv":[0,9,1,13],"texture":"#0"},"west":{"uv":[0,9,1,13],"texture":"#0"},"up":{"uv":[14,4,4,3],"texture":"#0"}}},{"from":[2.75,9.25,7.5],"to":[13.25,4.75,8.5],"faces":{"east":{"uv":[0,13,1,9],"texture":"#0"},"west":{"uv":[0,13,1,9],"texture":"#0"},"down":{"uv":[14,3,4,4],"texture":"#0"}}},{"from":[12,1,6],"to":[14,5,10],"rotation":{"angle":0,"axis":"y","origin":[16,0,0]},"faces":{"north":{"uv":[3,7,5,11],"texture":"#0"},"east":{"uv":[0,0,16,16],"texture":"#1"},"south":{"uv":[5,7,3,11],"texture":"#0"},"west":{"uv":[0,2,4,6],"texture":"#0"},"up":{"uv":[9,8,7,4],"texture":"#0"},"down":{"uv":[7,7,5,11],"texture":"#0"}}},{"from":[14.25,1.5,6.5],"to":[14.25,4.5,9.5],"rotation":{"angle":0,"axis":"y","origin":[16,0,0]},"faces":{"north":{"uv":[0,0,0,3],"texture":"#0"},"east":{"uv":[4,4,7,7],"texture":"#0"},"west":{"uv":[0,6,3,9],"texture":"#0"},"up":{"uv":[0,3,0,0],"texture":"#0"},"down":{"uv":[0,0,0,3],"texture":"#0"}}},{"from":[2,1,6],"to":[4,5,10],"faces":{"north":{"uv":[5,7,3,11],"texture":"#0"},"east":{"uv":[4,2,0,6],"texture":"#0"},"south":{"uv":[3,7,5,11],"texture":"#0"},"west":{"uv":[0,0,16,16],"texture":"#1"},"up":{"uv":[7,8,9,4],"texture":"#0"},"down":{"uv":[5,7,7,11],"texture":"#0"}}},{"from":[1.75,1.5,6.5],"to":[1.75,4.5,9.5],"faces":{"north":{"uv":[0,0,0,3],"texture":"#0"},"east":{"uv":[3,6,0,9],"texture":"#0"},"west":{"uv":[7,4,4,7],"texture":"#0"},"up":{"uv":[0,3,0,0],"texture":"#0"},"down":{"uv":[0,0,0,3],"texture":"#0"}}},{"from":[3,5,7],"to":[4,8,9],"faces":{"north":{"uv":[2,9,1,12],"texture":"#0"},"east":{"uv":[7,8,9,11],"texture":"#0"},"south":{"uv":[2,9,1,12],"texture":"#0"},"west":{"uv":[9,8,7,11],"texture":"#0"}}},{"from":[2.5,1,3],"to":[3.5,2,7],"rotation":{"angle":-22.5,"axis":"x","origin":[3.5,0.5,5]},"faces":{"north":{"uv":[3,6,4,7],"texture":"#0"},"east":{"uv":[9,4,13,5],"rotation":180,"texture":"#0"},"west":{"uv":[9,4,13,5],"texture":"#0"},"up":{"uv":[9,4,13,5],"rotation":90,"texture":"#0"},"down":{"uv":[9,4,13,5],"rotation":270,"texture":"#0"}}},{"from":[3.5,1,3],"to":[4.5,2,4],"rotation":{"angle":-22.5,"axis":"x","origin":[3.5,0.5,5]},"faces":{"north":{"uv":[0,0,16,16],"texture":"#1"},"east":{"uv":[0,0,16,16],"texture":"#1"},"south":{"uv":[0,0,16,16],"texture":"#1"},"west":{"uv":[0,0,16,16],"texture":"#1"},"up":{"uv":[0,0,16,16],"texture":"#1"},"down":{"uv":[0,0,16,16],"texture":"#1"}}},{"from":[3,8,7],"to":[13,9,9],"faces":{"north":{"uv":[4,2,14,3],"texture":"#0"},"east":{"uv":[9,5,11,6],"texture":"#0"},"south":{"uv":[14,2,4,3],"texture":"#0"},"west":{"uv":[9,5,11,6],"texture":"#0"},"up":{"uv":[10,2,0,0],"texture":"#0"},"down":{"uv":[10,0,0,2],"texture":"#0"}}}],"gui_light":"front","display":{"thirdperson_righthand":{"rotation":[90,0,0],"translation":[0,0.5,0],"scale":[0.7,0.7,0.7]},"thirdperson_lefthand":{"rotation":[90,0,0],"translation":[0,0.5,0],"scale":[0.7,0.7,0.7]},"firstperson_righthand":{"rotation":[0,125,0],"translation":[0,6,0],"scale":[0.5,0.5,0.5]},"firstperson_lefthand":{"rotation":[0,125,0],"translation":[0,6,0],"scale":[0.5,0.5,0.5]},"ground":{"translation":[0,2,0],"scale":[0.5,0.5,0.5]},"gui":{"rotation":[15,-135,0],"translation":[-0.5,3,0]},"head":{"translation":[0,7,0],"scale":[1.81,1.81,1.81]},"fixed":{"translation":[0,5,0],"scale":[1.5,1.5,1.5]}}}