{"textures":{"0":"modelengine:entity/nocsy_sewer_leech"},"elements":[{"from":[5.714286,2.6666665,5.1401496],"to":[10.285714,8.380953,9.711578],"rotation":{"angle":0.0,"axis":"y","origin":[9.142858,6.095238,6.2830067]},"faces":{"east":{"uv":[2.25,3.0,4.25,5.5],"rotation":0,"texture":"#0","tintindex":0},"south":{"uv":[4.5,0.0,6.5,2.5],"rotation":0,"texture":"#0","tintindex":0},"north":{"uv":[0.0,3.0,2.0,5.5],"rotation":0,"texture":"#0","tintindex":0},"west":{"uv":[4.5,2.75,6.5,5.25],"rotation":0,"texture":"#0","tintindex":0},"up":{"uv":[2.0,9.5,0.0,7.5],"rotation":0,"texture":"#0","tintindex":0},"down":{"uv":[10.25,5.5,8.25,7.5],"rotation":0,"texture":"#0","tintindex":0}}},{"from":[6.568557,1.5238094,6.000164],"to":[9.4257,2.6666665,8.857307],"rotation":{"angle":45.0,"axis":"y","origin":[8.0,1.8095236,7.425864]},"faces":{"east":{"uv":[0.0,11.75,1.25,12.25],"rotation":0,"texture":"#0","tintindex":0},"south":{"uv":[11.75,3.25,13.0,3.75],"rotation":0,"texture":"#0","tintindex":0},"north":{"uv":[11.5,2.5,12.75,3.0],"rotation":0,"texture":"#0","tintindex":0},"west":{"uv":[11.75,4.0,13.0,4.5],"rotation":0,"texture":"#0","tintindex":0},"up":{"uv":[11.75,8.0,10.5,6.75],"rotation":0,"texture":"#0","tintindex":0},"down":{"uv":[11.75,8.25,10.5,9.5],"rotation":0,"texture":"#0","tintindex":0}}},{"from":[8.854271,0.95238066,6.571593],"to":[9.4257,1.5238094,8.285878],"rotation":{"angle":45.0,"axis":"y","origin":[8.0,1.8095236,7.425864]},"faces":{"east":{"uv":[2.25,9.0,3.0,9.25],"rotation":0,"texture":"#0","tintindex":0},"south":{"uv":[8.0,12.25,8.25,12.5],"rotation":0,"texture":"#0","tintindex":0},"north":{"uv":[10.75,1.5,11.0,1.75],"rotation":0,"texture":"#0","tintindex":0},"west":{"uv":[7.0,9.25,7.75,9.5],"rotation":0,"texture":"#0","tintindex":0},"up":{"uv":[12.5,6.0,12.25,5.25],"rotation":0,"texture":"#0","tintindex":0},"down":{"uv":[5.75,12.25,5.5,13.0],"rotation":0,"texture":"#0","tintindex":0}}},{"from":[7.0857143,1.2380953,6.3851094],"to":[7.6571426,1.2380953,6.956538],"rotation":{"angle":0.0,"axis":"y","origin":[8.0,1.4095235,7.425864]},"faces":{"east":{"uv":[2.75,9.5,3.0,9.5],"rotation":0,"texture":"#0","tintindex":0},"south":{"uv":[9.75,5.25,10.0,5.25],"rotation":0,"texture":"#0","tintindex":0},"north":{"uv":[2.25,9.5,2.5,9.5],"rotation":0,"texture":"#0","tintindex":0},"west":{"uv":[0.5,12.5,0.75,12.5],"rotation":0,"texture":"#0","tintindex":0},"up":{"uv":[8.75,12.5,8.5,12.25],"rotation":0,"texture":"#0","tintindex":0},"down":{"uv":[9.25,12.25,9.0,12.5],"rotation":0,"texture":"#0","tintindex":0}}},{"from":[7.0857143,1.2380953,7.89519],"to":[7.6571426,1.2380953,8.466619],"rotation":{"angle":0.0,"axis":"y","origin":[8.0,1.4095235,7.425864]},"faces":{"east":{"uv":[1.5,12.5,1.75,12.5],"rotation":0,"texture":"#0","tintindex":0},"south":{"uv":[2.0,12.5,2.25,12.5],"rotation":0,"texture":"#0","tintindex":0},"north":{"uv":[1.0,12.5,1.25,12.5],"rotation":0,"texture":"#0","tintindex":0},"west":{"uv":[2.5,12.5,2.75,12.5],"rotation":0,"texture":"#0","tintindex":0},"up":{"uv":[9.75,12.5,9.5,12.25],"rotation":0,"texture":"#0","tintindex":0},"down":{"uv":[12.5,9.75,12.25,10.0],"rotation":0,"texture":"#0","tintindex":0}}},{"from":[8.342857,1.2380953,7.89519],"to":[8.914286,1.2380953,8.466619],"rotation":{"angle":0.0,"axis":"y","origin":[8.0,1.4095235,7.425864]},"faces":{"east":{"uv":[12.5,12.5,12.75,12.5],"rotation":0,"texture":"#0","tintindex":0},"south":{"uv":[12.75,0.0,13.0,0.0],"rotation":0,"texture":"#0","tintindex":0},"north":{"uv":[12.5,12.25,12.75,12.25],"rotation":0,"texture":"#0","tintindex":0},"west":{"uv":[12.75,0.25,13.0,0.25],"rotation":0,"texture":"#0","tintindex":0},"up":{"uv":[10.25,12.5,10.0,12.25],"rotation":0,"texture":"#0","tintindex":0},"down":{"uv":[12.5,10.25,12.25,10.5],"rotation":0,"texture":"#0","tintindex":0}}},{"from":[8.342857,1.2380953,6.3851094],"to":[8.914286,1.2380953,6.956538],"rotation":{"angle":0.0,"axis":"y","origin":[8.0,1.4095235,7.425864]},"faces":{"east":{"uv":[12.75,0.5,13.0,0.5],"rotation":0,"texture":"#0","tintindex":0},"south":{"uv":[12.75,0.75,13.0,0.75],"rotation":0,"texture":"#0","tintindex":0},"north":{"uv":[0.5,12.75,0.75,12.75],"rotation":0,"texture":"#0","tintindex":0},"west":{"uv":[1.0,12.75,1.25,12.75],"rotation":0,"texture":"#0","tintindex":0},"up":{"uv":[10.75,12.5,10.5,12.25],"rotation":0,"texture":"#0","tintindex":0},"down":{"uv":[12.5,10.75,12.25,11.0],"rotation":0,"texture":"#0","tintindex":0}}},{"from":[6.568557,0.95238066,6.571593],"to":[7.1399856,1.5238094,8.285878],"rotation":{"angle":45.0,"axis":"y","origin":[8.0,1.8095236,7.425864]},"faces":{"east":{"uv":[6.0,12.25,6.75,12.5],"rotation":0,"texture":"#0","tintindex":0},"south":{"uv":[12.25,11.25,12.5,11.5],"rotation":0,"texture":"#0","tintindex":0},"north":{"uv":[11.0,12.25,11.25,12.5],"rotation":0,"texture":"#0","tintindex":0},"west":{"uv":[12.25,6.25,13.0,6.5],"rotation":0,"texture":"#0","tintindex":0},"up":{"uv":[7.25,13.0,7.0,12.25],"rotation":0,"texture":"#0","tintindex":0},"down":{"uv":[7.75,12.25,7.5,13.0],"rotation":0,"texture":"#0","tintindex":0}}},{"from":[6.568557,0.95238066,6.000164],"to":[9.4257,1.5238094,6.571593],"rotation":{"angle":45.0,"axis":"y","origin":[8.0,1.8095236,7.425864]},"faces":{"east":{"uv":[11.5,12.25,11.75,12.5],"rotation":0,"texture":"#0","tintindex":0},"south":{"uv":[10.75,11.75,12.0,12.0],"rotation":0,"texture":"#0","tintindex":0},"north":{"uv":[11.75,4.75,13.0,5.0],"rotation":0,"texture":"#0","tintindex":0},"west":{"uv":[12.25,11.75,12.5,12.0],"rotation":0,"texture":"#0","tintindex":0},"up":{"uv":[13.25,7.0,12.0,6.75],"rotation":0,"texture":"#0","tintindex":0},"down":{"uv":[13.25,7.25,12.0,7.5],"rotation":0,"texture":"#0","tintindex":0}}},{"from":[6.568557,0.95238066,8.285878],"to":[9.4257,1.5238094,8.857307],"rotation":{"angle":45.0,"axis":"y","origin":[8.0,1.8095236,7.425864]},"faces":{"east":{"uv":[12.0,12.25,12.25,12.5],"rotation":0,"texture":"#0","tintindex":0},"south":{"uv":[12.0,8.25,13.25,8.5],"rotation":0,"texture":"#0","tintindex":0},"north":{"uv":[12.0,7.75,13.25,8.0],"rotation":0,"texture":"#0","tintindex":0},"west":{"uv":[0.0,12.5,0.25,12.75],"rotation":0,"texture":"#0","tintindex":0},"up":{"uv":[13.25,9.0,12.0,8.75],"rotation":0,"texture":"#0","tintindex":0},"down":{"uv":[13.25,9.25,12.0,9.5],"rotation":0,"texture":"#0","tintindex":0}}},{"from":[9.139986,0.8952379,6.000164],"to":[9.711414,0.8952379,8.857307],"rotation":{"angle":45.0,"axis":"y","origin":[8.0,1.8095236,7.425864]},"faces":{"east":{"uv":[12.75,1.25,14.0,1.25],"rotation":0,"texture":"#0","tintindex":0},"south":{"uv":[1.5,12.75,1.75,12.75],"rotation":0,"texture":"#0","tintindex":0},"north":{"uv":[12.75,1.0,13.0,1.0],"rotation":0,"texture":"#0","tintindex":0},"west":{"uv":[12.75,5.25,14.0,5.25],"rotation":0,"texture":"#0","tintindex":0},"up":{"uv":[3.75,7.0,3.5,5.75],"rotation":0,"texture":"#0","tintindex":0},"down":{"uv":[4.25,5.75,4.0,7.0],"rotation":0,"texture":"#0","tintindex":0}}},{"from":[6.2885857,0.8952379,6.000164],"to":[6.8600144,0.8952379,8.857307],"rotation":{"angle":-45.0,"axis":"y","origin":[8.0,1.8095236,7.425864]},"faces":{"east":{"uv":[12.75,5.5,14.0,5.5],"rotation":0,"texture":"#0","tintindex":0},"south":{"uv":[2.5,12.75,2.75,12.75],"rotation":0,"texture":"#0","tintindex":0},"north":{"uv":[2.0,12.75,2.25,12.75],"rotation":0,"texture":"#0","tintindex":0},"west":{"uv":[12.75,5.75,14.0,5.75],"rotation":0,"texture":"#0","tintindex":0},"up":{"uv":[3.25,12.75,3.0,11.5],"rotation":0,"texture":"#0","tintindex":0},"down":{"uv":[12.5,0.0,12.25,1.25],"rotation":0,"texture":"#0","tintindex":0}}},{"from":[9.139986,0.8952379,5.8214192],"to":[9.711414,0.8952379,8.678562],"rotation":{"angle":-45.0,"axis":"y","origin":[8.0,1.8095236,7.252862]},"faces":{"east":{"uv":[12.75,6.0,14.0,6.0],"rotation":0,"texture":"#0","tintindex":0},"south":{"uv":[6.5,12.75,6.75,12.75],"rotation":0,"texture":"#0","tintindex":0},"north":{"uv":[6.0,12.75,6.25,12.75],"rotation":0,"texture":"#0","tintindex":0},"west":{"uv":[8.0,12.75,9.25,12.75],"rotation":0,"texture":"#0","tintindex":0},"up":{"uv":[3.75,13.5,3.5,12.25],"rotation":0,"texture":"#0","tintindex":0},"down":{"uv":[4.25,12.25,4.0,13.5],"rotation":0,"texture":"#0","tintindex":0}}},{"from":[6.2885857,0.8952379,5.8214192],"to":[6.8600144,0.8952379,8.678562],"rotation":{"angle":45.0,"axis":"y","origin":[8.0,1.8095236,7.252862]},"faces":{"east":{"uv":[12.75,9.75,14.0,9.75],"rotation":0,"texture":"#0","tintindex":0},"south":{"uv":[10.0,12.75,10.25,12.75],"rotation":0,"texture":"#0","tintindex":0},"north":{"uv":[9.5,12.75,9.75,12.75],"rotation":0,"texture":"#0","tintindex":0},"west":{"uv":[12.75,10.0,14.0,10.0],"rotation":0,"texture":"#0","tintindex":0},"up":{"uv":[4.75,13.5,4.5,12.25],"rotation":0,"texture":"#0","tintindex":0},"down":{"uv":[5.25,12.25,5.0,13.5],"rotation":0,"texture":"#0","tintindex":0}}},{"from":[6.3971286,1.9238095,5.8287354],"to":[9.597129,3.9809523,9.028736],"rotation":{"angle":45.0,"axis":"y","origin":[8.0,1.8095236,7.425864]},"faces":{"east":{"uv":[10.75,10.75,12.0,11.5],"rotation":0,"texture":"#0","tintindex":0},"south":{"uv":[5.0,11.25,6.25,12.0],"rotation":0,"texture":"#0","tintindex":0},"north":{"uv":[10.75,9.75,12.0,10.5],"rotation":0,"texture":"#0","tintindex":0},"west":{"uv":[6.5,11.25,7.75,12.0],"rotation":0,"texture":"#0","tintindex":0},"up":{"uv":[12.0,1.25,10.75,0.0],"rotation":0,"texture":"#0","tintindex":0},"down":{"uv":[4.75,10.75,3.5,12.0],"rotation":0,"texture":"#0","tintindex":0}}}],"display":{"head":{"translation":[0.0,-6.4,0.0],"scale":[4.0,4.0,4.0]}}}