{"textures":{"0":"modelengine:entity/nocsy_sewer_leech"},"elements":[{"from":[6.2914286,6.2914286,1.1485715],"to":[9.708571,9.708571,8.565714],"rotation":{"angle":0.0,"axis":"y","origin":[9.714286,6.285714,5.714286]},"faces":{"east":{"uv":[4.5,5.5,7.75,7.0],"rotation":0,"texture":"#0","tintindex":0},"south":{"uv":[9.75,2.0,11.25,3.5],"rotation":0,"texture":"#0","tintindex":0},"north":{"uv":[1.75,9.75,3.25,11.25],"rotation":0,"texture":"#0","tintindex":0},"west":{"uv":[0.0,5.75,3.25,7.25],"rotation":0,"texture":"#0","tintindex":0},"up":{"uv":[8.25,3.25,6.75,0.0],"rotation":0,"texture":"#0","tintindex":0},"down":{"uv":[5.0,7.25,3.5,10.5],"rotation":0,"texture":"#0","tintindex":0}}}],"display":{"head":{"translation":[0.0,-6.4,0.0],"scale":[4.0,4.0,4.0]}}}