{"credit":"Made with Blockbench by yungwilder","textures":{"1":"custom/yungwilder/hat_pack/goggles"},"elements":[{"from":[4,6,3],"to":[7,9,4],"faces":{"north":{"uv":[0,0,3,3],"texture":"#1"},"east":{"uv":[0,6,1,9],"texture":"#1"},"south":{"uv":[0,3,3,6],"texture":"#1"},"west":{"uv":[6,0,7,3],"texture":"#1"},"up":{"uv":[4,7,1,6],"texture":"#1"},"down":{"uv":[9,3,6,4],"texture":"#1"}}},{"from":[7,7,3],"to":[9,8,4],"faces":{"north":{"uv":[7,1,9,2],"texture":"#1"},"east":{"uv":[5,6,6,7],"texture":"#1"},"south":{"uv":[7,2,9,3],"texture":"#1"},"west":{"uv":[7,5,8,6],"texture":"#1"},"up":{"uv":[9,5,7,4],"texture":"#1"},"down":{"uv":[7,7,5,8],"texture":"#1"}}},{"from":[9,6,3],"to":[12,9,4],"faces":{"north":{"uv":[3,0,6,3],"texture":"#1"},"east":{"uv":[4,6,5,9],"texture":"#1"},"south":{"uv":[3,3,6,6],"texture":"#1"},"west":{"uv":[6,4,7,7],"texture":"#1"},"up":{"uv":[10,1,7,0],"texture":"#1"},"down":{"uv":[4,7,1,8],"texture":"#1"}}}],"gui_light":"front","display":{"thirdperson_righthand":{"rotation":[60,0,0],"translation":[0,-1.5,3],"scale":[0.65,0.65,0.65]},"thirdperson_lefthand":{"rotation":[60,0,0],"translation":[0,-1.5,3],"scale":[0.65,0.65,0.65]},"firstperson_righthand":{"rotation":[0,115,0],"translation":[2.5,3.5,0],"scale":[0.5,0.5,0.5]},"firstperson_lefthand":{"rotation":[0,115,0],"translation":[2.5,3.5,0],"scale":[0.5,0.5,0.5]},"ground":{"translation":[0,0,2.5],"scale":[0.5,0.5,0.5]},"gui":{"rotation":[15,-145,0],"translation":[-3,2,0],"scale":[1.35,1.35,1.35]},"head":{"translation":[0,7.25,0.75],"scale":[1.81,1.81,1.81]},"fixed":{"translation":[0,1.5,5.25],"scale":[1.35,1.35,1.35]}}}