{"textures":{"0":"modelengine:entity/frostbear"},"elements":[{"from":[4.8571424,0.0,5.142857],"to":[8.857143,8.0,10.857143],"rotation":{"angle":0.0,"axis":"y","origin":[14.285715,16.0,9.428572]},"faces":{"east":{"uv":[3.75,2.1875,3.125,3.0625],"rotation":0,"texture":"#0","tintindex":0},"south":{"uv":[1.125,4.3125,1.5625,5.1875],"rotation":0,"texture":"#0","tintindex":0},"north":{"uv":[2.5625,4.125,3.0,5.0],"rotation":0,"texture":"#0","tintindex":0},"west":{"uv":[3.75,3.0625,3.125,3.9375],"rotation":0,"texture":"#0","tintindex":0},"up":{"uv":[5.4375,3.75,5.0,3.125],"rotation":0,"texture":"#0","tintindex":0},"down":{"uv":[3.1875,5.0625,2.75,5.6875],"rotation":0,"texture":"#0","tintindex":0}}},{"from":[3.2857141,-0.57142925,4.5142856],"to":[7.0,4.0,4.5142856],"rotation":{"angle":0.0,"axis":"y","origin":[6.142857,12.285715,3.6571426]},"faces":{"east":{"uv":[0.0,0.0,0.0,1.0625],"rotation":0,"texture":"#0","tintindex":0},"south":{"uv":[3.03125,6.5625,2.625,7.0625],"rotation":0,"texture":"#0","tintindex":0},"north":{"uv":[2.625,6.5625,3.03125,7.0625],"rotation":0,"texture":"#0","tintindex":0},"west":{"uv":[0.0,0.0,0.0,1.0625],"rotation":0,"texture":"#0","tintindex":0},"up":{"uv":[0.40625,0.0,0.0,0.0],"rotation":0,"texture":"#0","tintindex":0},"down":{"uv":[0.40625,0.0,0.0,0.0],"rotation":0,"texture":"#0","tintindex":0}}},{"from":[4.714286,5.714286,5.142857],"to":[4.714286,13.714286,16.57143],"rotation":{"angle":0.0,"axis":"y","origin":[14.285715,16.0,9.428572]},"faces":{"east":{"uv":[7.5625,3.5625,6.3125,4.4375],"rotation":0,"texture":"#0","tintindex":0},"south":{"uv":[0.0,0.0,0.0,0.875],"rotation":0,"texture":"#0","tintindex":0},"north":{"uv":[0.0,0.0,0.0,0.875],"rotation":0,"texture":"#0","tintindex":0},"west":{"uv":[6.3125,3.5625,7.5625,4.4375],"rotation":0,"texture":"#0","tintindex":0},"up":{"uv":[0.0,1.25,0.0,0.0],"rotation":0,"texture":"#0","tintindex":0},"down":{"uv":[0.0,0.0,0.0,1.25],"rotation":0,"texture":"#0","tintindex":0}}},{"from":[4.285714,2.8571424,4.5714283],"to":[9.428572,5.714286,11.428572],"rotation":{"angle":0.0,"axis":"y","origin":[14.285715,16.0,9.428572]},"faces":{"east":{"uv":[6.75,2.375,6.0,2.6875],"rotation":0,"texture":"#0","tintindex":0},"south":{"uv":[3.9375,0.0,4.5,0.3125],"rotation":0,"texture":"#0","tintindex":0},"north":{"uv":[3.9375,0.0,4.5,0.3125],"rotation":0,"texture":"#0","tintindex":0},"west":{"uv":[6.0,2.375,6.75,2.6875],"rotation":0,"texture":"#0","tintindex":0},"up":{"uv":[5.0625,6.625,4.5,5.875],"rotation":0,"texture":"#0","tintindex":0},"down":{"uv":[3.625,6.0,3.0625,6.75],"rotation":0,"texture":"#0","tintindex":0}}},{"from":[3.4285712,2.8571424,9.714286],"to":[5.142857,4.5714283,13.142858],"rotation":{"angle":-22.5,"axis":"x","origin":[3.7142854,3.7142854,10.285714]},"faces":{"east":{"uv":[7.125,1.9375,6.75,2.125],"rotation":0,"texture":"#0","tintindex":0},"south":{"uv":[2.375,3.9375,2.5625,4.125],"rotation":0,"texture":"#0","tintindex":0},"north":{"uv":[3.125,0.6875,3.3125,0.875],"rotation":0,"texture":"#0","tintindex":0},"west":{"uv":[6.75,1.9375,7.125,2.125],"rotation":0,"texture":"#0","tintindex":0},"up":{"uv":[6.75,1.9375,7.125,2.125],"rotation":90,"texture":"#0","tintindex":0},"down":{"uv":[6.75,1.9375,7.125,2.125],"rotation":270,"texture":"#0","tintindex":0}}},{"from":[3.7142854,0.72366905,8.765367],"to":[5.428571,5.2950983,10.479652],"rotation":{"angle":22.5,"axis":"x","origin":[4.0,1.580812,18.19394]},"faces":{"east":{"uv":[6.875,5.4375,7.0625,5.9375],"rotation":0,"texture":"#0","tintindex":0},"south":{"uv":[6.875,5.4375,7.0625,5.9375],"rotation":0,"texture":"#0","tintindex":0},"north":{"uv":[6.875,5.4375,7.0625,5.9375],"rotation":0,"texture":"#0","tintindex":0},"west":{"uv":[6.875,5.4375,7.0625,5.9375],"rotation":0,"texture":"#0","tintindex":0},"up":{"uv":[2.5625,5.0,2.375,4.8125],"rotation":0,"texture":"#0","tintindex":0},"down":{"uv":[1.0625,5.0,0.875,5.1875],"rotation":0,"texture":"#0","tintindex":0}}}],"display":{"head":{"translation":[0.0,-6.4,0.0],"scale":[4.0,4.0,4.0]}}}