{"textures":{"0":"modelengine:entity/nocsy_sewer_rat"},"elements":[{"from":[7.1403217,5.80198,6.671893],"to":[8.854608,9.230552,8.386179],"rotation":{"angle":0.0,"axis":"y","origin":[5.142857,12.032512,8.561236]},"faces":{"east":{"uv":[10.0,3.0,10.375,3.75],"rotation":0,"texture":"#0","tintindex":0},"south":{"uv":[10.0,3.875,10.375,4.625],"rotation":0,"texture":"#0","tintindex":0},"north":{"uv":[9.875,9.75,10.25,10.5],"rotation":0,"texture":"#0","tintindex":0},"west":{"uv":[9.25,10.0,9.625,10.75],"rotation":0,"texture":"#0","tintindex":0},"up":{"uv":[11.5,1.375,11.125,1.0],"rotation":0,"texture":"#0","tintindex":0},"down":{"uv":[1.5,11.125,1.125,11.5],"rotation":0,"texture":"#0","tintindex":0}}},{"from":[8.400597,5.808468,5.101965],"to":[9.543453,6.951325,7.959108],"rotation":{"angle":-22.5,"axis":"y","origin":[8.0,6.379896,6.5291014]},"faces":{"east":{"uv":[10.375,9.75,11.0,10.0],"rotation":0,"texture":"#0","tintindex":0},"south":{"uv":[11.25,10.75,11.5,11.0],"rotation":0,"texture":"#0","tintindex":0},"north":{"uv":[10.5,11.25,10.75,11.5],"rotation":0,"texture":"#0","tintindex":0},"west":{"uv":[10.375,10.125,11.0,10.375],"rotation":0,"texture":"#0","tintindex":0},"up":{"uv":[9.0,11.0,8.75,10.375],"rotation":0,"texture":"#0","tintindex":0},"down":{"uv":[1.0,10.5,0.75,11.125],"rotation":0,"texture":"#0","tintindex":0}}},{"from":[6.189865,5.8109603,7.2981095],"to":[7.332722,6.9538174,10.155252],"rotation":{"angle":22.5,"axis":"y","origin":[2.2857141,6.379896,6.5291014]},"faces":{"east":{"uv":[2.5,10.5,3.125,10.75],"rotation":0,"texture":"#0","tintindex":0},"south":{"uv":[0.0,11.375,0.25,11.625],"rotation":0,"texture":"#0","tintindex":0},"north":{"uv":[11.25,11.125,11.5,11.375],"rotation":0,"texture":"#0","tintindex":0},"west":{"uv":[10.5,3.0,11.125,3.25],"rotation":0,"texture":"#0","tintindex":0},"up":{"uv":[10.75,4.0,10.5,3.375],"rotation":0,"texture":"#0","tintindex":0},"down":{"uv":[10.75,4.125,10.5,4.75],"rotation":0,"texture":"#0","tintindex":0}}},{"from":[7.4942374,5.7914996,5.1228952],"to":[8.6370945,6.9343567,7.980038],"rotation":{"angle":0.0,"axis":"y","origin":[2.2857141,6.379896,6.5291014]},"faces":{"east":{"uv":[10.5,4.875,11.125,5.125],"rotation":0,"texture":"#0","tintindex":0},"south":{"uv":[6.75,11.375,7.0,11.625],"rotation":0,"texture":"#0","tintindex":0},"north":{"uv":[11.375,6.0,11.625,6.25],"rotation":0,"texture":"#0","tintindex":0},"west":{"uv":[10.5,5.25,11.125,5.5],"rotation":0,"texture":"#0","tintindex":0},"up":{"uv":[7.75,11.125,7.5,10.5],"rotation":0,"texture":"#0","tintindex":0},"down":{"uv":[8.125,10.5,7.875,11.125],"rotation":0,"texture":"#0","tintindex":0}}}],"display":{"head":{"translation":[0.0,-6.4,0.0],"scale":[4.0,4.0,4.0]}}}