{
    "parent": "minecraft:item/handheld",
    "textures": {
        "layer0": "minecraft:item/diamond_hoe"
    },
    "overrides": [
        {
            "predicate": {
                "custom_model_data": 1000
            },
            "model": "minefreeze:item/hoes/diamond1"
        },
        {
            "predicate": {
                "custom_model_data": 1001
            },
            "model": "minefreeze:item/hoes/diamond2"
        },
        {
            "predicate": {
                "custom_model_data": 1002
            },
            "model": "minefreeze:item/hoes/diamond3"
        }
    ]
}