{"parent":"minecraft:item/generated","textures":{"layer0":"minecraft:item/leather_horse_armor"},"overrides":[{"predicate":{"custom_model_data":1},"model":"modelengine:frost_bear/right_leg"},{"predicate":{"custom_model_data":2},"model":"modelengine:frost_bear/right_legf"},{"predicate":{"custom_model_data":3},"model":"modelengine:frost_bear/left_leg"},{"predicate":{"custom_model_data":4},"model":"modelengine:frost_bear/left_legf"},{"predicate":{"custom_model_data":5},"model":"modelengine:frost_bear/main"},{"predicate":{"custom_model_data":6},"model":"modelengine:frost_bear/upper"},{"predicate":{"custom_model_data":7},"model":"modelengine:frost_bear/head"},{"predicate":{"custom_model_data":8},"model":"modelengine:frost_bear/right_arm"},{"predicate":{"custom_model_data":9},"model":"modelengine:frost_bear/right_armf"},{"predicate":{"custom_model_data":10},"model":"modelengine:frost_bear/left_arm"},{"predicate":{"custom_model_data":11},"model":"modelengine:frost_bear/left_armf"},{"predicate":{"custom_model_data":12},"model":"modelengine:ice_boar/back"},{"predicate":{"custom_model_data":13},"model":"modelengine:ice_boar/tail"},{"predicate":{"custom_model_data":14},"model":"modelengine:ice_boar/right_back_leg"},{"predicate":{"custom_model_data":15},"model":"modelengine:ice_boar/left_back_leg"},{"predicate":{"custom_model_data":16},"model":"modelengine:ice_boar/front"},{"predicate":{"custom_model_data":17},"model":"modelengine:ice_boar/head"},{"predicate":{"custom_model_data":18},"model":"modelengine:ice_boar/left_front_leg"},{"predicate":{"custom_model_data":19},"model":"modelengine:ice_boar/right_front_leg"},{"predicate":{"custom_model_data":20},"model":"modelengine:ice_pillar/main"},{"predicate":{"custom_model_data":21},"model":"modelengine:ice_spike/ice"},{"predicate":{"custom_model_data":22},"model":"modelengine:nocsy_sewer_boss/left_leg"},{"predicate":{"custom_model_data":23},"model":"modelengine:nocsy_sewer_boss/left_tibia"},{"predicate":{"custom_model_data":24},"model":"modelengine:nocsy_sewer_boss/left_foot"},{"predicate":{"custom_model_data":25},"model":"modelengine:nocsy_sewer_boss/right_leg"},{"predicate":{"custom_model_data":26},"model":"modelengine:nocsy_sewer_boss/right_tibia"},{"predicate":{"custom_model_data":27},"model":"modelengine:nocsy_sewer_boss/right_foot"},{"predicate":{"custom_model_data":28},"model":"modelengine:nocsy_sewer_boss/tail"},{"predicate":{"custom_model_data":29},"model":"modelengine:nocsy_sewer_boss/tail_mid"},{"predicate":{"custom_model_data":30},"model":"modelengine:nocsy_sewer_boss/tail_preend"},{"predicate":{"custom_model_data":31},"model":"modelengine:nocsy_sewer_boss/tail_end"},{"predicate":{"custom_model_data":32},"model":"modelengine:nocsy_sewer_boss/head"},{"predicate":{"custom_model_data":33},"model":"modelengine:nocsy_sewer_boss/left_ear"},{"predicate":{"custom_model_data":34},"model":"modelengine:nocsy_sewer_boss/right_ear"},{"predicate":{"custom_model_data":35},"model":"modelengine:nocsy_sewer_boss/mouth"},{"predicate":{"custom_model_data":36},"model":"modelengine:nocsy_sewer_boss/chest"},{"predicate":{"custom_model_data":37},"model":"modelengine:nocsy_sewer_boss/jar"},{"predicate":{"custom_model_data":38},"model":"modelengine:nocsy_sewer_boss/left_arm"},{"predicate":{"custom_model_data":39},"model":"modelengine:nocsy_sewer_boss/left_forearm"},{"predicate":{"custom_model_data":40},"model":"modelengine:nocsy_sewer_boss/right_arm"},{"predicate":{"custom_model_data":41},"model":"modelengine:nocsy_sewer_boss/crossbow"},{"predicate":{"custom_model_data":42},"model":"modelengine:nocsy_sewer_boss/right_forearm"},{"predicate":{"custom_model_data":43},"model":"modelengine:nocsy_sewer_leech/neck"},{"predicate":{"custom_model_data":44},"model":"modelengine:nocsy_sewer_leech/head"},{"predicate":{"custom_model_data":45},"model":"modelengine:nocsy_sewer_leech/chest"},{"predicate":{"custom_model_data":46},"model":"modelengine:nocsy_sewer_leech/tail"},{"predicate":{"custom_model_data":47},"model":"modelengine:nocsy_sewer_mosquito/head"},{"predicate":{"custom_model_data":48},"model":"modelengine:nocsy_sewer_mosquito/abdomen"},{"predicate":{"custom_model_data":49},"model":"modelengine:nocsy_sewer_mosquito/left_wing"},{"predicate":{"custom_model_data":50},"model":"modelengine:nocsy_sewer_mosquito/right_wing"},{"predicate":{"custom_model_data":51},"model":"modelengine:nocsy_sewer_potion_projectile/body"},{"predicate":{"custom_model_data":52},"model":"modelengine:nocsy_sewer_rat/head"},{"predicate":{"custom_model_data":53},"model":"modelengine:nocsy_sewer_rat/chest"},{"predicate":{"custom_model_data":54},"model":"modelengine:nocsy_sewer_rat/tail"},{"predicate":{"custom_model_data":55},"model":"modelengine:nocsy_sewer_rat/tail_mid"},{"predicate":{"custom_model_data":56},"model":"modelengine:nocsy_sewer_rat/tail_midend"},{"predicate":{"custom_model_data":57},"model":"modelengine:nocsy_sewer_rat/tail_end"},{"predicate":{"custom_model_data":58},"model":"modelengine:nocsy_sewer_rat/left_leg"},{"predicate":{"custom_model_data":59},"model":"modelengine:nocsy_sewer_rat/left_foot"},{"predicate":{"custom_model_data":60},"model":"modelengine:nocsy_sewer_rat/right_leg"},{"predicate":{"custom_model_data":61},"model":"modelengine:nocsy_sewer_rat/right_foot"},{"predicate":{"custom_model_data":62},"model":"modelengine:nocsy_sewer_rat/left_arm"},{"predicate":{"custom_model_data":63},"model":"modelengine:nocsy_sewer_rat/left_forearm"},{"predicate":{"custom_model_data":64},"model":"modelengine:nocsy_sewer_rat/right_arm"},{"predicate":{"custom_model_data":65},"model":"modelengine:nocsy_sewer_rat/right_forearm"},{"predicate":{"custom_model_data":66},"model":"modelengine:nocsy_sewer_spider/left_leg_front"},{"predicate":{"custom_model_data":67},"model":"modelengine:nocsy_sewer_spider/right_leg_front"},{"predicate":{"custom_model_data":68},"model":"modelengine:nocsy_sewer_spider/left_leg_end"},{"predicate":{"custom_model_data":69},"model":"modelengine:nocsy_sewer_spider/right_leg_end"},{"predicate":{"custom_model_data":70},"model":"modelengine:nocsy_sewer_spider/left_leg_mid"},{"predicate":{"custom_model_data":71},"model":"modelengine:nocsy_sewer_spider/right_leg_mid"},{"predicate":{"custom_model_data":72},"model":"modelengine:nocsy_sewer_spider/abdomen"},{"predicate":{"custom_model_data":73},"model":"modelengine:nocsy_sewer_spider/head"},{"predicate":{"custom_model_data":74},"model":"modelengine:nocsy_skeleton_archer/hat"},{"predicate":{"custom_model_data":75},"model":"modelengine:nocsy_skeleton_archer/head"},{"predicate":{"custom_model_data":76},"model":"modelengine:nocsy_skeleton_archer/jaw"},{"predicate":{"custom_model_data":77},"model":"modelengine:nocsy_skeleton_archer/iliac"},{"predicate":{"custom_model_data":78},"model":"modelengine:nocsy_skeleton_archer/left_femur"},{"predicate":{"custom_model_data":79},"model":"modelengine:nocsy_skeleton_archer/left_tibia"},{"predicate":{"custom_model_data":80},"model":"modelengine:nocsy_skeleton_archer/right_femur"},{"predicate":{"custom_model_data":81},"model":"modelengine:nocsy_skeleton_archer/right_tibia"},{"predicate":{"custom_model_data":82},"model":"modelengine:nocsy_skeleton_archer/left_arm"},{"predicate":{"custom_model_data":83},"model":"modelengine:nocsy_skeleton_archer/left_mid_arm"},{"predicate":{"custom_model_data":84},"model":"modelengine:nocsy_skeleton_archer/right_arm"},{"predicate":{"custom_model_data":85},"model":"modelengine:nocsy_skeleton_archer/right_mid_arm"},{"predicate":{"custom_model_data":86},"model":"modelengine:nocsy_skeleton_archer/bow"},{"predicate":{"custom_model_data":87},"model":"modelengine:nocsy_skeleton_archer/body"},{"predicate":{"custom_model_data":88},"model":"modelengine:nocsy_skeleton_archer/arrow"},{"predicate":{"custom_model_data":89},"model":"modelengine:nocsy_skeleton_brute1/head"},{"predicate":{"custom_model_data":90},"model":"modelengine:nocsy_skeleton_brute1/jaw"},{"predicate":{"custom_model_data":91},"model":"modelengine:nocsy_skeleton_brute1/iliac"},{"predicate":{"custom_model_data":92},"model":"modelengine:nocsy_skeleton_brute1/left_femur"},{"predicate":{"custom_model_data":93},"model":"modelengine:nocsy_skeleton_brute1/left_tibia"},{"predicate":{"custom_model_data":94},"model":"modelengine:nocsy_skeleton_brute1/right_femur"},{"predicate":{"custom_model_data":95},"model":"modelengine:nocsy_skeleton_brute1/right_tibia"},{"predicate":{"custom_model_data":96},"model":"modelengine:nocsy_skeleton_brute1/right_foot"},{"predicate":{"custom_model_data":97},"model":"modelengine:nocsy_skeleton_brute1/left_arm"},{"predicate":{"custom_model_data":98},"model":"modelengine:nocsy_skeleton_brute1/left_mid_arm"},{"predicate":{"custom_model_data":99},"model":"modelengine:nocsy_skeleton_brute1/right_arm"},{"predicate":{"custom_model_data":100},"model":"modelengine:nocsy_skeleton_brute1/right_mid_arm"},{"predicate":{"custom_model_data":101},"model":"modelengine:nocsy_skeleton_brute1/weapon"},{"predicate":{"custom_model_data":102},"model":"modelengine:nocsy_skeleton_brute1/pectus"},{"predicate":{"custom_model_data":103},"model":"modelengine:nocsy_skeleton_brute1/body"},{"predicate":{"custom_model_data":104},"model":"modelengine:nocsy_skeleton_brute2/head"},{"predicate":{"custom_model_data":105},"model":"modelengine:nocsy_skeleton_brute2/jaw"},{"predicate":{"custom_model_data":106},"model":"modelengine:nocsy_skeleton_brute2/iliac"},{"predicate":{"custom_model_data":107},"model":"modelengine:nocsy_skeleton_brute2/right_femur"},{"predicate":{"custom_model_data":108},"model":"modelengine:nocsy_skeleton_brute2/right_tibia"},{"predicate":{"custom_model_data":109},"model":"modelengine:nocsy_skeleton_brute2/right_foot"},{"predicate":{"custom_model_data":110},"model":"modelengine:nocsy_skeleton_brute2/left_femur"},{"predicate":{"custom_model_data":111},"model":"modelengine:nocsy_skeleton_brute2/left_tibia"},{"predicate":{"custom_model_data":112},"model":"modelengine:nocsy_skeleton_brute2/left_foot"},{"predicate":{"custom_model_data":113},"model":"modelengine:nocsy_skeleton_brute2/left_arm"},{"predicate":{"custom_model_data":114},"model":"modelengine:nocsy_skeleton_brute2/left_mid_arm"},{"predicate":{"custom_model_data":115},"model":"modelengine:nocsy_skeleton_brute2/right_arm"},{"predicate":{"custom_model_data":116},"model":"modelengine:nocsy_skeleton_brute2/right_mid_arm"},{"predicate":{"custom_model_data":117},"model":"modelengine:nocsy_skeleton_brute2/sword"},{"predicate":{"custom_model_data":118},"model":"modelengine:nocsy_skeleton_brute2/pectus"},{"predicate":{"custom_model_data":119},"model":"modelengine:nocsy_skeleton_brute2/body"},{"predicate":{"custom_model_data":120},"model":"modelengine:nocsy_skeleton_necromancer/head"},{"predicate":{"custom_model_data":121},"model":"modelengine:nocsy_skeleton_necromancer/jaw"},{"predicate":{"custom_model_data":122},"model":"modelengine:nocsy_skeleton_necromancer/iliac"},{"predicate":{"custom_model_data":123},"model":"modelengine:nocsy_skeleton_necromancer/right_drap"},{"predicate":{"custom_model_data":124},"model":"modelengine:nocsy_skeleton_necromancer/left_drap"},{"predicate":{"custom_model_data":125},"model":"modelengine:nocsy_skeleton_necromancer/back_drap"},{"predicate":{"custom_model_data":126},"model":"modelengine:nocsy_skeleton_necromancer/front_drap"},{"predicate":{"custom_model_data":127},"model":"modelengine:nocsy_skeleton_necromancer/left_arm"},{"predicate":{"custom_model_data":128},"model":"modelengine:nocsy_skeleton_necromancer/head_chain"},{"predicate":{"custom_model_data":129},"model":"modelengine:nocsy_skeleton_necromancer/lantern"},{"predicate":{"custom_model_data":130},"model":"modelengine:nocsy_skeleton_necromancer/left_mid_arm"},{"predicate":{"custom_model_data":131},"model":"modelengine:nocsy_skeleton_necromancer/right_arm"},{"predicate":{"custom_model_data":132},"model":"modelengine:nocsy_skeleton_necromancer/right_mid_arm"},{"predicate":{"custom_model_data":133},"model":"modelengine:nocsy_skeleton_necromancer/pectus"},{"predicate":{"custom_model_data":134},"model":"modelengine:nocsy_skeleton_necromancer/body"},{"predicate":{"custom_model_data":135},"model":"modelengine:nocsy_skeleton_necromancer/right_manche"},{"predicate":{"custom_model_data":136},"model":"modelengine:nocsy_skeleton_necromancer/left_manche"},{"predicate":{"custom_model_data":137},"model":"modelengine:nocsy_skeleton_skull/head"},{"predicate":{"custom_model_data":138},"model":"modelengine:nocsy_skeleton_skull/wheel"},{"predicate":{"custom_model_data":139},"model":"modelengine:nocsy_skeleton_skull/jaw"},{"predicate":{"custom_model_data":140},"model":"modelengine:nocsy_skeleton_warrior/head"},{"predicate":{"custom_model_data":141},"model":"modelengine:nocsy_skeleton_warrior/jaw"},{"predicate":{"custom_model_data":142},"model":"modelengine:nocsy_skeleton_warrior/iliac"},{"predicate":{"custom_model_data":143},"model":"modelengine:nocsy_skeleton_warrior/left_femur"},{"predicate":{"custom_model_data":144},"model":"modelengine:nocsy_skeleton_warrior/left_tibia"},{"predicate":{"custom_model_data":145},"model":"modelengine:nocsy_skeleton_warrior/right_femur"},{"predicate":{"custom_model_data":146},"model":"modelengine:nocsy_skeleton_warrior/right_tibia"},{"predicate":{"custom_model_data":147},"model":"modelengine:nocsy_skeleton_warrior/left_arm"},{"predicate":{"custom_model_data":148},"model":"modelengine:nocsy_skeleton_warrior/left_mid_arm"},{"predicate":{"custom_model_data":149},"model":"modelengine:nocsy_skeleton_warrior/shield"},{"predicate":{"custom_model_data":150},"model":"modelengine:nocsy_skeleton_warrior/right_arm"},{"predicate":{"custom_model_data":151},"model":"modelengine:nocsy_skeleton_warrior/right_mid_arm"},{"predicate":{"custom_model_data":152},"model":"modelengine:nocsy_skeleton_warrior/body"},{"predicate":{"custom_model_data":153},"model":"modelengine:smoke_vfx/ne1"},{"predicate":{"custom_model_data":154},"model":"modelengine:smoke_vfx/sw1"},{"predicate":{"custom_model_data":155},"model":"modelengine:smoke_vfx/se1"},{"predicate":{"custom_model_data":156},"model":"modelengine:smoke_vfx/nw1"},{"predicate":{"custom_model_data":157},"model":"modelengine:smoke_vfx/e1"},{"predicate":{"custom_model_data":158},"model":"modelengine:smoke_vfx/w1"},{"predicate":{"custom_model_data":159},"model":"modelengine:smoke_vfx/s1"},{"predicate":{"custom_model_data":160},"model":"modelengine:smoke_vfx/n1"},{"predicate":{"custom_model_data":161},"model":"modelengine:smoke_vfx/ne2"},{"predicate":{"custom_model_data":162},"model":"modelengine:smoke_vfx/sw2"},{"predicate":{"custom_model_data":163},"model":"modelengine:smoke_vfx/se2"},{"predicate":{"custom_model_data":164},"model":"modelengine:smoke_vfx/nw2"},{"predicate":{"custom_model_data":165},"model":"modelengine:smoke_vfx/e2"},{"predicate":{"custom_model_data":166},"model":"modelengine:smoke_vfx/w2"},{"predicate":{"custom_model_data":167},"model":"modelengine:smoke_vfx/s2"},{"predicate":{"custom_model_data":168},"model":"modelengine:smoke_vfx/n2"},{"predicate":{"custom_model_data":169},"model":"modelengine:smoke_vfx/ne3"},{"predicate":{"custom_model_data":170},"model":"modelengine:smoke_vfx/sw3"},{"predicate":{"custom_model_data":171},"model":"modelengine:smoke_vfx/se3"},{"predicate":{"custom_model_data":172},"model":"modelengine:smoke_vfx/nw3"},{"predicate":{"custom_model_data":173},"model":"modelengine:smoke_vfx/e3"},{"predicate":{"custom_model_data":174},"model":"modelengine:smoke_vfx/w3"},{"predicate":{"custom_model_data":175},"model":"modelengine:smoke_vfx/s3"},{"predicate":{"custom_model_data":176},"model":"modelengine:smoke_vfx/n3"},{"predicate":{"custom_model_data":177},"model":"modelengine:smoke_vfx/ne4"},{"predicate":{"custom_model_data":178},"model":"modelengine:smoke_vfx/sw4"},{"predicate":{"custom_model_data":179},"model":"modelengine:smoke_vfx/se4"},{"predicate":{"custom_model_data":180},"model":"modelengine:smoke_vfx/nw4"},{"predicate":{"custom_model_data":181},"model":"modelengine:smoke_vfx/e4"},{"predicate":{"custom_model_data":182},"model":"modelengine:smoke_vfx/w4"},{"predicate":{"custom_model_data":183},"model":"modelengine:smoke_vfx/s4"},{"predicate":{"custom_model_data":184},"model":"modelengine:smoke_vfx/n4"},{"predicate":{"custom_model_data":185},"model":"modelengine:smoke_vfx/ne5"},{"predicate":{"custom_model_data":186},"model":"modelengine:smoke_vfx/sw5"},{"predicate":{"custom_model_data":187},"model":"modelengine:smoke_vfx/se5"},{"predicate":{"custom_model_data":188},"model":"modelengine:smoke_vfx/nw5"},{"predicate":{"custom_model_data":189},"model":"modelengine:smoke_vfx/e5"},{"predicate":{"custom_model_data":190},"model":"modelengine:smoke_vfx/w5"},{"predicate":{"custom_model_data":191},"model":"modelengine:smoke_vfx/s5"},{"predicate":{"custom_model_data":192},"model":"modelengine:smoke_vfx/n5"},{"predicate":{"custom_model_data":193},"model":"modelengine:smoke_vfx/ne6"},{"predicate":{"custom_model_data":194},"model":"modelengine:smoke_vfx/sw6"},{"predicate":{"custom_model_data":195},"model":"modelengine:smoke_vfx/se6"},{"predicate":{"custom_model_data":196},"model":"modelengine:smoke_vfx/nw6"},{"predicate":{"custom_model_data":197},"model":"modelengine:smoke_vfx/e6"},{"predicate":{"custom_model_data":198},"model":"modelengine:smoke_vfx/w6"},{"predicate":{"custom_model_data":199},"model":"modelengine:smoke_vfx/s6"},{"predicate":{"custom_model_data":200},"model":"modelengine:smoke_vfx/n6"},{"predicate":{"custom_model_data":201},"model":"modelengine:smoke_vfx/ne7"},{"predicate":{"custom_model_data":202},"model":"modelengine:smoke_vfx/sw7"},{"predicate":{"custom_model_data":203},"model":"modelengine:smoke_vfx/se7"},{"predicate":{"custom_model_data":204},"model":"modelengine:smoke_vfx/nw7"},{"predicate":{"custom_model_data":205},"model":"modelengine:smoke_vfx/e7"},{"predicate":{"custom_model_data":206},"model":"modelengine:smoke_vfx/w7"},{"predicate":{"custom_model_data":207},"model":"modelengine:smoke_vfx/s7"},{"predicate":{"custom_model_data":208},"model":"modelengine:smoke_vfx/n7"},{"predicate":{"custom_model_data":209},"model":"modelengine:smoke_vfx/ne8"},{"predicate":{"custom_model_data":210},"model":"modelengine:smoke_vfx/sw8"},{"predicate":{"custom_model_data":211},"model":"modelengine:smoke_vfx/se8"},{"predicate":{"custom_model_data":212},"model":"modelengine:smoke_vfx/nw8"},{"predicate":{"custom_model_data":213},"model":"modelengine:smoke_vfx/e8"},{"predicate":{"custom_model_data":214},"model":"modelengine:smoke_vfx/w8"},{"predicate":{"custom_model_data":215},"model":"modelengine:smoke_vfx/s8"},{"predicate":{"custom_model_data":216},"model":"modelengine:smoke_vfx/n8"},{"predicate":{"custom_model_data":217},"model":"modelengine:smoke_vfx/ne9"},{"predicate":{"custom_model_data":218},"model":"modelengine:smoke_vfx/sw9"},{"predicate":{"custom_model_data":219},"model":"modelengine:smoke_vfx/se9"},{"predicate":{"custom_model_data":220},"model":"modelengine:smoke_vfx/nw9"},{"predicate":{"custom_model_data":221},"model":"modelengine:smoke_vfx/e9"},{"predicate":{"custom_model_data":222},"model":"modelengine:smoke_vfx/w9"},{"predicate":{"custom_model_data":223},"model":"modelengine:smoke_vfx/s9"},{"predicate":{"custom_model_data":224},"model":"modelengine:smoke_vfx/n9"},{"predicate":{"custom_model_data":225},"model":"modelengine:smoke_vfx/ne10"},{"predicate":{"custom_model_data":226},"model":"modelengine:smoke_vfx/sw10"},{"predicate":{"custom_model_data":227},"model":"modelengine:smoke_vfx/se10"},{"predicate":{"custom_model_data":228},"model":"modelengine:smoke_vfx/nw10"},{"predicate":{"custom_model_data":229},"model":"modelengine:smoke_vfx/e10"},{"predicate":{"custom_model_data":230},"model":"modelengine:smoke_vfx/w10"},{"predicate":{"custom_model_data":231},"model":"modelengine:smoke_vfx/s10"},{"predicate":{"custom_model_data":232},"model":"modelengine:smoke_vfx/n10"},{"predicate":{"custom_model_data":233},"model":"modelengine:smoke_vfx/ne11"},{"predicate":{"custom_model_data":234},"model":"modelengine:smoke_vfx/sw11"},{"predicate":{"custom_model_data":235},"model":"modelengine:smoke_vfx/se11"},{"predicate":{"custom_model_data":236},"model":"modelengine:smoke_vfx/nw11"},{"predicate":{"custom_model_data":237},"model":"modelengine:smoke_vfx/e11"},{"predicate":{"custom_model_data":238},"model":"modelengine:smoke_vfx/w11"},{"predicate":{"custom_model_data":239},"model":"modelengine:smoke_vfx/s11"},{"predicate":{"custom_model_data":240},"model":"modelengine:smoke_vfx/n11"},{"predicate":{"custom_model_data":241},"model":"modelengine:smoke_vfx/ne12"},{"predicate":{"custom_model_data":242},"model":"modelengine:smoke_vfx/sw12"},{"predicate":{"custom_model_data":243},"model":"modelengine:smoke_vfx/se12"},{"predicate":{"custom_model_data":244},"model":"modelengine:smoke_vfx/nw12"},{"predicate":{"custom_model_data":245},"model":"modelengine:smoke_vfx/e12"},{"predicate":{"custom_model_data":246},"model":"modelengine:smoke_vfx/w12"},{"predicate":{"custom_model_data":247},"model":"modelengine:smoke_vfx/s12"},{"predicate":{"custom_model_data":248},"model":"modelengine:smoke_vfx/n12"},{"predicate":{"custom_model_data":249},"model":"modelengine:smoke_vfx/ne13"},{"predicate":{"custom_model_data":250},"model":"modelengine:smoke_vfx/sw13"},{"predicate":{"custom_model_data":251},"model":"modelengine:smoke_vfx/se13"},{"predicate":{"custom_model_data":252},"model":"modelengine:smoke_vfx/nw13"},{"predicate":{"custom_model_data":253},"model":"modelengine:smoke_vfx/e13"},{"predicate":{"custom_model_data":254},"model":"modelengine:smoke_vfx/w13"},{"predicate":{"custom_model_data":255},"model":"modelengine:smoke_vfx/s13"},{"predicate":{"custom_model_data":256},"model":"modelengine:smoke_vfx/n13"},{"predicate":{"custom_model_data":257},"model":"modelengine:smoke_vfx/ne14"},{"predicate":{"custom_model_data":258},"model":"modelengine:smoke_vfx/sw14"},{"predicate":{"custom_model_data":259},"model":"modelengine:smoke_vfx/se14"},{"predicate":{"custom_model_data":260},"model":"modelengine:smoke_vfx/nw14"},{"predicate":{"custom_model_data":261},"model":"modelengine:smoke_vfx/e14"},{"predicate":{"custom_model_data":262},"model":"modelengine:smoke_vfx/w14"},{"predicate":{"custom_model_data":263},"model":"modelengine:smoke_vfx/s14"},{"predicate":{"custom_model_data":264},"model":"modelengine:smoke_vfx/n14"},{"predicate":{"custom_model_data":265},"model":"modelengine:smoke_vfx/ne15"},{"predicate":{"custom_model_data":266},"model":"modelengine:smoke_vfx/sw15"},{"predicate":{"custom_model_data":267},"model":"modelengine:smoke_vfx/se15"},{"predicate":{"custom_model_data":268},"model":"modelengine:smoke_vfx/nw15"},{"predicate":{"custom_model_data":269},"model":"modelengine:smoke_vfx/e15"},{"predicate":{"custom_model_data":270},"model":"modelengine:smoke_vfx/w15"},{"predicate":{"custom_model_data":271},"model":"modelengine:smoke_vfx/s15"},{"predicate":{"custom_model_data":272},"model":"modelengine:smoke_vfx/n15"},{"predicate":{"custom_model_data":273},"model":"modelengine:smoke_vfx_initial/ne1"},{"predicate":{"custom_model_data":274},"model":"modelengine:smoke_vfx_initial/sw1"},{"predicate":{"custom_model_data":275},"model":"modelengine:smoke_vfx_initial/se1"},{"predicate":{"custom_model_data":276},"model":"modelengine:smoke_vfx_initial/nw1"},{"predicate":{"custom_model_data":277},"model":"modelengine:smoke_vfx_initial/e1"},{"predicate":{"custom_model_data":278},"model":"modelengine:smoke_vfx_initial/w1"},{"predicate":{"custom_model_data":279},"model":"modelengine:smoke_vfx_initial/s1"},{"predicate":{"custom_model_data":280},"model":"modelengine:smoke_vfx_initial/n1"},{"predicate":{"custom_model_data":281},"model":"modelengine:winter_golem/left_legf"},{"predicate":{"custom_model_data":282},"model":"modelengine:winter_golem/left_leg"},{"predicate":{"custom_model_data":283},"model":"modelengine:winter_golem/right_legf"},{"predicate":{"custom_model_data":284},"model":"modelengine:winter_golem/right_leg"},{"predicate":{"custom_model_data":285},"model":"modelengine:winter_golem/upper"},{"predicate":{"custom_model_data":286},"model":"modelengine:winter_golem/left_arm"},{"predicate":{"custom_model_data":287},"model":"modelengine:winter_golem/left_armf"},{"predicate":{"custom_model_data":288},"model":"modelengine:winter_golem/left_hand"},{"predicate":{"custom_model_data":289},"model":"modelengine:winter_golem/right_arm"},{"predicate":{"custom_model_data":290},"model":"modelengine:winter_golem/right_armf"},{"predicate":{"custom_model_data":291},"model":"modelengine:winter_golem/right_hand"},{"predicate":{"custom_model_data":292},"model":"modelengine:winter_golem/head"},{"predicate":{"custom_model_data":293},"model":"modelengine:winter_moth/right_wing"},{"predicate":{"custom_model_data":294},"model":"modelengine:winter_moth/left_wing"},{"predicate":{"custom_model_data":295},"model":"modelengine:winter_moth/right_arm"},{"predicate":{"custom_model_data":296},"model":"modelengine:winter_moth/right_armf"},{"predicate":{"custom_model_data":297},"model":"modelengine:winter_moth/left_arm"},{"predicate":{"custom_model_data":298},"model":"modelengine:winter_moth/left_armf"},{"predicate":{"custom_model_data":299},"model":"modelengine:winter_moth/upper"},{"predicate":{"custom_model_data":300},"model":"modelengine:winter_moth/main"},{"predicate":{"custom_model_data":301},"model":"modelengine:winter_moth/tail"}]}