{"textures":{"0":"modelengine:entity/nocsy_sewer_rat"},"elements":[{"from":[6.862857,4.3012056,7.0120296],"to":[8.565714,8.289778,8.714887],"rotation":{"angle":0.0,"axis":"y","origin":[4.285714,8.581205,8.434887]},"faces":{"east":{"uv":[2.75,9.5,3.125,10.375],"rotation":0,"texture":"#0","tintindex":0},"south":{"uv":[7.75,9.5,8.125,10.375],"rotation":0,"texture":"#0","tintindex":0},"north":{"uv":[0.75,9.5,1.125,10.375],"rotation":0,"texture":"#0","tintindex":0},"west":{"uv":[8.25,9.5,8.625,10.375],"rotation":0,"texture":"#0","tintindex":0},"up":{"uv":[5.625,11.5,5.25,11.125],"rotation":0,"texture":"#0","tintindex":0},"down":{"uv":[6.125,11.125,5.75,11.5],"rotation":0,"texture":"#0","tintindex":0}}},{"from":[7.740024,4.295491,5.5959787],"to":[8.882881,5.438349,8.453122],"rotation":{"angle":-22.5,"axis":"y","origin":[8.0,4.86692,7.8634586]},"faces":{"east":{"uv":[10.875,3.375,11.5,3.625],"rotation":0,"texture":"#0","tintindex":0},"south":{"uv":[6.25,11.5,6.5,11.75],"rotation":0,"texture":"#0","tintindex":0},"north":{"uv":[3.5,11.5,3.75,11.75],"rotation":0,"texture":"#0","tintindex":0},"west":{"uv":[10.875,3.75,11.5,4.0],"rotation":0,"texture":"#0","tintindex":0},"up":{"uv":[4.25,11.5,4.0,10.875],"rotation":0,"texture":"#0","tintindex":0},"down":{"uv":[11.125,4.125,10.875,4.75],"rotation":0,"texture":"#0","tintindex":0}}},{"from":[6.058519,4.295491,8.045153],"to":[7.2013764,5.438349,10.902296],"rotation":{"angle":22.5,"axis":"y","origin":[1.0285711,4.86692,7.8634586]},"faces":{"east":{"uv":[10.875,6.625,11.5,6.875],"rotation":0,"texture":"#0","tintindex":0},"south":{"uv":[11.5,8.875,11.75,9.125],"rotation":0,"texture":"#0","tintindex":0},"north":{"uv":[8.625,11.5,8.875,11.75],"rotation":0,"texture":"#0","tintindex":0},"west":{"uv":[10.875,7.0,11.5,7.25],"rotation":0,"texture":"#0","tintindex":0},"up":{"uv":[4.625,11.5,4.375,10.875],"rotation":0,"texture":"#0","tintindex":0},"down":{"uv":[9.375,10.875,9.125,11.5],"rotation":0,"texture":"#0","tintindex":0}}},{"from":[7.05468,4.289777,5.427668],"to":[8.208965,5.444063,8.29624],"rotation":{"angle":0.0,"axis":"y","origin":[1.0285711,4.86692,7.8634586]},"faces":{"east":{"uv":[10.875,7.375,11.5,7.625],"rotation":0,"texture":"#0","tintindex":0},"south":{"uv":[11.5,9.625,11.75,9.875],"rotation":0,"texture":"#0","tintindex":0},"north":{"uv":[11.5,9.25,11.75,9.5],"rotation":0,"texture":"#0","tintindex":0},"west":{"uv":[10.125,10.875,10.75,11.125],"rotation":0,"texture":"#0","tintindex":0},"up":{"uv":[11.125,11.5,10.875,10.875],"rotation":0,"texture":"#0","tintindex":0},"down":{"uv":[0.625,11.0,0.375,11.625],"rotation":0,"texture":"#0","tintindex":0}}}],"display":{"head":{"translation":[0.0,-6.4,0.0],"scale":[4.0,4.0,4.0]}}}