{"textures":{"0":"modelengine:entity/nocsy_sewer_rat"},"elements":[{"from":[6.857143,6.857143,7.428571],"to":[8.571428,8.571428,12.571428],"rotation":{"angle":0.0,"axis":"y","origin":[8.285714,10.028868,5.2261844]},"faces":{"east":{"uv":[7.75,0.0,8.875,0.375],"rotation":0,"texture":"#0","tintindex":0},"south":{"uv":[11.0,1.625,11.375,2.0],"rotation":0,"texture":"#0","tintindex":0},"north":{"uv":[11.0,0.0,11.375,0.375],"rotation":0,"texture":"#0","tintindex":0},"west":{"uv":[8.625,5.125,9.75,5.5],"rotation":0,"texture":"#0","tintindex":0},"up":{"uv":[3.375,9.375,3.0,8.25],"rotation":0,"texture":"#0","tintindex":0},"down":{"uv":[7.625,8.625,7.25,9.75],"rotation":0,"texture":"#0","tintindex":0}}}],"display":{"head":{"translation":[0.0,-6.4,0.0],"scale":[4.0,4.0,4.0]}}}