{"textures":{"0":"modelengine:entity/ice_spike"},"elements":[{"from":[5.8167367,3.7695093,5.7032957],"to":[9.873879,15.76951,9.760439],"rotation":{"angle":0.0,"axis":"y","origin":[6.3881655,-35.659065,6.274724]},"faces":{"east":{"uv":[3.5,0.0,5.25,5.25],"rotation":0,"texture":"#0","tintindex":0},"south":{"uv":[3.5,0.0,5.25,5.25],"rotation":0,"texture":"#0","tintindex":0},"north":{"uv":[3.5,0.0,5.25,5.25],"rotation":0,"texture":"#0","tintindex":0},"west":{"uv":[3.5,0.0,5.25,5.25],"rotation":0,"texture":"#0","tintindex":0},"up":{"uv":[11.5,5.0,9.75,3.25],"rotation":0,"texture":"#0","tintindex":0},"down":{"uv":[11.5,5.0,9.75,6.75],"rotation":0,"texture":"#0","tintindex":0}}},{"from":[6.7024508,7.198081,11.160439],"to":[10.131022,14.626653,14.017582],"rotation":{"angle":45.0,"axis":"x","origin":[8.988165,10.055223,7.731867]},"faces":{"east":{"uv":[6.5,6.5,7.75,9.75],"rotation":0,"texture":"#0","tintindex":0},"south":{"uv":[1.75,5.25,3.25,8.5],"rotation":0,"texture":"#0","tintindex":0},"north":{"uv":[1.75,5.25,3.25,8.5],"rotation":0,"texture":"#0","tintindex":0},"west":{"uv":[6.5,6.5,7.75,9.75],"rotation":0,"texture":"#0","tintindex":0},"up":{"uv":[7.25,11.0,5.75,9.75],"rotation":0,"texture":"#0","tintindex":0},"down":{"uv":[11.25,6.75,9.75,8.0],"rotation":0,"texture":"#0","tintindex":0}}},{"from":[6.7024508,5.483795,3.1604385],"to":[8.988165,13.483795,6.0175815],"rotation":{"angle":-22.5,"axis":"x","origin":[7.2738795,10.055223,7.731867]},"faces":{"east":{"uv":[3.25,5.25,4.5,8.75],"rotation":0,"texture":"#0","tintindex":0},"south":{"uv":[7.75,3.25,8.75,6.75],"rotation":0,"texture":"#0","tintindex":0},"north":{"uv":[7.75,3.25,8.75,6.75],"rotation":0,"texture":"#0","tintindex":0},"west":{"uv":[3.25,5.25,4.5,8.75],"rotation":0,"texture":"#0","tintindex":0},"up":{"uv":[11.0,1.25,10.0,0.0],"rotation":0,"texture":"#0","tintindex":0},"down":{"uv":[11.0,1.25,10.0,2.5],"rotation":0,"texture":"#0","tintindex":0}}},{"from":[11.27388,7.198081,6.58901],"to":[14.131022,14.626653,8.874724],"rotation":{"angle":-45.0,"axis":"z","origin":[7.8453083,10.055223,8.874724]},"faces":{"east":{"uv":[8.75,6.5,9.75,9.75],"rotation":0,"texture":"#0","tintindex":0},"south":{"uv":[4.5,6.75,5.75,10.0],"rotation":0,"texture":"#0","tintindex":0},"north":{"uv":[4.5,6.75,5.75,10.0],"rotation":0,"texture":"#0","tintindex":0},"west":{"uv":[8.75,6.5,9.75,9.75],"rotation":0,"texture":"#0","tintindex":0},"up":{"uv":[11.0,9.0,9.75,8.0],"rotation":0,"texture":"#0","tintindex":0},"down":{"uv":[10.0,9.75,8.75,10.75],"rotation":0,"texture":"#0","tintindex":0}}},{"from":[2.131022,7.198081,6.58901],"to":[4.4167366,14.626653,8.874724],"rotation":{"angle":45.0,"axis":"z","origin":[7.8453083,10.055223,7.1604385]},"faces":{"east":{"uv":[8.0,0.0,9.0,3.25],"rotation":0,"texture":"#0","tintindex":0},"south":{"uv":[8.0,0.0,9.0,3.25],"rotation":0,"texture":"#0","tintindex":0},"north":{"uv":[8.0,0.0,9.0,3.25],"rotation":0,"texture":"#0","tintindex":0},"west":{"uv":[8.0,0.0,9.0,3.25],"rotation":0,"texture":"#0","tintindex":0},"up":{"uv":[4.75,11.0,3.75,10.0],"rotation":0,"texture":"#0","tintindex":0},"down":{"uv":[5.75,10.0,4.75,11.0],"rotation":0,"texture":"#0","tintindex":0}}}],"display":{"head":{"translation":[0.0,-6.4,0.0],"scale":[4.0,4.0,4.0]}}}