{"textures":{"0":"modelengine:entity/nocsy_sewer_boss"},"elements":[{"from":[6.2799997,7.1371427,6.5657144],"to":[9.72,10.577143,8.291429],"rotation":{"angle":0.0,"axis":"y","origin":[8.0,7.714286,11.142858]},"faces":{"east":{"uv":[1.25,5.5625,1.4375,5.9375],"rotation":0,"texture":"#0","tintindex":0},"south":{"uv":[6.0,6.5,6.375,6.875],"rotation":0,"texture":"#0","tintindex":0},"north":{"uv":[6.5,4.75,6.875,5.125],"rotation":0,"texture":"#0","tintindex":0},"west":{"uv":[2.3125,8.125,2.5,8.5],"rotation":0,"texture":"#0","tintindex":0},"up":{"uv":[5.4375,4.25,5.0625,4.0625],"rotation":0,"texture":"#0","tintindex":0},"down":{"uv":[8.4375,4.1875,8.0625,4.375],"rotation":0,"texture":"#0","tintindex":0}}},{"from":[6.285714,7.340379,7.5644393],"to":[9.714286,10.76895,8.707296],"rotation":{"angle":-22.5,"axis":"x","origin":[8.0,9.054665,8.421582]},"faces":{"east":{"uv":[0.75,3.125,0.875,3.5],"rotation":0,"texture":"#0","tintindex":0},"south":{"uv":[6.5625,2.125,6.9375,2.5],"rotation":0,"texture":"#0","tintindex":0},"north":{"uv":[6.4375,6.5,6.8125,6.875],"rotation":0,"texture":"#0","tintindex":0},"west":{"uv":[0.4375,5.0625,0.5625,5.4375],"rotation":0,"texture":"#0","tintindex":0},"up":{"uv":[4.5625,5.8125,4.1875,5.6875],"rotation":0,"texture":"#0","tintindex":0},"down":{"uv":[7.625,6.875,7.25,7.0],"rotation":0,"texture":"#0","tintindex":0}}},{"from":[7.0857143,7.6571426,6.5142856],"to":[8.914286,12.342857,8.342857],"rotation":{"angle":0.0,"axis":"y","origin":[8.285714,7.714286,11.142858]},"faces":{"east":{"uv":[7.8125,0.0,8.0,0.5],"rotation":0,"texture":"#0","tintindex":0},"south":{"uv":[7.8125,0.5625,8.0,1.0625],"rotation":0,"texture":"#0","tintindex":0},"north":{"uv":[0.0,7.75,0.1875,8.25],"rotation":0,"texture":"#0","tintindex":0},"west":{"uv":[2.6875,7.8125,2.875,8.3125],"rotation":0,"texture":"#0","tintindex":0},"up":{"uv":[9.375,0.1875,9.1875,0.0],"rotation":0,"texture":"#0","tintindex":0},"down":{"uv":[9.375,5.875,9.1875,6.0625],"rotation":0,"texture":"#0","tintindex":0}}},{"from":[8.0,8.857143,6.5714283],"to":[9.714286,12.285715,8.285714],"rotation":{"angle":-22.5,"axis":"z","origin":[8.0,9.142858,7.428571]},"faces":{"east":{"uv":[4.0,8.125,4.1875,8.5],"rotation":0,"texture":"#0","tintindex":0},"south":{"uv":[4.25,8.125,4.4375,8.5],"rotation":0,"texture":"#0","tintindex":0},"north":{"uv":[3.375,8.125,3.5625,8.5],"rotation":0,"texture":"#0","tintindex":0},"west":{"uv":[8.1875,1.3125,8.375,1.6875],"rotation":0,"texture":"#0","tintindex":0},"up":{"uv":[9.375,6.75,9.1875,6.5625],"rotation":0,"texture":"#0","tintindex":0},"down":{"uv":[5.4375,9.25,5.25,9.4375],"rotation":0,"texture":"#0","tintindex":0}}},{"from":[6.457143,8.171429,6.5714283],"to":[8.171429,11.6,8.285714],"rotation":{"angle":22.5,"axis":"z","origin":[6.457143,8.457143,7.428571]},"faces":{"east":{"uv":[8.1875,2.375,8.375,2.75],"rotation":0,"texture":"#0","tintindex":0},"south":{"uv":[8.1875,2.8125,8.375,3.1875],"rotation":0,"texture":"#0","tintindex":0},"north":{"uv":[8.1875,1.9375,8.375,2.3125],"rotation":0,"texture":"#0","tintindex":0},"west":{"uv":[8.1875,3.25,8.375,3.625],"rotation":0,"texture":"#0","tintindex":0},"up":{"uv":[5.6875,9.4375,5.5,9.25],"rotation":0,"texture":"#0","tintindex":0},"down":{"uv":[5.9375,9.25,5.75,9.4375],"rotation":0,"texture":"#0","tintindex":0}}},{"from":[10.369281,10.866982,6.6285715],"to":[10.369281,13.152697,8.342857],"rotation":{"angle":-22.5,"axis":"y","origin":[10.597852,12.00984,7.428571]},"faces":{"east":{"uv":[2.3125,8.9375,2.5,9.1875],"rotation":0,"texture":"#0","tintindex":0},"south":{"uv":[5.25,6.5,5.25,6.75],"rotation":0,"texture":"#0","tintindex":0},"north":{"uv":[2.6875,6.3125,2.6875,6.5625],"rotation":0,"texture":"#0","tintindex":0},"west":{"uv":[2.5625,8.9375,2.75,9.1875],"rotation":0,"texture":"#0","tintindex":0},"up":{"uv":[3.4375,5.6875,3.4375,5.5],"rotation":0,"texture":"#0","tintindex":0},"down":{"uv":[3.5,5.5,3.5,5.6875],"rotation":0,"texture":"#0","tintindex":0}}},{"from":[9.704314,10.866982,6.6285715],"to":[9.704314,13.152697,8.342857],"rotation":{"angle":22.5,"axis":"y","origin":[9.475742,12.00984,7.428571]},"faces":{"east":{"uv":[2.8125,8.9375,3.0,9.1875],"rotation":0,"texture":"#0","tintindex":0},"south":{"uv":[6.8125,0.0,6.8125,0.25],"rotation":0,"texture":"#0","tintindex":0},"north":{"uv":[5.3125,6.5,5.3125,6.75],"rotation":0,"texture":"#0","tintindex":0},"west":{"uv":[3.5,8.9375,3.6875,9.1875],"rotation":0,"texture":"#0","tintindex":0},"up":{"uv":[6.8125,4.6875,6.8125,4.5],"rotation":0,"texture":"#0","tintindex":0},"down":{"uv":[6.875,0.0,6.875,0.1875],"rotation":0,"texture":"#0","tintindex":0}}},{"from":[7.6471715,11.781268,6.6285715],"to":[7.6471715,14.066982,8.342857],"rotation":{"angle":22.5,"axis":"y","origin":[7.4186,12.924126,7.428571]},"faces":{"east":{"uv":[4.25,8.9375,4.4375,9.1875],"rotation":0,"texture":"#0","tintindex":0},"south":{"uv":[7.125,7.875,7.125,8.125],"rotation":0,"texture":"#0","tintindex":0},"north":{"uv":[4.0,7.6875,4.0,7.9375],"rotation":0,"texture":"#0","tintindex":0},"west":{"uv":[8.9375,4.25,9.125,4.5],"rotation":0,"texture":"#0","tintindex":0},"up":{"uv":[6.875,4.6875,6.875,4.5],"rotation":0,"texture":"#0","tintindex":0},"down":{"uv":[6.9375,0.375,6.9375,0.5625],"rotation":0,"texture":"#0","tintindex":0}}},{"from":[8.312138,11.781268,6.6285715],"to":[8.312138,14.066982,8.342857],"rotation":{"angle":-22.5,"axis":"y","origin":[8.540709,12.924126,7.428571]},"faces":{"east":{"uv":[8.9375,4.5625,9.125,4.8125],"rotation":0,"texture":"#0","tintindex":0},"south":{"uv":[6.5,8.0625,6.5,8.3125],"rotation":0,"texture":"#0","tintindex":0},"north":{"uv":[6.4375,8.0625,6.4375,8.3125],"rotation":0,"texture":"#0","tintindex":0},"west":{"uv":[5.25,8.9375,5.4375,9.1875],"rotation":0,"texture":"#0","tintindex":0},"up":{"uv":[7.0,0.5625,7.0,0.375],"rotation":0,"texture":"#0","tintindex":0},"down":{"uv":[7.1875,7.5625,7.1875,7.75],"rotation":0,"texture":"#0","tintindex":0}}},{"from":[5.647171,10.866982,6.6285715],"to":[5.647171,13.152697,8.342857],"rotation":{"angle":22.5,"axis":"y","origin":[5.4185996,12.00984,7.428571]},"faces":{"east":{"uv":[5.5,8.9375,5.6875,9.1875],"rotation":0,"texture":"#0","tintindex":0},"south":{"uv":[1.5625,8.3125,1.5625,8.5625],"rotation":0,"texture":"#0","tintindex":0},"north":{"uv":[8.25,4.4375,8.25,4.6875],"rotation":0,"texture":"#0","tintindex":0},"west":{"uv":[8.9375,5.5625,9.125,5.8125],"rotation":0,"texture":"#0","tintindex":0},"up":{"uv":[2.5625,8.3125,2.5625,8.125],"rotation":0,"texture":"#0","tintindex":0},"down":{"uv":[2.625,8.125,2.625,8.3125],"rotation":0,"texture":"#0","tintindex":0}}},{"from":[6.3121376,10.866982,6.6285715],"to":[6.3121376,13.152697,8.342857],"rotation":{"angle":-22.5,"axis":"y","origin":[6.5407085,12.00984,7.428571]},"faces":{"east":{"uv":[5.75,8.9375,5.9375,9.1875],"rotation":0,"texture":"#0","tintindex":0},"south":{"uv":[9.1875,0.8125,9.1875,1.0625],"rotation":0,"texture":"#0","tintindex":0},"north":{"uv":[1.5,8.75,1.5,9.0],"rotation":0,"texture":"#0","tintindex":0},"west":{"uv":[8.9375,5.875,9.125,6.125],"rotation":0,"texture":"#0","tintindex":0},"up":{"uv":[7.875,9.0,7.875,8.8125],"rotation":0,"texture":"#0","tintindex":0},"down":{"uv":[7.5,9.25,7.5,9.4375],"rotation":0,"texture":"#0","tintindex":0}}}],"display":{"head":{"translation":[0.0,-6.4,0.0],"scale":[4.0,4.0,4.0]}}}