{"textures":{"0":"modelengine:entity/winter_golem"},"elements":[{"from":[6.0,2.7142854,5.428571],"to":[10.0,8.428572,10.571428],"rotation":{"angle":0.0,"axis":"y","origin":[8.571428,15.285715,9.714286]},"faces":{"east":{"uv":[7.25,0.0,8.375,1.25],"rotation":0,"texture":"#0","tintindex":0},"south":{"uv":[1.0,5.5,1.875,6.75],"rotation":0,"texture":"#0","tintindex":0},"north":{"uv":[1.0,5.5,1.875,6.75],"rotation":0,"texture":"#0","tintindex":0},"west":{"uv":[7.25,0.0,8.375,1.25],"rotation":0,"texture":"#0","tintindex":0},"up":{"uv":[6.125,10.375,5.25,9.25],"rotation":0,"texture":"#0","tintindex":0},"down":{"uv":[7.0,9.25,6.125,10.375],"rotation":0,"texture":"#0","tintindex":0}}},{"from":[5.428571,4.428571,4.8571424],"to":[10.571428,7.285714,11.142858],"rotation":{"angle":0.0,"axis":"y","origin":[8.571428,15.285715,9.714286]},"faces":{"east":{"uv":[4.25,6.5,5.625,7.125],"rotation":0,"texture":"#0","tintindex":0},"south":{"uv":[7.25,6.5,8.375,7.125],"rotation":0,"texture":"#0","tintindex":0},"north":{"uv":[4.25,7.125,5.375,7.75],"rotation":0,"texture":"#0","tintindex":0},"west":{"uv":[4.25,6.5,5.625,7.125],"rotation":0,"texture":"#0","tintindex":0},"up":{"uv":[6.875,4.875,5.75,3.5],"rotation":0,"texture":"#0","tintindex":0},"down":{"uv":[4.25,6.5,3.125,7.875],"rotation":0,"texture":"#0","tintindex":0}}}],"display":{"head":{"translation":[0.0,-6.4,0.0],"scale":[4.0,4.0,4.0]}}}