{"textures":{"0":"modelengine:entity/winter_golem"},"elements":[{"from":[7.714286,5.214286,5.428571],"to":[12.857143,10.928572,10.571428],"rotation":{"angle":0.0,"axis":"y","origin":[9.714286,7.5,9.714286]},"faces":{"east":{"uv":[7.25,6.75,6.125,8.0],"rotation":0,"texture":"#0","tintindex":0},"south":{"uv":[11.25,6.125,10.125,7.375],"rotation":0,"texture":"#0","tintindex":0},"north":{"uv":[11.25,6.125,10.125,7.375],"rotation":0,"texture":"#0","tintindex":0},"west":{"uv":[11.25,6.125,10.125,7.375],"rotation":0,"texture":"#0","tintindex":0},"up":{"uv":[10.125,8.5,11.25,7.375],"rotation":0,"texture":"#0","tintindex":0},"down":{"uv":[10.125,8.5,11.25,9.625],"rotation":0,"texture":"#0","tintindex":0}}}],"display":{"head":{"translation":[0.0,-6.4,0.0],"scale":[4.0,4.0,4.0]}}}