{"textures":{"0":"modelengine:entity/winter_golem"},"elements":[{"from":[6.428571,5.714286,6.5714283],"to":[9.285714,8.571428,9.428572],"rotation":{"angle":0.0,"axis":"y","origin":[2.7142854,13.714286,8.857143]},"faces":{"east":{"uv":[10.125,9.625,9.5,10.25],"rotation":0,"texture":"#0","tintindex":0},"south":{"uv":[10.125,9.625,9.5,10.25],"rotation":0,"texture":"#0","tintindex":0},"north":{"uv":[10.125,9.625,9.5,10.25],"rotation":0,"texture":"#0","tintindex":0},"west":{"uv":[10.125,9.625,9.5,10.25],"rotation":0,"texture":"#0","tintindex":0},"up":{"uv":[9.875,3.625,10.5,3.0],"rotation":0,"texture":"#0","tintindex":0},"down":{"uv":[10.0,3.625,10.625,4.25],"rotation":0,"texture":"#0","tintindex":0}}}],"display":{"head":{"translation":[0.0,-6.4,0.0],"scale":[4.0,4.0,4.0]}}}