{
  "parent": "minecraft:item/handheld",
  "textures": {
    "layer0": "minecraft:item/diamond_shovel"
	},
	"overrides": [
		{ "predicate": { "custom_model_data": 1}, "model": "item/custom/staffs/vs_staff_adept" },
		{ "predicate": { "custom_model_data": 2}, "model": "item/custom/staffs/vs_staff_aquatic" },
		{ "predicate": { "custom_model_data": 3}, "model": "item/custom/staffs/vs_staff_arcana" },
		{ "predicate": { "custom_model_data": 4}, "model": "item/custom/staffs/vs_staff_bamboo" },
		{ "predicate": { "custom_model_data": 5}, "model": "item/custom/staffs/vs_staff_druid" },
		{ "predicate": { "custom_model_data": 6}, "model": "item/custom/staffs/vs_staff_eagle" }
	]
}
