{"textures":{"0":"modelengine:entity/iceboar"},"elements":[{"from":[8.0,0.0,5.142857],"to":[8.0,9.142858,12.0],"rotation":{"angle":0.0,"axis":"y","origin":[8.0,6.285714,6.857143]},"faces":{"east":{"uv":[0.0,0.0,1.5,2.0],"rotation":0,"texture":"#0","tintindex":0},"south":{"uv":[0.0,0.0,0.0,2.0],"rotation":0,"texture":"#0","tintindex":0},"north":{"uv":[0.0,0.0,0.0,2.0],"rotation":0,"texture":"#0","tintindex":0},"west":{"uv":[1.5,0.0,3.0,2.0],"rotation":0,"texture":"#0","tintindex":0},"up":{"uv":[0.0,1.5,0.0,0.0],"rotation":0,"texture":"#0","tintindex":0},"down":{"uv":[0.0,0.0,0.0,1.5],"rotation":0,"texture":"#0","tintindex":0}}}],"display":{"head":{"translation":[0.0,-6.4,0.0],"scale":[4.0,4.0,4.0]}}}