{"textures":{"0":"modelengine:entity/nocsy_sewer_potion_projectile"},"elements":[{"from":[4.8547363,3.7753792,5.428571],"to":[11.1404505,10.632523,10.571428],"rotation":{"angle":0.0,"axis":"y","origin":[8.569022,9.203951,4.5714283]},"faces":{"east":{"uv":[6.0,6.5,8.25,9.5],"rotation":0,"texture":"#0","tintindex":0},"south":{"uv":[3.75,3.25,6.5,6.25],"rotation":0,"texture":"#0","tintindex":0},"north":{"uv":[3.75,0.0,6.5,3.0],"rotation":0,"texture":"#0","tintindex":0},"west":{"uv":[6.75,0.0,9.0,3.0],"rotation":0,"texture":"#0","tintindex":0},"up":{"uv":[2.75,11.5,0.0,9.25],"rotation":0,"texture":"#0","tintindex":0},"down":{"uv":[12.0,0.0,9.25,2.25],"rotation":0,"texture":"#0","tintindex":0}}},{"from":[4.969022,3.8896646,5.542857],"to":[11.026165,10.518237,10.457143],"rotation":{"angle":0.0,"axis":"y","origin":[8.569022,9.203951,4.5714283]},"faces":{"east":{"uv":[6.75,3.25,9.0,6.25],"rotation":0,"texture":"#0","tintindex":0},"south":{"uv":[3.0,6.5,5.75,9.5],"rotation":0,"texture":"#0","tintindex":0},"north":{"uv":[0.0,6.0,2.75,9.0],"rotation":0,"texture":"#0","tintindex":0},"west":{"uv":[8.5,6.5,10.75,9.5],"rotation":0,"texture":"#0","tintindex":0},"up":{"uv":[12.0,4.75,9.25,2.5],"rotation":0,"texture":"#0","tintindex":0},"down":{"uv":[5.75,9.75,3.0,12.0],"rotation":0,"texture":"#0","tintindex":0}}},{"from":[3.797593,6.5753794,4.8571424],"to":[11.797594,8.8610935,11.142858],"rotation":{"angle":-22.5,"axis":"z","origin":[7.9975934,7.203951,7.714286]},"faces":{"east":{"uv":[0.0,11.75,2.75,12.75],"rotation":0,"texture":"#0","tintindex":0},"south":{"uv":[12.0,10.25,15.5,11.25],"rotation":0,"texture":"#0","tintindex":0},"north":{"uv":[12.0,9.0,15.5,10.0],"rotation":0,"texture":"#0","tintindex":0},"west":{"uv":[12.0,11.5,14.75,12.5],"rotation":0,"texture":"#0","tintindex":0},"up":{"uv":[3.5,2.75,0.0,0.0],"rotation":0,"texture":"#0","tintindex":0},"down":{"uv":[3.5,3.0,0.0,5.75],"rotation":0,"texture":"#0","tintindex":0}}},{"from":[5.4261646,10.632523,6.0],"to":[10.569022,11.203951,10.0],"rotation":{"angle":0.0,"axis":"y","origin":[8.569022,9.203951,4.5714283]},"faces":{"east":{"uv":[12.25,4.0,14.0,4.25],"rotation":0,"texture":"#0","tintindex":0},"south":{"uv":[12.25,3.5,14.5,3.75],"rotation":0,"texture":"#0","tintindex":0},"north":{"uv":[12.25,3.0,14.5,3.25],"rotation":0,"texture":"#0","tintindex":0},"west":{"uv":[12.25,4.5,14.0,4.75],"rotation":0,"texture":"#0","tintindex":0},"up":{"uv":[13.25,6.75,11.0,5.0],"rotation":0,"texture":"#0","tintindex":0},"down":{"uv":[13.25,7.0,11.0,8.75],"rotation":0,"texture":"#0","tintindex":0}}},{"from":[4.8547363,11.203951,5.428571],"to":[11.1404505,12.918237,10.571428],"rotation":{"angle":0.0,"axis":"y","origin":[8.569022,9.203951,4.5714283]},"faces":{"east":{"uv":[12.25,2.0,14.5,2.75],"rotation":0,"texture":"#0","tintindex":0},"south":{"uv":[12.25,1.0,15.0,1.75],"rotation":0,"texture":"#0","tintindex":0},"north":{"uv":[12.25,0.0,15.0,0.75],"rotation":0,"texture":"#0","tintindex":0},"west":{"uv":[3.0,12.25,5.25,13.0],"rotation":0,"texture":"#0","tintindex":0},"up":{"uv":[8.75,12.0,6.0,9.75],"rotation":0,"texture":"#0","tintindex":0},"down":{"uv":[11.75,9.75,9.0,12.0],"rotation":0,"texture":"#0","tintindex":0}}}],"display":{"head":{"translation":[0.0,-6.4,0.0],"scale":[4.0,4.0,4.0]}}}