{"textures":{"0":"modelengine:entity/thorn_spitter"},"elements":[{"from":[4.0,12.509615,11.853965],"to":[12.0,12.509615,16.996822],"rotation":{"angle":22.5,"axis":"x","origin":[8.0,14.733828,6.275023]},"faces":{"east":{"uv":[10.0,12.875,8.875,12.875],"rotation":0,"texture":"#0","tintindex":0},"south":{"uv":[14.625,11.5,12.875,11.5],"rotation":0,"texture":"#0","tintindex":0},"north":{"uv":[14.625,11.625,12.875,11.625],"rotation":0,"texture":"#0","tintindex":0},"west":{"uv":[14.0,11.75,12.875,11.75],"rotation":0,"texture":"#0","tintindex":0},"up":{"uv":[6.625,1.25,4.875,2.375],"rotation":0,"texture":"#0","tintindex":0},"down":{"uv":[6.625,3.625,4.875,2.5],"rotation":0,"texture":"#0","tintindex":0}}},{"from":[4.0,8.728035,1.2127576],"to":[12.0,8.728035,6.3556147],"rotation":{"angle":-45.0,"axis":"x","origin":[8.0,14.733828,6.275023]},"faces":{"east":{"uv":[13.875,9.875,12.75,9.875],"rotation":0,"texture":"#0","tintindex":0},"south":{"uv":[14.5,4.25,12.75,4.25],"rotation":0,"texture":"#0","tintindex":0},"north":{"uv":[14.5,10.0,12.75,10.0],"rotation":0,"texture":"#0","tintindex":0},"west":{"uv":[13.875,10.125,12.75,10.125],"rotation":0,"texture":"#0","tintindex":0},"up":{"uv":[5.0,3.75,3.25,4.875],"rotation":0,"texture":"#0","tintindex":0},"down":{"uv":[6.625,1.125,4.875,0.0],"rotation":0,"texture":"#0","tintindex":0}}}],"display":{"head":{"translation":[0.0,-6.4,0.0],"scale":[4.0,4.0,4.0]}}}