{"textures":{"0":"modelengine:entity/thorn_spitter"},"elements":[{"from":[5.142857,5.791509,1.8298182],"to":[10.857143,11.5057955,8.115533],"rotation":{"angle":0.0,"axis":"y","origin":[8.0,3.918097,6.4533677]},"faces":{"east":{"uv":[4.625,6.25,6.0,7.5],"rotation":0,"texture":"#0","tintindex":0},"south":{"uv":[7.625,5.75,8.875,7.0],"rotation":0,"texture":"#0","tintindex":0},"north":{"uv":[4.625,7.625,5.875,8.875],"rotation":0,"texture":"#0","tintindex":0},"west":{"uv":[6.125,6.25,7.5,7.5],"rotation":0,"texture":"#0","tintindex":0},"up":{"uv":[8.0,1.375,6.75,0.0],"rotation":0,"texture":"#0","tintindex":0},"down":{"uv":[8.0,1.5,6.75,2.875],"rotation":0,"texture":"#0","tintindex":0}}},{"from":[5.142857,10.291561,10.892694],"to":[10.857143,10.291561,17.749838],"rotation":{"angle":-22.5,"axis":"x","origin":[8.0,3.918097,6.4533677]},"faces":{"east":{"uv":[12.625,5.125,14.125,5.125],"rotation":0,"texture":"#0","tintindex":0},"south":{"uv":[12.625,5.25,13.875,5.25],"rotation":0,"texture":"#0","tintindex":0},"north":{"uv":[12.0,9.75,13.25,9.75],"rotation":0,"texture":"#0","tintindex":0},"west":{"uv":[12.625,7.5,14.125,7.5],"rotation":0,"texture":"#0","tintindex":0},"up":{"uv":[3.125,7.125,1.875,5.625],"rotation":0,"texture":"#0","tintindex":0},"down":{"uv":[4.5,6.25,3.25,7.75],"rotation":0,"texture":"#0","tintindex":0}}},{"from":[5.9964275,5.791509,9.08239],"to":[5.9964275,11.5057955,15.368105],"rotation":{"angle":-22.5,"axis":"y","origin":[8.0,3.918097,6.4533677]},"faces":{"east":{"uv":[0.0,6.875,1.375,8.125],"rotation":0,"texture":"#0","tintindex":0},"south":{"uv":[10.75,12.75,10.75,14.0],"rotation":0,"texture":"#0","tintindex":0},"north":{"uv":[8.75,12.5,8.75,13.75],"rotation":0,"texture":"#0","tintindex":0},"west":{"uv":[7.0,3.0,8.375,4.25],"rotation":0,"texture":"#0","tintindex":0},"up":{"uv":[10.875,14.125,10.875,12.75],"rotation":0,"texture":"#0","tintindex":0},"down":{"uv":[11.0,12.75,11.0,14.125],"rotation":0,"texture":"#0","tintindex":0}}},{"from":[10.003572,5.791509,9.08239],"to":[10.003572,11.5057955,15.368105],"rotation":{"angle":22.5,"axis":"y","origin":[8.0,3.918097,6.4533677]},"faces":{"east":{"uv":[7.0,4.375,8.375,5.625],"rotation":0,"texture":"#0","tintindex":0},"south":{"uv":[11.25,12.75,11.25,14.0],"rotation":0,"texture":"#0","tintindex":0},"north":{"uv":[11.125,12.75,11.125,14.0],"rotation":0,"texture":"#0","tintindex":0},"west":{"uv":[1.5,7.25,2.875,8.5],"rotation":0,"texture":"#0","tintindex":0},"up":{"uv":[11.375,14.125,11.375,12.75],"rotation":0,"texture":"#0","tintindex":0},"down":{"uv":[11.5,12.75,11.5,14.125],"rotation":0,"texture":"#0","tintindex":0}}}],"display":{"head":{"translation":[0.0,-6.4,0.0],"scale":[4.0,4.0,4.0]}}}