{"textures":{"0":"modelengine:entity/thorn_spitter"},"elements":[{"from":[5.0,5.000428,1.7214289],"to":[8.428572,8.429,1.7214289],"rotation":{"angle":0.0,"axis":"y","origin":[8.428572,6.714714,1.7214289]},"faces":{"east":{"uv":[4.5,8.625,4.5,7.875],"rotation":0,"texture":"#0","tintindex":0},"south":{"uv":[11.625,10.625,10.875,9.875],"rotation":0,"texture":"#0","tintindex":0},"north":{"uv":[10.875,10.625,11.625,9.875],"rotation":0,"texture":"#0","tintindex":0},"west":{"uv":[9.75,9.375,9.75,8.625],"rotation":0,"texture":"#0","tintindex":0},"up":{"uv":[11.5,0.75,10.75,0.75],"rotation":0,"texture":"#0","tintindex":0},"down":{"uv":[10.375,2.25,9.625,2.25],"rotation":0,"texture":"#0","tintindex":0}}},{"from":[5.0,4.999857,1.7071428],"to":[5.0,8.428429,7.992857],"rotation":{"angle":0.0,"axis":"y","origin":[8.428572,3.697873,12.630692]},"faces":{"east":{"uv":[8.125,1.5,9.5,2.25],"rotation":0,"texture":"#0","tintindex":0},"south":{"uv":[6.875,11.375,6.875,12.125],"rotation":0,"texture":"#0","tintindex":0},"north":{"uv":[5.25,11.375,5.25,12.125],"rotation":0,"texture":"#0","tintindex":0},"west":{"uv":[0.0,8.25,1.375,9.0],"rotation":0,"texture":"#0","tintindex":0},"up":{"uv":[5.875,13.75,5.875,12.375],"rotation":0,"texture":"#0","tintindex":0},"down":{"uv":[11.75,12.375,11.75,13.75],"rotation":0,"texture":"#0","tintindex":0}}},{"from":[5.0,4.999857,1.7214284],"to":[8.428572,4.999857,8.007143],"rotation":{"angle":0.0,"axis":"y","origin":[8.428572,3.697873,12.630692]},"faces":{"east":{"uv":[12.75,3.875,14.125,3.875],"rotation":0,"texture":"#0","tintindex":0},"south":{"uv":[12.75,4.0,13.5,4.0],"rotation":0,"texture":"#0","tintindex":0},"north":{"uv":[12.75,3.75,13.5,3.75],"rotation":0,"texture":"#0","tintindex":0},"west":{"uv":[12.75,4.125,14.125,4.125],"rotation":0,"texture":"#0","tintindex":0},"up":{"uv":[9.0,8.5,8.25,7.125],"rotation":0,"texture":"#0","tintindex":0},"down":{"uv":[9.25,2.375,8.5,3.75],"rotation":0,"texture":"#0","tintindex":0}}},{"from":[5.0,4.999857,7.992857],"to":[8.428572,8.428429,7.992857],"rotation":{"angle":0.0,"axis":"y","origin":[8.428572,3.697873,12.630692]},"faces":{"east":{"uv":[9.875,8.625,9.875,9.375],"rotation":0,"texture":"#0","tintindex":0},"south":{"uv":[11.125,5.25,11.875,6.0],"rotation":0,"texture":"#0","tintindex":0},"north":{"uv":[11.125,4.375,11.875,5.125],"rotation":0,"texture":"#0","tintindex":0},"west":{"uv":[7.25,10.625,7.25,11.375],"rotation":0,"texture":"#0","tintindex":0},"up":{"uv":[13.375,7.625,12.625,7.625],"rotation":0,"texture":"#0","tintindex":0},"down":{"uv":[13.375,7.75,12.625,7.75],"rotation":0,"texture":"#0","tintindex":0}}}],"display":{"head":{"translation":[0.0,-6.4,0.0],"scale":[4.0,4.0,4.0]}}}