{"textures":{"0":"modelengine:entity/bug_swarm"},"elements":[{"from":[7.142857,7.3599043,7.840031],"to":[8.857143,9.07419,11.840032],"rotation":{"angle":22.5,"axis":"x","origin":[8.0,8.069416,7.1406174]},"faces":{"east":{"uv":[4.25,5.25,6.0,6.0],"rotation":0,"texture":"#0","tintindex":0},"south":{"uv":[3.25,7.5,4.0,8.25],"rotation":0,"texture":"#0","tintindex":0},"north":{"uv":[3.25,6.5,4.0,7.25],"rotation":0,"texture":"#0","tintindex":0},"west":{"uv":[0.0,6.0,1.75,6.75],"rotation":0,"texture":"#0","tintindex":0},"up":{"uv":[7.0,1.75,6.25,0.0],"rotation":0,"texture":"#0","tintindex":0},"down":{"uv":[7.0,2.0,6.25,3.75],"rotation":0,"texture":"#0","tintindex":0}}},{"from":[8.0,7.3599043,11.840032],"to":[8.0,9.07419,14.125746],"rotation":{"angle":22.5,"axis":"x","origin":[8.0,8.069416,7.1406174]},"faces":{"east":{"uv":[8.25,2.25,7.25,3.0],"rotation":0,"texture":"#0","tintindex":0},"south":{"uv":[2.5,7.75,2.5,8.5],"rotation":0,"texture":"#0","tintindex":0},"north":{"uv":[7.5,5.25,7.5,6.0],"rotation":0,"texture":"#0","tintindex":0},"west":{"uv":[7.25,2.25,8.25,3.0],"rotation":0,"texture":"#0","tintindex":0},"up":{"uv":[2.75,8.75,2.75,7.75],"rotation":0,"texture":"#0","tintindex":0},"down":{"uv":[3.0,7.75,3.0,8.75],"rotation":0,"texture":"#0","tintindex":0}}}],"display":{"head":{"translation":[0.0,-6.4,0.0],"scale":[4.0,4.0,4.0]}}}