{"textures":{"0":"modelengine:entity/vine_root"},"elements":[{"from":[4.025652,6.5302687,7.087904],"to":[5.739938,11.673126,8.80219],"rotation":{"angle":45.0,"axis":"z","origin":[5.814168,12.033071,11.612699]},"faces":{"east":{"uv":[1.0,0.0,1.75,2.25],"rotation":0,"texture":"#0","tintindex":0},"south":{"uv":[2.0,0.0,2.75,2.25],"rotation":0,"texture":"#0","tintindex":0},"north":{"uv":[0.0,0.0,0.75,2.25],"rotation":0,"texture":"#0","tintindex":0},"west":{"uv":[0.0,2.5,0.75,4.75],"rotation":0,"texture":"#0","tintindex":0},"up":{"uv":[0.75,5.75,0.0,5.0],"rotation":0,"texture":"#0","tintindex":0},"down":{"uv":[2.75,7.0,2.0,7.75],"rotation":0,"texture":"#0","tintindex":0}}},{"from":[4.0449142,11.852508,7.337785],"to":[5.7592,13.566793,12.480642],"rotation":{"angle":-22.5,"axis":"x","origin":[5.814168,12.033071,11.612699]},"faces":{"east":{"uv":[1.0,2.5,3.25,3.25],"rotation":0,"texture":"#0","tintindex":0},"south":{"uv":[7.25,3.0,8.0,3.75],"rotation":0,"texture":"#0","tintindex":0},"north":{"uv":[3.0,7.0,3.75,7.75],"rotation":0,"texture":"#0","tintindex":0},"west":{"uv":[3.0,0.0,5.25,0.75],"rotation":0,"texture":"#0","tintindex":0},"up":{"uv":[1.75,5.75,1.0,3.5],"rotation":0,"texture":"#0","tintindex":0},"down":{"uv":[4.25,1.0,3.5,3.25],"rotation":0,"texture":"#0","tintindex":0}}},{"from":[3.9382524,12.193016,11.305017],"to":[5.6525383,13.907301,15.305017],"rotation":{"angle":22.5,"axis":"y","origin":[5.814168,12.033071,11.612699]},"faces":{"east":{"uv":[4.0,6.5,5.75,7.25],"rotation":0,"texture":"#0","tintindex":0},"south":{"uv":[7.25,5.0,8.0,5.75],"rotation":0,"texture":"#0","tintindex":0},"north":{"uv":[7.25,4.0,8.0,4.75],"rotation":0,"texture":"#0","tintindex":0},"west":{"uv":[6.0,6.5,7.75,7.25],"rotation":0,"texture":"#0","tintindex":0},"up":{"uv":[0.75,8.75,0.0,7.0],"rotation":0,"texture":"#0","tintindex":0},"down":{"uv":[1.75,7.0,1.0,8.75],"rotation":0,"texture":"#0","tintindex":0}}},{"from":[6.611465,11.531296,14.423207],"to":[11.182894,13.245583,16.137493],"rotation":{"angle":45.0,"axis":"z","origin":[5.814168,12.033071,11.612699]},"faces":{"east":{"uv":[4.0,7.5,4.75,8.25],"rotation":0,"texture":"#0","tintindex":0},"south":{"uv":[5.0,4.5,7.0,5.25],"rotation":0,"texture":"#0","tintindex":0},"north":{"uv":[5.0,3.5,7.0,4.25],"rotation":0,"texture":"#0","tintindex":0},"west":{"uv":[5.0,7.5,5.75,8.25],"rotation":0,"texture":"#0","tintindex":0},"up":{"uv":[7.5,0.75,5.5,0.0],"rotation":0,"texture":"#0","tintindex":0},"down":{"uv":[7.5,1.0,5.5,1.75],"rotation":0,"texture":"#0","tintindex":0}}}],"display":{"head":{"translation":[0.0,-6.4,0.0],"scale":[4.0,4.0,4.0]}}}