{"textures":{"0":"modelengine:entity/bug_swarm"},"elements":[{"from":[6.857143,8.631339,3.343729],"to":[6.857143,10.917053,6.2008724],"rotation":{"angle":-22.5,"axis":"x","origin":[8.0,8.142858,10.0]},"faces":{"east":{"uv":[5.5,6.25,4.25,7.25],"rotation":0,"texture":"#0","tintindex":0},"south":{"uv":[4.5,7.5,4.5,8.5],"rotation":0,"texture":"#0","tintindex":0},"north":{"uv":[4.25,7.5,4.25,8.5],"rotation":0,"texture":"#0","tintindex":0},"west":{"uv":[4.25,6.25,5.5,7.25],"rotation":0,"texture":"#0","tintindex":0},"up":{"uv":[4.75,8.75,4.75,7.5],"rotation":0,"texture":"#0","tintindex":0},"down":{"uv":[5.0,7.5,5.0,8.75],"rotation":0,"texture":"#0","tintindex":0}}},{"from":[6.285714,7.089207,5.887827],"to":[9.714286,9.374922,8.173542],"rotation":{"angle":0.0,"axis":"y","origin":[8.0,8.142858,10.0]},"faces":{"east":{"uv":[5.75,6.5,6.75,7.5],"rotation":0,"texture":"#0","tintindex":0},"south":{"uv":[4.5,1.25,6.0,2.25],"rotation":0,"texture":"#0","tintindex":0},"north":{"uv":[4.5,0.0,6.0,1.0],"rotation":0,"texture":"#0","tintindex":0},"west":{"uv":[0.0,7.0,1.0,8.0],"rotation":0,"texture":"#0","tintindex":0},"up":{"uv":[6.0,5.0,4.5,4.0],"rotation":0,"texture":"#0","tintindex":0},"down":{"uv":[4.0,5.25,2.5,6.25],"rotation":0,"texture":"#0","tintindex":0}}},{"from":[6.857143,10.1875925,7.022696],"to":[6.857143,12.473307,9.308411],"rotation":{"angle":-22.5,"axis":"x","origin":[8.0,8.142858,10.0]},"faces":{"east":{"uv":[8.25,0.0,7.25,1.0],"rotation":0,"texture":"#0","tintindex":0},"south":{"uv":[7.75,4.5,7.75,5.5],"rotation":0,"texture":"#0","tintindex":0},"north":{"uv":[7.75,3.25,7.75,4.25],"rotation":0,"texture":"#0","tintindex":0},"west":{"uv":[7.25,0.0,8.25,1.0],"rotation":0,"texture":"#0","tintindex":0},"up":{"uv":[5.75,8.75,5.75,7.75],"rotation":0,"texture":"#0","tintindex":0},"down":{"uv":[6.0,7.75,6.0,8.75],"rotation":0,"texture":"#0","tintindex":0}}},{"from":[9.142858,10.1875925,7.022696],"to":[9.142858,12.473307,9.308411],"rotation":{"angle":-22.5,"axis":"x","origin":[8.0,8.142858,10.0]},"faces":{"east":{"uv":[8.25,0.0,7.25,1.0],"rotation":0,"texture":"#0","tintindex":0},"south":{"uv":[7.75,4.5,7.75,5.5],"rotation":0,"texture":"#0","tintindex":0},"north":{"uv":[7.75,3.25,7.75,4.25],"rotation":0,"texture":"#0","tintindex":0},"west":{"uv":[7.25,0.0,8.25,1.0],"rotation":0,"texture":"#0","tintindex":0},"up":{"uv":[5.75,8.75,5.75,7.75],"rotation":0,"texture":"#0","tintindex":0},"down":{"uv":[6.0,7.75,6.0,8.75],"rotation":0,"texture":"#0","tintindex":0}}},{"from":[9.142858,8.631339,3.343729],"to":[9.142858,10.917053,6.2008724],"rotation":{"angle":-22.5,"axis":"x","origin":[8.0,8.142858,10.0]},"faces":{"east":{"uv":[5.5,6.25,4.25,7.25],"rotation":0,"texture":"#0","tintindex":0},"south":{"uv":[4.5,7.5,4.5,8.5],"rotation":0,"texture":"#0","tintindex":0},"north":{"uv":[4.25,7.5,4.25,8.5],"rotation":0,"texture":"#0","tintindex":0},"west":{"uv":[4.25,6.25,5.5,7.25],"rotation":0,"texture":"#0","tintindex":0},"up":{"uv":[4.75,8.75,4.75,7.5],"rotation":0,"texture":"#0","tintindex":0},"down":{"uv":[5.0,7.5,5.0,8.75],"rotation":0,"texture":"#0","tintindex":0}}}],"display":{"head":{"translation":[0.0,-6.4,0.0],"scale":[4.0,4.0,4.0]}}}