{"textures":{"0":"modelengine:entity/mutant_flower"},"elements":[{"from":[4.620032,8.049786,14.11793],"to":[11.379969,15.936378,14.11793],"rotation":{"angle":-22.5,"axis":"x","origin":[8.0,-7.5937243,11.245553]},"faces":{"east":{"uv":[5.125,6.1875,5.125,6.625],"rotation":0,"texture":"#0","tintindex":0},"south":{"uv":[10.75,6.5625,11.125,7.0],"rotation":0,"texture":"#0","tintindex":0},"north":{"uv":[10.75,5.375,11.125,5.8125],"rotation":0,"texture":"#0","tintindex":0},"west":{"uv":[5.1875,6.1875,5.1875,6.625],"rotation":0,"texture":"#0","tintindex":0},"up":{"uv":[4.0,6.9375,3.625,6.9375],"rotation":0,"texture":"#0","tintindex":0},"down":{"uv":[4.0,7.0,3.625,7.0],"rotation":0,"texture":"#0","tintindex":0}}}],"display":{"head":{"translation":[0.0,-6.4,0.0],"scale":[4.0,4.0,4.0]}}}