{"textures":{"0":"modelengine:entity/mutant_flower"},"elements":[{"from":[-0.6664486,4.382333,-3.2665606],"to":[8.184789,4.382333,19.26656],"rotation":{"angle":-22.5,"axis":"z","origin":[17.535439,6.7653203,8.0]},"faces":{"east":{"uv":[11.3125,8.1875,12.5625,8.1875],"rotation":0,"texture":"#0","tintindex":0},"south":{"uv":[9.5,11.3125,10.625,11.3125],"rotation":0,"texture":"#0","tintindex":0},"north":{"uv":[11.3125,8.125,12.4375,8.125],"rotation":0,"texture":"#0","tintindex":0},"west":{"uv":[11.3125,8.0625,12.5625,8.0625],"rotation":0,"texture":"#0","tintindex":0},"up":{"uv":[5.0625,4.3125,3.8125,3.8125],"rotation":270,"texture":"#0","tintindex":0},"down":{"uv":[5.0625,3.8125,3.8125,4.3125],"rotation":90,"texture":"#0","tintindex":0}}}],"display":{"head":{"translation":[0.0,-6.4,0.0],"scale":[4.0,4.0,4.0]}}}