{"textures":{"0":"modelengine:entity/nocsy_sewer_spider"},"elements":[{"from":[4.5714283,6.857143,7.428571],"to":[8.571428,8.571428,9.142858],"rotation":{"angle":0.0,"axis":"y","origin":[10.857143,7.428571,4.0]},"faces":{"east":{"uv":[0.0,8.25,0.375,8.625],"rotation":0,"texture":"#0","tintindex":0},"south":{"uv":[6.5,6.75,7.375,7.125],"rotation":0,"texture":"#0","tintindex":0},"north":{"uv":[6.75,3.625,7.625,4.0],"rotation":0,"texture":"#0","tintindex":0},"west":{"uv":[4.0,8.25,4.375,8.625],"rotation":0,"texture":"#0","tintindex":0},"up":{"uv":[7.875,0.375,7.0,0.0],"rotation":0,"texture":"#0","tintindex":0},"down":{"uv":[7.875,0.5,7.0,0.875],"rotation":0,"texture":"#0","tintindex":0}}},{"from":[3.99994,3.7874455,7.4857144],"to":[5.5999403,8.244589,9.085714],"rotation":{"angle":0.0,"axis":"y","origin":[4.79994,8.016017,8.285714]},"faces":{"east":{"uv":[5.75,2.125,6.125,3.125],"rotation":0,"texture":"#0","tintindex":0},"south":{"uv":[6.0,0.0,6.375,1.0],"rotation":0,"texture":"#0","tintindex":0},"north":{"uv":[5.5,5.5,5.875,6.5],"rotation":0,"texture":"#0","tintindex":0},"west":{"uv":[6.0,5.5,6.375,6.5],"rotation":0,"texture":"#0","tintindex":0},"up":{"uv":[4.875,8.625,4.5,8.25],"rotation":0,"texture":"#0","tintindex":0},"down":{"uv":[5.375,8.25,5.0,8.625],"rotation":0,"texture":"#0","tintindex":0}}}],"display":{"head":{"translation":[0.0,-6.4,0.0],"scale":[4.0,4.0,4.0]}}}