{"textures":{"0":"modelengine:entity/vine_guardian"},"elements":[{"from":[4.6371427,5.267323,4.7841806],"to":[11.362858,7.7130375,4.7841806],"rotation":{"angle":-22.5,"axis":"x","origin":[8.0,0.07017994,8.452752]},"faces":{"east":{"uv":[8.25,0.0,8.25,0.5],"rotation":0,"texture":"#0","tintindex":0},"south":{"uv":[12.625,0.0,11.25,0.5],"rotation":0,"texture":"#0","tintindex":0},"north":{"uv":[11.25,0.0,12.625,0.5],"rotation":0,"texture":"#0","tintindex":0},"west":{"uv":[8.25,0.625,8.25,1.125],"rotation":0,"texture":"#0","tintindex":0},"up":{"uv":[14.0,12.125,12.625,12.125],"rotation":0,"texture":"#0","tintindex":0},"down":{"uv":[14.0,12.25,12.625,12.25],"rotation":0,"texture":"#0","tintindex":0}}},{"from":[4.6371427,5.267323,4.7841806],"to":[4.6371427,7.7130375,10.898467],"rotation":{"angle":-22.5,"axis":"x","origin":[8.0,0.07017994,8.452752]},"faces":{"east":{"uv":[10.25,11.875,9.0,12.375],"rotation":0,"texture":"#0","tintindex":0},"south":{"uv":[2.125,7.875,2.125,8.375],"rotation":0,"texture":"#0","tintindex":0},"north":{"uv":[2.125,7.25,2.125,7.75],"rotation":0,"texture":"#0","tintindex":0},"west":{"uv":[9.0,11.875,10.25,12.375],"rotation":0,"texture":"#0","tintindex":0},"up":{"uv":[8.0,1.25,8.0,0.0],"rotation":0,"texture":"#0","tintindex":0},"down":{"uv":[8.125,0.0,8.125,1.25],"rotation":0,"texture":"#0","tintindex":0}}},{"from":[4.6371427,4.044466,4.7841806],"to":[11.362858,5.267323,10.898467],"rotation":{"angle":-22.5,"axis":"x","origin":[8.0,0.07017994,8.452752]},"faces":{"east":{"uv":[13.75,12.375,12.5,12.625],"rotation":0,"texture":"#0","tintindex":0},"south":{"uv":[12.375,10.625,13.75,10.875],"rotation":0,"texture":"#0","tintindex":0},"north":{"uv":[12.375,10.625,13.75,10.875],"rotation":0,"texture":"#0","tintindex":0},"west":{"uv":[12.5,12.375,13.75,12.625],"rotation":0,"texture":"#0","tintindex":0},"up":{"uv":[6.625,4.75,5.25,3.5],"rotation":0,"texture":"#0","tintindex":0},"down":{"uv":[6.625,4.875,5.25,6.125],"rotation":0,"texture":"#0","tintindex":0}}},{"from":[11.362858,5.267323,4.7841806],"to":[11.362858,7.7130375,10.898467],"rotation":{"angle":-22.5,"axis":"x","origin":[8.0,0.07017994,8.452752]},"faces":{"east":{"uv":[10.25,11.875,9.0,12.375],"rotation":0,"texture":"#0","tintindex":0},"south":{"uv":[2.125,7.875,2.125,8.375],"rotation":0,"texture":"#0","tintindex":0},"north":{"uv":[2.125,7.25,2.125,7.75],"rotation":0,"texture":"#0","tintindex":0},"west":{"uv":[9.0,11.875,10.25,12.375],"rotation":0,"texture":"#0","tintindex":0},"up":{"uv":[8.0,1.25,8.0,0.0],"rotation":0,"texture":"#0","tintindex":0},"down":{"uv":[8.125,0.0,8.125,1.25],"rotation":0,"texture":"#0","tintindex":0}}},{"from":[4.6371427,5.267323,10.898467],"to":[11.362858,7.7130375,10.898467],"rotation":{"angle":-22.5,"axis":"x","origin":[8.0,0.07017994,8.452752]},"faces":{"east":{"uv":[8.375,0.0,8.375,0.5],"rotation":0,"texture":"#0","tintindex":0},"south":{"uv":[11.625,9.375,13.0,9.875],"rotation":0,"texture":"#0","tintindex":0},"north":{"uv":[13.0,9.375,11.625,9.875],"rotation":0,"texture":"#0","tintindex":0},"west":{"uv":[8.375,0.625,8.375,1.125],"rotation":0,"texture":"#0","tintindex":0},"up":{"uv":[14.125,0.0,12.75,0.0],"rotation":0,"texture":"#0","tintindex":0},"down":{"uv":[14.125,0.125,12.75,0.125],"rotation":0,"texture":"#0","tintindex":0}}}],"display":{"head":{"translation":[0.0,-6.4,0.0],"scale":[4.0,4.0,4.0]}}}