{"textures":{"0":"modelengine:entity/vine_guardian"},"elements":[{"from":[5.146036,1.8342481,6.3726234],"to":[7.5917506,9.1713915,9.429767],"rotation":{"angle":-22.5,"axis":"z","origin":[6.368893,5.5028195,7.5954804]},"faces":{"east":{"uv":[4.0,9.0,4.625,10.5],"rotation":0,"texture":"#0","tintindex":0},"south":{"uv":[7.125,11.125,7.625,12.625],"rotation":0,"texture":"#0","tintindex":0},"north":{"uv":[4.625,10.875,5.125,12.375],"rotation":0,"texture":"#0","tintindex":0},"west":{"uv":[4.75,9.25,5.375,10.75],"rotation":0,"texture":"#0","tintindex":0},"up":{"uv":[1.375,13.25,0.875,12.625],"rotation":0,"texture":"#0","tintindex":0},"down":{"uv":[11.5,12.625,11.0,13.25],"rotation":0,"texture":"#0","tintindex":0}}},{"from":[4.5346074,0.6113906,5.7611947],"to":[8.203179,7.948534,10.041195],"rotation":{"angle":-22.5,"axis":"z","origin":[6.368893,5.5028195,7.5954804]},"faces":{"east":{"uv":[7.625,6.75,8.5,8.25],"rotation":0,"texture":"#0","tintindex":0},"south":{"uv":[8.625,8.375,9.375,9.875],"rotation":0,"texture":"#0","tintindex":0},"north":{"uv":[8.625,6.75,9.375,8.25],"rotation":0,"texture":"#0","tintindex":0},"west":{"uv":[5.875,8.125,6.75,9.625],"rotation":0,"texture":"#0","tintindex":0},"up":{"uv":[12.5,12.25,11.75,11.375],"rotation":0,"texture":"#0","tintindex":0},"down":{"uv":[12.625,7.0,11.875,7.875],"rotation":0,"texture":"#0","tintindex":0}}}],"display":{"head":{"translation":[0.0,-6.4,0.0],"scale":[4.0,4.0,4.0]}}}