{"textures":{"0":"modelengine:entity/vine_guardian"},"elements":[{"from":[8.40825,1.8342481,6.3726234],"to":[10.853964,9.1713915,9.429767],"rotation":{"angle":22.5,"axis":"z","origin":[9.631107,5.5028195,7.5954804]},"faces":{"east":{"uv":[5.375,9.25,4.75,10.75],"rotation":0,"texture":"#0","tintindex":0},"south":{"uv":[7.625,11.125,7.125,12.625],"rotation":0,"texture":"#0","tintindex":0},"north":{"uv":[5.125,10.875,4.625,12.375],"rotation":0,"texture":"#0","tintindex":0},"west":{"uv":[4.625,9.0,4.0,10.5],"rotation":0,"texture":"#0","tintindex":0},"up":{"uv":[0.875,13.25,1.375,12.625],"rotation":0,"texture":"#0","tintindex":0},"down":{"uv":[11.0,12.625,11.5,13.25],"rotation":0,"texture":"#0","tintindex":0}}},{"from":[7.796821,0.6113906,5.7611947],"to":[11.465393,7.948534,10.041195],"rotation":{"angle":22.5,"axis":"z","origin":[9.631107,5.5028195,7.5954804]},"faces":{"east":{"uv":[6.75,8.125,5.875,9.625],"rotation":0,"texture":"#0","tintindex":0},"south":{"uv":[9.375,8.375,8.625,9.875],"rotation":0,"texture":"#0","tintindex":0},"north":{"uv":[9.375,6.75,8.625,8.25],"rotation":0,"texture":"#0","tintindex":0},"west":{"uv":[8.5,6.75,7.625,8.25],"rotation":0,"texture":"#0","tintindex":0},"up":{"uv":[11.75,12.25,12.5,11.375],"rotation":0,"texture":"#0","tintindex":0},"down":{"uv":[11.875,7.0,12.625,7.875],"rotation":0,"texture":"#0","tintindex":0}}}],"display":{"head":{"translation":[0.0,-6.4,0.0],"scale":[4.0,4.0,4.0]}}}