{"textures":{"0":"modelengine:entity/winter_golem"},"elements":[{"from":[3.142857,5.214286,5.428571],"to":[8.285714,10.928572,10.571428],"rotation":{"angle":0.0,"axis":"y","origin":[6.285714,7.5,9.714286]},"faces":{"east":{"uv":[10.125,6.125,11.25,7.375],"rotation":0,"texture":"#0","tintindex":0},"south":{"uv":[10.125,6.125,11.25,7.375],"rotation":0,"texture":"#0","tintindex":0},"north":{"uv":[10.125,6.125,11.25,7.375],"rotation":0,"texture":"#0","tintindex":0},"west":{"uv":[6.125,6.75,7.25,8.0],"rotation":0,"texture":"#0","tintindex":0},"up":{"uv":[11.25,8.5,10.125,7.375],"rotation":0,"texture":"#0","tintindex":0},"down":{"uv":[11.25,8.5,10.125,9.625],"rotation":0,"texture":"#0","tintindex":0}}}],"display":{"head":{"translation":[0.0,-6.4,0.0],"scale":[4.0,4.0,4.0]}}}