{"textures":{"0":"modelengine:entity/winter_golem"},"elements":[{"from":[6.0,2.7142854,5.428571],"to":[10.0,8.428572,10.571428],"rotation":{"angle":0.0,"axis":"y","origin":[7.428571,15.285715,9.714286]},"faces":{"east":{"uv":[8.375,0.0,7.25,1.25],"rotation":0,"texture":"#0","tintindex":0},"south":{"uv":[1.875,5.5,1.0,6.75],"rotation":0,"texture":"#0","tintindex":0},"north":{"uv":[1.875,5.5,1.0,6.75],"rotation":0,"texture":"#0","tintindex":0},"west":{"uv":[8.375,0.0,7.25,1.25],"rotation":0,"texture":"#0","tintindex":0},"up":{"uv":[5.25,10.375,6.125,9.25],"rotation":0,"texture":"#0","tintindex":0},"down":{"uv":[6.125,9.25,7.0,10.375],"rotation":0,"texture":"#0","tintindex":0}}},{"from":[5.428571,4.428571,4.8571424],"to":[10.571428,7.285714,11.142858],"rotation":{"angle":0.0,"axis":"y","origin":[7.428571,15.285715,9.714286]},"faces":{"east":{"uv":[5.625,6.5,4.25,7.125],"rotation":0,"texture":"#0","tintindex":0},"south":{"uv":[8.375,6.5,7.25,7.125],"rotation":0,"texture":"#0","tintindex":0},"north":{"uv":[5.375,7.125,4.25,7.75],"rotation":0,"texture":"#0","tintindex":0},"west":{"uv":[5.625,6.5,4.25,7.125],"rotation":0,"texture":"#0","tintindex":0},"up":{"uv":[5.75,4.875,6.875,3.5],"rotation":0,"texture":"#0","tintindex":0},"down":{"uv":[3.125,6.5,4.25,7.875],"rotation":0,"texture":"#0","tintindex":0}}}],"display":{"head":{"translation":[0.0,-6.4,0.0],"scale":[4.0,4.0,4.0]}}}