{"textures":{"0":"modelengine:entity/winter_golem"},"elements":[{"from":[5.6571426,5.6571426,4.0571427],"to":[10.8,10.8,9.2],"rotation":{"angle":0.0,"axis":"y","origin":[-0.34285736,7.9428573,12.914286]},"faces":{"east":{"uv":[8.25,4.125,9.375,5.25],"rotation":0,"texture":"#0","tintindex":0},"south":{"uv":[8.375,0.0,9.5,1.125],"rotation":0,"texture":"#0","tintindex":0},"north":{"uv":[0.0,8.25,1.125,9.375],"rotation":0,"texture":"#0","tintindex":0},"west":{"uv":[8.375,5.25,9.5,6.375],"rotation":0,"texture":"#0","tintindex":0},"up":{"uv":[9.5,7.5,8.375,6.375],"rotation":0,"texture":"#0","tintindex":0},"down":{"uv":[8.375,8.375,7.25,9.5],"rotation":0,"texture":"#0","tintindex":0}}},{"from":[5.0857143,5.0857143,3.485714],"to":[11.3714285,7.9428573,9.771429],"rotation":{"angle":0.0,"axis":"y","origin":[-0.9142866,7.9428573,12.914286]},"faces":{"east":{"uv":[6.875,3.75,8.25,4.375],"rotation":0,"texture":"#0","tintindex":0},"south":{"uv":[7.375,1.25,8.75,1.875],"rotation":0,"texture":"#0","tintindex":0},"north":{"uv":[6.875,3.125,8.25,3.75],"rotation":0,"texture":"#0","tintindex":0},"west":{"uv":[7.375,1.875,8.75,2.5],"rotation":0,"texture":"#0","tintindex":0},"up":{"uv":[7.375,3.125,6.0,1.75],"rotation":0,"texture":"#0","tintindex":0},"down":{"uv":[7.5,4.875,6.125,6.25],"rotation":0,"texture":"#0","tintindex":0}}},{"from":[5.0857143,7.9428573,3.485714],"to":[6.2285714,9.085714,5.2],"rotation":{"angle":0.0,"axis":"y","origin":[-0.9142866,7.9428573,12.914286]},"faces":{"east":{"uv":[1.875,4.5,2.25,4.75],"rotation":0,"texture":"#0","tintindex":0},"south":{"uv":[6.25,1.0,6.5,1.25],"rotation":0,"texture":"#0","tintindex":0},"north":{"uv":[6.25,0.75,6.5,1.0],"rotation":0,"texture":"#0","tintindex":0},"west":{"uv":[1.875,4.75,2.25,5.0],"rotation":0,"texture":"#0","tintindex":0},"up":{"uv":[6.0,5.25,5.75,4.875],"rotation":0,"texture":"#0","tintindex":0},"down":{"uv":[6.25,3.125,6.0,3.5],"rotation":0,"texture":"#0","tintindex":0}}},{"from":[6.8,7.9428573,3.485714],"to":[7.9428573,8.514286,4.0571427],"rotation":{"angle":0.0,"axis":"y","origin":[-0.9142866,7.9428573,12.914286]},"faces":{"east":{"uv":[2.25,3.75,2.375,3.875],"rotation":0,"texture":"#0","tintindex":0},"south":{"uv":[6.25,1.375,6.5,1.5],"rotation":0,"texture":"#0","tintindex":0},"north":{"uv":[6.25,1.25,6.5,1.375],"rotation":0,"texture":"#0","tintindex":0},"west":{"uv":[2.25,3.875,2.375,4.0],"rotation":0,"texture":"#0","tintindex":0},"up":{"uv":[6.5,1.625,6.25,1.5],"rotation":0,"texture":"#0","tintindex":0},"down":{"uv":[6.5,1.625,6.25,1.75],"rotation":0,"texture":"#0","tintindex":0}}},{"from":[9.657143,7.9428573,3.485714],"to":[11.3714285,9.085714,5.2],"rotation":{"angle":0.0,"axis":"y","origin":[17.37143,7.9428573,12.914286]},"faces":{"east":{"uv":[6.25,0.0,6.625,0.25],"rotation":0,"texture":"#0","tintindex":0},"south":{"uv":[6.25,0.25,6.625,0.5],"rotation":0,"texture":"#0","tintindex":0},"north":{"uv":[1.875,5.0,2.25,5.25],"rotation":0,"texture":"#0","tintindex":0},"west":{"uv":[6.25,0.5,6.625,0.75],"rotation":0,"texture":"#0","tintindex":0},"up":{"uv":[2.25,4.125,1.875,3.75],"rotation":0,"texture":"#0","tintindex":0},"down":{"uv":[2.25,4.125,1.875,4.5],"rotation":0,"texture":"#0","tintindex":0}}}],"display":{"head":{"translation":[0.0,-6.4,0.0],"scale":[4.0,4.0,4.0]}}}