{"textures":{"0":"modelengine:entity/vine_guardian"},"elements":[{"from":[6.630476,0.09183645,5.0795646],"to":[9.019048,8.040408,8.136707],"rotation":{"angle":22.5,"axis":"x","origin":[10.547619,5.2889795,8.7481365]},"faces":{"east":{"uv":[2.25,5.0,2.875,6.625],"rotation":0,"texture":"#0","tintindex":0},"south":{"uv":[10.375,10.625,10.875,12.25],"rotation":0,"texture":"#0","tintindex":0},"north":{"uv":[4.0,10.625,4.5,12.25],"rotation":0,"texture":"#0","tintindex":0},"west":{"uv":[1.75,9.0,2.375,10.625],"rotation":0,"texture":"#0","tintindex":0},"up":{"uv":[2.625,13.125,2.125,12.5],"rotation":0,"texture":"#0","tintindex":0},"down":{"uv":[4.875,12.5,4.375,13.125],"rotation":0,"texture":"#0","tintindex":0}}}],"display":{"head":{"translation":[0.0,-6.4,0.0],"scale":[4.0,4.0,4.0]}}}