{"textures":{"0":"modelengine:entity/vine_guardian"},"elements":[{"from":[5.8599997,5.8599997,5.5542855],"to":[10.14,10.14,10.445715],"rotation":{"angle":0.0,"axis":"y","origin":[7.082857,7.082857,9.07]},"faces":{"east":{"uv":[10.5,5.125,9.5,6.0],"rotation":0,"texture":"#0","tintindex":0},"south":{"uv":[12.0,1.75,11.125,2.625],"rotation":0,"texture":"#0","tintindex":0},"north":{"uv":[3.625,10.75,2.75,11.625],"rotation":0,"texture":"#0","tintindex":0},"west":{"uv":[1.625,9.5,0.625,10.375],"rotation":0,"texture":"#0","tintindex":0},"up":{"uv":[9.5,7.125,10.375,6.125],"rotation":0,"texture":"#0","tintindex":0},"down":{"uv":[9.5,7.25,10.375,8.25],"rotation":0,"texture":"#0","tintindex":0}}}],"display":{"head":{"translation":[0.0,-6.4,0.0],"scale":[4.0,4.0,4.0]}}}