{"textures":{"0":"modelengine:entity/vine_guardian"},"elements":[{"from":[6.4714284,3.72151,5.1946],"to":[9.528571,9.224367,8.863172],"rotation":{"angle":-22.5,"axis":"x","origin":[7.694286,10.752938,9.168886]},"faces":{"east":{"uv":[1.375,10.5,0.625,11.625],"rotation":0,"texture":"#0","tintindex":0},"south":{"uv":[11.625,11.375,11.0,12.5],"rotation":0,"texture":"#0","tintindex":0},"north":{"uv":[12.0,5.75,11.375,6.875],"rotation":0,"texture":"#0","tintindex":0},"west":{"uv":[9.375,10.0,8.625,11.125],"rotation":0,"texture":"#0","tintindex":0},"up":{"uv":[12.125,6.25,12.75,5.5],"rotation":0,"texture":"#0","tintindex":0},"down":{"uv":[6.0,12.125,6.625,12.875],"rotation":0,"texture":"#0","tintindex":0}}}],"display":{"head":{"translation":[0.0,-6.4,0.0],"scale":[4.0,4.0,4.0]}}}