{"textures":{"0":"modelengine:entity/vine_guardian"},"elements":[{"from":[6.9809523,0.09183645,5.0795646],"to":[9.398095,8.040408,8.136707],"rotation":{"angle":22.5,"axis":"x","origin":[5.4523807,5.2889795,8.7481365]},"faces":{"east":{"uv":[2.375,9.0,1.75,10.625],"rotation":0,"texture":"#0","tintindex":0},"south":{"uv":[10.875,10.625,10.375,12.25],"rotation":0,"texture":"#0","tintindex":0},"north":{"uv":[4.5,10.625,4.0,12.25],"rotation":0,"texture":"#0","tintindex":0},"west":{"uv":[2.875,5.0,2.25,6.625],"rotation":0,"texture":"#0","tintindex":0},"up":{"uv":[2.125,13.125,2.625,12.5],"rotation":0,"texture":"#0","tintindex":0},"down":{"uv":[4.375,12.5,4.875,13.125],"rotation":0,"texture":"#0","tintindex":0}}}],"display":{"head":{"translation":[0.0,-6.4,0.0],"scale":[4.0,4.0,4.0]}}}