{"textures":{"0":"modelengine:entity/vine_guardian"},"elements":[{"from":[5.2485714,7.4564466,4.7166624],"to":[10.751429,15.405018,8.385234],"rotation":{"angle":-22.5,"axis":"x","origin":[8.0,11.430733,6.550948]},"faces":{"east":{"uv":[8.5,0.0,9.25,1.625],"rotation":0,"texture":"#0","tintindex":0},"south":{"uv":[5.25,1.75,6.375,3.375],"rotation":0,"texture":"#0","tintindex":0},"north":{"uv":[5.25,0.0,6.375,1.625],"rotation":0,"texture":"#0","tintindex":0},"west":{"uv":[8.5,1.75,9.25,3.375],"rotation":0,"texture":"#0","tintindex":0},"up":{"uv":[7.25,11.0,6.125,10.25],"rotation":0,"texture":"#0","tintindex":0},"down":{"uv":[8.5,10.25,7.375,11.0],"rotation":0,"texture":"#0","tintindex":0}}}],"display":{"head":{"translation":[0.0,-6.4,0.0],"scale":[4.0,4.0,4.0]}}}