{"parent":"minecraft:item/generated","textures":{"layer0":"minecraft:item/leather_horse_armor"},"overrides":[{"predicate":{"custom_model_data":1},"model":"modelengine:frost_bear/right_leg"},{"predicate":{"custom_model_data":2},"model":"modelengine:frost_bear/right_legf"},{"predicate":{"custom_model_data":3},"model":"modelengine:frost_bear/left_leg"},{"predicate":{"custom_model_data":4},"model":"modelengine:frost_bear/left_legf"},{"predicate":{"custom_model_data":5},"model":"modelengine:frost_bear/main"},{"predicate":{"custom_model_data":6},"model":"modelengine:frost_bear/upper"},{"predicate":{"custom_model_data":7},"model":"modelengine:frost_bear/head"},{"predicate":{"custom_model_data":8},"model":"modelengine:frost_bear/right_arm"},{"predicate":{"custom_model_data":9},"model":"modelengine:frost_bear/right_armf"},{"predicate":{"custom_model_data":10},"model":"modelengine:frost_bear/left_arm"},{"predicate":{"custom_model_data":11},"model":"modelengine:frost_bear/left_armf"},{"predicate":{"custom_model_data":12},"model":"modelengine:ice_boar/back"},{"predicate":{"custom_model_data":13},"model":"modelengine:ice_boar/tail"},{"predicate":{"custom_model_data":14},"model":"modelengine:ice_boar/right_back_leg"},{"predicate":{"custom_model_data":15},"model":"modelengine:ice_boar/left_back_leg"},{"predicate":{"custom_model_data":16},"model":"modelengine:ice_boar/front"},{"predicate":{"custom_model_data":17},"model":"modelengine:ice_boar/head"},{"predicate":{"custom_model_data":18},"model":"modelengine:ice_boar/left_front_leg"},{"predicate":{"custom_model_data":19},"model":"modelengine:ice_boar/right_front_leg"},{"predicate":{"custom_model_data":20},"model":"modelengine:ice_pillar/main"},{"predicate":{"custom_model_data":21},"model":"modelengine:ice_spike/ice"},{"predicate":{"custom_model_data":22},"model":"modelengine:smoke_vfx/ne1"},{"predicate":{"custom_model_data":23},"model":"modelengine:smoke_vfx/sw1"},{"predicate":{"custom_model_data":24},"model":"modelengine:smoke_vfx/se1"},{"predicate":{"custom_model_data":25},"model":"modelengine:smoke_vfx/nw1"},{"predicate":{"custom_model_data":26},"model":"modelengine:smoke_vfx/e1"},{"predicate":{"custom_model_data":27},"model":"modelengine:smoke_vfx/w1"},{"predicate":{"custom_model_data":28},"model":"modelengine:smoke_vfx/s1"},{"predicate":{"custom_model_data":29},"model":"modelengine:smoke_vfx/n1"},{"predicate":{"custom_model_data":30},"model":"modelengine:smoke_vfx/ne2"},{"predicate":{"custom_model_data":31},"model":"modelengine:smoke_vfx/sw2"},{"predicate":{"custom_model_data":32},"model":"modelengine:smoke_vfx/se2"},{"predicate":{"custom_model_data":33},"model":"modelengine:smoke_vfx/nw2"},{"predicate":{"custom_model_data":34},"model":"modelengine:smoke_vfx/e2"},{"predicate":{"custom_model_data":35},"model":"modelengine:smoke_vfx/w2"},{"predicate":{"custom_model_data":36},"model":"modelengine:smoke_vfx/s2"},{"predicate":{"custom_model_data":37},"model":"modelengine:smoke_vfx/n2"},{"predicate":{"custom_model_data":38},"model":"modelengine:smoke_vfx/ne3"},{"predicate":{"custom_model_data":39},"model":"modelengine:smoke_vfx/sw3"},{"predicate":{"custom_model_data":40},"model":"modelengine:smoke_vfx/se3"},{"predicate":{"custom_model_data":41},"model":"modelengine:smoke_vfx/nw3"},{"predicate":{"custom_model_data":42},"model":"modelengine:smoke_vfx/e3"},{"predicate":{"custom_model_data":43},"model":"modelengine:smoke_vfx/w3"},{"predicate":{"custom_model_data":44},"model":"modelengine:smoke_vfx/s3"},{"predicate":{"custom_model_data":45},"model":"modelengine:smoke_vfx/n3"},{"predicate":{"custom_model_data":46},"model":"modelengine:smoke_vfx/ne4"},{"predicate":{"custom_model_data":47},"model":"modelengine:smoke_vfx/sw4"},{"predicate":{"custom_model_data":48},"model":"modelengine:smoke_vfx/se4"},{"predicate":{"custom_model_data":49},"model":"modelengine:smoke_vfx/nw4"},{"predicate":{"custom_model_data":50},"model":"modelengine:smoke_vfx/e4"},{"predicate":{"custom_model_data":51},"model":"modelengine:smoke_vfx/w4"},{"predicate":{"custom_model_data":52},"model":"modelengine:smoke_vfx/s4"},{"predicate":{"custom_model_data":53},"model":"modelengine:smoke_vfx/n4"},{"predicate":{"custom_model_data":54},"model":"modelengine:smoke_vfx/ne5"},{"predicate":{"custom_model_data":55},"model":"modelengine:smoke_vfx/sw5"},{"predicate":{"custom_model_data":56},"model":"modelengine:smoke_vfx/se5"},{"predicate":{"custom_model_data":57},"model":"modelengine:smoke_vfx/nw5"},{"predicate":{"custom_model_data":58},"model":"modelengine:smoke_vfx/e5"},{"predicate":{"custom_model_data":59},"model":"modelengine:smoke_vfx/w5"},{"predicate":{"custom_model_data":60},"model":"modelengine:smoke_vfx/s5"},{"predicate":{"custom_model_data":61},"model":"modelengine:smoke_vfx/n5"},{"predicate":{"custom_model_data":62},"model":"modelengine:smoke_vfx/ne6"},{"predicate":{"custom_model_data":63},"model":"modelengine:smoke_vfx/sw6"},{"predicate":{"custom_model_data":64},"model":"modelengine:smoke_vfx/se6"},{"predicate":{"custom_model_data":65},"model":"modelengine:smoke_vfx/nw6"},{"predicate":{"custom_model_data":66},"model":"modelengine:smoke_vfx/e6"},{"predicate":{"custom_model_data":67},"model":"modelengine:smoke_vfx/w6"},{"predicate":{"custom_model_data":68},"model":"modelengine:smoke_vfx/s6"},{"predicate":{"custom_model_data":69},"model":"modelengine:smoke_vfx/n6"},{"predicate":{"custom_model_data":70},"model":"modelengine:smoke_vfx/ne7"},{"predicate":{"custom_model_data":71},"model":"modelengine:smoke_vfx/sw7"},{"predicate":{"custom_model_data":72},"model":"modelengine:smoke_vfx/se7"},{"predicate":{"custom_model_data":73},"model":"modelengine:smoke_vfx/nw7"},{"predicate":{"custom_model_data":74},"model":"modelengine:smoke_vfx/e7"},{"predicate":{"custom_model_data":75},"model":"modelengine:smoke_vfx/w7"},{"predicate":{"custom_model_data":76},"model":"modelengine:smoke_vfx/s7"},{"predicate":{"custom_model_data":77},"model":"modelengine:smoke_vfx/n7"},{"predicate":{"custom_model_data":78},"model":"modelengine:smoke_vfx/ne8"},{"predicate":{"custom_model_data":79},"model":"modelengine:smoke_vfx/sw8"},{"predicate":{"custom_model_data":80},"model":"modelengine:smoke_vfx/se8"},{"predicate":{"custom_model_data":81},"model":"modelengine:smoke_vfx/nw8"},{"predicate":{"custom_model_data":82},"model":"modelengine:smoke_vfx/e8"},{"predicate":{"custom_model_data":83},"model":"modelengine:smoke_vfx/w8"},{"predicate":{"custom_model_data":84},"model":"modelengine:smoke_vfx/s8"},{"predicate":{"custom_model_data":85},"model":"modelengine:smoke_vfx/n8"},{"predicate":{"custom_model_data":86},"model":"modelengine:smoke_vfx/ne9"},{"predicate":{"custom_model_data":87},"model":"modelengine:smoke_vfx/sw9"},{"predicate":{"custom_model_data":88},"model":"modelengine:smoke_vfx/se9"},{"predicate":{"custom_model_data":89},"model":"modelengine:smoke_vfx/nw9"},{"predicate":{"custom_model_data":90},"model":"modelengine:smoke_vfx/e9"},{"predicate":{"custom_model_data":91},"model":"modelengine:smoke_vfx/w9"},{"predicate":{"custom_model_data":92},"model":"modelengine:smoke_vfx/s9"},{"predicate":{"custom_model_data":93},"model":"modelengine:smoke_vfx/n9"},{"predicate":{"custom_model_data":94},"model":"modelengine:smoke_vfx/ne10"},{"predicate":{"custom_model_data":95},"model":"modelengine:smoke_vfx/sw10"},{"predicate":{"custom_model_data":96},"model":"modelengine:smoke_vfx/se10"},{"predicate":{"custom_model_data":97},"model":"modelengine:smoke_vfx/nw10"},{"predicate":{"custom_model_data":98},"model":"modelengine:smoke_vfx/e10"},{"predicate":{"custom_model_data":99},"model":"modelengine:smoke_vfx/w10"},{"predicate":{"custom_model_data":100},"model":"modelengine:smoke_vfx/s10"},{"predicate":{"custom_model_data":101},"model":"modelengine:smoke_vfx/n10"},{"predicate":{"custom_model_data":102},"model":"modelengine:smoke_vfx/ne11"},{"predicate":{"custom_model_data":103},"model":"modelengine:smoke_vfx/sw11"},{"predicate":{"custom_model_data":104},"model":"modelengine:smoke_vfx/se11"},{"predicate":{"custom_model_data":105},"model":"modelengine:smoke_vfx/nw11"},{"predicate":{"custom_model_data":106},"model":"modelengine:smoke_vfx/e11"},{"predicate":{"custom_model_data":107},"model":"modelengine:smoke_vfx/w11"},{"predicate":{"custom_model_data":108},"model":"modelengine:smoke_vfx/s11"},{"predicate":{"custom_model_data":109},"model":"modelengine:smoke_vfx/n11"},{"predicate":{"custom_model_data":110},"model":"modelengine:smoke_vfx/ne12"},{"predicate":{"custom_model_data":111},"model":"modelengine:smoke_vfx/sw12"},{"predicate":{"custom_model_data":112},"model":"modelengine:smoke_vfx/se12"},{"predicate":{"custom_model_data":113},"model":"modelengine:smoke_vfx/nw12"},{"predicate":{"custom_model_data":114},"model":"modelengine:smoke_vfx/e12"},{"predicate":{"custom_model_data":115},"model":"modelengine:smoke_vfx/w12"},{"predicate":{"custom_model_data":116},"model":"modelengine:smoke_vfx/s12"},{"predicate":{"custom_model_data":117},"model":"modelengine:smoke_vfx/n12"},{"predicate":{"custom_model_data":118},"model":"modelengine:smoke_vfx/ne13"},{"predicate":{"custom_model_data":119},"model":"modelengine:smoke_vfx/sw13"},{"predicate":{"custom_model_data":120},"model":"modelengine:smoke_vfx/se13"},{"predicate":{"custom_model_data":121},"model":"modelengine:smoke_vfx/nw13"},{"predicate":{"custom_model_data":122},"model":"modelengine:smoke_vfx/e13"},{"predicate":{"custom_model_data":123},"model":"modelengine:smoke_vfx/w13"},{"predicate":{"custom_model_data":124},"model":"modelengine:smoke_vfx/s13"},{"predicate":{"custom_model_data":125},"model":"modelengine:smoke_vfx/n13"},{"predicate":{"custom_model_data":126},"model":"modelengine:smoke_vfx/ne14"},{"predicate":{"custom_model_data":127},"model":"modelengine:smoke_vfx/sw14"},{"predicate":{"custom_model_data":128},"model":"modelengine:smoke_vfx/se14"},{"predicate":{"custom_model_data":129},"model":"modelengine:smoke_vfx/nw14"},{"predicate":{"custom_model_data":130},"model":"modelengine:smoke_vfx/e14"},{"predicate":{"custom_model_data":131},"model":"modelengine:smoke_vfx/w14"},{"predicate":{"custom_model_data":132},"model":"modelengine:smoke_vfx/s14"},{"predicate":{"custom_model_data":133},"model":"modelengine:smoke_vfx/n14"},{"predicate":{"custom_model_data":134},"model":"modelengine:smoke_vfx/ne15"},{"predicate":{"custom_model_data":135},"model":"modelengine:smoke_vfx/sw15"},{"predicate":{"custom_model_data":136},"model":"modelengine:smoke_vfx/se15"},{"predicate":{"custom_model_data":137},"model":"modelengine:smoke_vfx/nw15"},{"predicate":{"custom_model_data":138},"model":"modelengine:smoke_vfx/e15"},{"predicate":{"custom_model_data":139},"model":"modelengine:smoke_vfx/w15"},{"predicate":{"custom_model_data":140},"model":"modelengine:smoke_vfx/s15"},{"predicate":{"custom_model_data":141},"model":"modelengine:smoke_vfx/n15"},{"predicate":{"custom_model_data":142},"model":"modelengine:smoke_vfx_initial/ne1"},{"predicate":{"custom_model_data":143},"model":"modelengine:smoke_vfx_initial/sw1"},{"predicate":{"custom_model_data":144},"model":"modelengine:smoke_vfx_initial/se1"},{"predicate":{"custom_model_data":145},"model":"modelengine:smoke_vfx_initial/nw1"},{"predicate":{"custom_model_data":146},"model":"modelengine:smoke_vfx_initial/e1"},{"predicate":{"custom_model_data":147},"model":"modelengine:smoke_vfx_initial/w1"},{"predicate":{"custom_model_data":148},"model":"modelengine:smoke_vfx_initial/s1"},{"predicate":{"custom_model_data":149},"model":"modelengine:smoke_vfx_initial/n1"},{"predicate":{"custom_model_data":150},"model":"modelengine:winter_golem/left_legf"},{"predicate":{"custom_model_data":151},"model":"modelengine:winter_golem/left_leg"},{"predicate":{"custom_model_data":152},"model":"modelengine:winter_golem/right_legf"},{"predicate":{"custom_model_data":153},"model":"modelengine:winter_golem/right_leg"},{"predicate":{"custom_model_data":154},"model":"modelengine:winter_golem/upper"},{"predicate":{"custom_model_data":155},"model":"modelengine:winter_golem/left_arm"},{"predicate":{"custom_model_data":156},"model":"modelengine:winter_golem/left_armf"},{"predicate":{"custom_model_data":157},"model":"modelengine:winter_golem/left_hand"},{"predicate":{"custom_model_data":158},"model":"modelengine:winter_golem/right_arm"},{"predicate":{"custom_model_data":159},"model":"modelengine:winter_golem/right_armf"},{"predicate":{"custom_model_data":160},"model":"modelengine:winter_golem/right_hand"},{"predicate":{"custom_model_data":161},"model":"modelengine:winter_golem/head"},{"predicate":{"custom_model_data":162},"model":"modelengine:winter_moth/right_wing"},{"predicate":{"custom_model_data":163},"model":"modelengine:winter_moth/left_wing"},{"predicate":{"custom_model_data":164},"model":"modelengine:winter_moth/right_arm"},{"predicate":{"custom_model_data":165},"model":"modelengine:winter_moth/right_armf"},{"predicate":{"custom_model_data":166},"model":"modelengine:winter_moth/left_arm"},{"predicate":{"custom_model_data":167},"model":"modelengine:winter_moth/left_armf"},{"predicate":{"custom_model_data":168},"model":"modelengine:winter_moth/upper"},{"predicate":{"custom_model_data":169},"model":"modelengine:winter_moth/main"},{"predicate":{"custom_model_data":170},"model":"modelengine:winter_moth/tail"}]}