{
  "parent": "item/generated",
  "textures": {
    "layer0": "item/paper"
  },
  "overrides": [
    {
      "predicate": {
        "custom_model_data": 1
      },
      "model": "custom/icons/icon_1"
    },
    {
      "predicate": {
        "custom_model_data": 2
      },
      "model": "custom/icons/icon_2"
    },
    {
      "predicate": {
        "custom_model_data": 3
      },
      "model": "custom/icons/icon_3"
    },
    {
      "predicate": {
        "custom_model_data": 4
      },
      "model": "custom/icons/icon_4"
    },
    {
      "predicate": {
        "custom_model_data": 5
      },
      "model": "custom/icons/icon_5"
    },
    {
      "predicate": {
        "custom_model_data": 6
      },
      "model": "custom/icons/icon_6"
    },
    {
      "predicate": {
        "custom_model_data": 7
      },
      "model": "custom/icons/icon_7"
    },
    {
      "predicate": {
        "custom_model_data": 8
      },
      "model": "custom/icons/icon_8"
    },
    {
      "predicate": {
        "custom_model_data": 9
      },
      "model": "custom/icons/icon_9"
    },
    {
      "predicate": {
        "custom_model_data": 10
      },
      "model": "custom/icons/icon_10"
    },
    {
      "predicate": {
        "custom_model_data": 11
      },
      "model": "custom/icons/icon_11"
    },
    {
      "predicate": {
        "custom_model_data": 12
      },
      "model": "custom/icons/icon_12"
    },
    {
      "predicate": {
        "custom_model_data": 500
      },
      "model": "custom/heist/crowbar"
    },
    {
      "predicate": {
        "custom_model_data": 10018
      },
      "model": "item/paper"
    }
  ]
}