{"textures":{"0":"modelengine:entity/nocsy_sewer_spider"},"elements":[{"from":[4.5714283,6.857143,6.857143],"to":[8.571428,8.571428,8.571428],"rotation":{"angle":0.0,"axis":"y","origin":[10.857143,7.428571,12.0]},"faces":{"east":{"uv":[5.75,3.25,6.125,3.625],"rotation":0,"texture":"#0","tintindex":0},"south":{"uv":[4.5,6.625,5.375,7.0],"rotation":0,"texture":"#0","tintindex":0},"north":{"uv":[0.0,6.625,0.875,7.0],"rotation":0,"texture":"#0","tintindex":0},"west":{"uv":[8.0,4.75,8.375,5.125],"rotation":0,"texture":"#0","tintindex":0},"up":{"uv":[6.375,7.0,5.5,6.625],"rotation":0,"texture":"#0","tintindex":0},"down":{"uv":[7.625,1.125,6.75,1.5],"rotation":0,"texture":"#0","tintindex":0}}},{"from":[3.99994,3.7874455,6.9142857],"to":[5.5999403,8.244589,8.514286],"rotation":{"angle":0.0,"axis":"y","origin":[4.79994,8.016017,7.714286]},"faces":{"east":{"uv":[3.5,5.25,3.875,6.25],"rotation":0,"texture":"#0","tintindex":0},"south":{"uv":[4.0,5.25,4.375,6.25],"rotation":0,"texture":"#0","tintindex":0},"north":{"uv":[3.0,5.25,3.375,6.25],"rotation":0,"texture":"#0","tintindex":0},"west":{"uv":[0.0,5.5,0.375,6.5],"rotation":0,"texture":"#0","tintindex":0},"up":{"uv":[8.375,5.625,8.0,5.25],"rotation":0,"texture":"#0","tintindex":0},"down":{"uv":[8.375,5.75,8.0,6.125],"rotation":0,"texture":"#0","tintindex":0}}}],"display":{"head":{"translation":[0.0,-6.4,0.0],"scale":[4.0,4.0,4.0]}}}