{"textures":{"0":"modelengine:entity/nocsy_skeleton_necromancer_skin"},"elements":[{"from":[6.9754057,1.4612737,7.557884],"to":[8.637655,6.850165,8.9051075],"rotation":{"angle":0.0,"axis":"y","origin":[10.568674,7.0297947,8.321311]},"faces":{"east":{"uv":[6.6875,8.125,6.8125,8.6875],"rotation":0,"texture":"#0","tintindex":0},"south":{"uv":[6.5,7.5,6.6875,8.0625],"rotation":0,"texture":"#0","tintindex":0},"north":{"uv":[6.3125,7.5,6.5,8.0625],"rotation":0,"texture":"#0","tintindex":0},"west":{"uv":[7.75,8.125,7.875,8.6875],"rotation":0,"texture":"#0","tintindex":0},"up":{"uv":[9.4375,8.0,9.25,7.875],"rotation":0,"texture":"#0","tintindex":0},"down":{"uv":[9.4375,8.0625,9.25,8.1875],"rotation":0,"texture":"#0","tintindex":0}}},{"from":[6.9754057,5.5069876,6.8835983],"to":[9.311941,8.198736,9.579393],"rotation":{"angle":-22.5,"axis":"z","origin":[8.143673,6.852862,8.231496]},"faces":{"east":{"uv":[3.9375,7.5625,4.25,7.875],"rotation":0,"texture":"#0","tintindex":0},"south":{"uv":[8.0625,0.9375,8.3125,1.25],"rotation":0,"texture":"#0","tintindex":0},"north":{"uv":[0.125,8.0625,0.375,8.375],"rotation":0,"texture":"#0","tintindex":0},"west":{"uv":[7.5625,6.5625,7.875,6.875],"rotation":0,"texture":"#0","tintindex":0},"up":{"uv":[1.25,8.375,1.0,8.0625],"rotation":0,"texture":"#0","tintindex":0},"down":{"uv":[1.5,8.0625,1.25,8.375],"rotation":0,"texture":"#0","tintindex":0}}}],"display":{"head":{"translation":[0.0,-6.4,0.0],"scale":[4.0,4.0,4.0]}}}