{"textures":{"0":"modelengine:entity/iceboar"},"elements":[{"from":[7.142857,1.2757201,7.9974527],"to":[8.857143,2.4185772,10.283167],"rotation":{"angle":0.0,"axis":"y","origin":[8.0,5.132863,8.568881]},"faces":{"east":{"uv":[9.625,3.125,9.125,3.375],"rotation":0,"texture":"#0","tintindex":0},"south":{"uv":[9.125,7.125,9.5,7.375],"rotation":0,"texture":"#0","tintindex":0},"north":{"uv":[9.125,6.5,9.5,6.75],"rotation":0,"texture":"#0","tintindex":0},"west":{"uv":[9.125,3.125,9.625,3.375],"rotation":0,"texture":"#0","tintindex":0},"up":{"uv":[3.75,9.5,3.375,9.0],"rotation":0,"texture":"#0","tintindex":0},"down":{"uv":[4.125,9.0,3.75,9.5],"rotation":0,"texture":"#0","tintindex":0}}},{"from":[7.428571,1.4185772,9.14031],"to":[8.571428,4.847149,10.854595],"rotation":{"angle":0.0,"axis":"y","origin":[8.0,5.132863,8.568881]},"faces":{"east":{"uv":[8.75,5.625,8.375,6.375],"rotation":0,"texture":"#0","tintindex":0},"south":{"uv":[4.125,9.0,4.375,9.75],"rotation":0,"texture":"#0","tintindex":0},"north":{"uv":[8.125,8.875,8.375,9.625],"rotation":0,"texture":"#0","tintindex":0},"west":{"uv":[8.375,5.625,8.75,6.375],"rotation":0,"texture":"#0","tintindex":0},"up":{"uv":[9.375,7.75,9.125,7.375],"rotation":0,"texture":"#0","tintindex":0},"down":{"uv":[9.375,7.75,9.125,8.125],"rotation":0,"texture":"#0","tintindex":0}}},{"from":[7.142857,3.132863,8.568881],"to":[8.857143,7.132863,10.854595],"rotation":{"angle":-45.0,"axis":"x","origin":[8.0,5.132863,8.568881]},"faces":{"east":{"uv":[7.875,0.0,8.375,0.875],"rotation":0,"texture":"#0","tintindex":0},"south":{"uv":[6.75,8.125,7.125,9.0],"rotation":0,"texture":"#0","tintindex":0},"north":{"uv":[0.0,8.125,0.375,9.0],"rotation":0,"texture":"#0","tintindex":0},"west":{"uv":[2.0,7.875,2.5,8.75],"rotation":0,"texture":"#0","tintindex":0},"up":{"uv":[4.75,9.5,4.375,9.0],"rotation":0,"texture":"#0","tintindex":0},"down":{"uv":[6.375,9.0,6.0,9.5],"rotation":0,"texture":"#0","tintindex":0}}},{"from":[6.5714283,2.8246236,2.5408587],"to":[9.428572,6.8246236,5.969431],"rotation":{"angle":22.5,"axis":"x","origin":[10.0,-3.461091,12.540859]},"faces":{"east":{"uv":[5.0,7.125,4.25,8.0],"rotation":0,"texture":"#0","tintindex":0},"south":{"uv":[7.375,4.0,8.0,4.875],"rotation":0,"texture":"#0","tintindex":0},"north":{"uv":[7.0,7.25,7.625,8.125],"rotation":0,"texture":"#0","tintindex":0},"west":{"uv":[4.25,7.125,5.0,8.0],"rotation":0,"texture":"#0","tintindex":0},"up":{"uv":[8.25,8.0,7.625,7.25],"rotation":0,"texture":"#0","tintindex":0},"down":{"uv":[8.375,4.875,7.75,5.625],"rotation":0,"texture":"#0","tintindex":0}}}],"display":{"head":{"translation":[0.0,-6.4,0.0],"scale":[4.0,4.0,4.0]}}}