{"textures":{"0":"modelengine:entity/nocsy_skeleton_necromancer_skin"},"elements":[{"from":[8.285714,-1.3714285,4.3999996],"to":[8.285714,8.342857,11.257143],"rotation":{"angle":0.0,"axis":"y","origin":[8.342857,3.371428,7.428571]},"faces":{"east":{"uv":[0.875,2.5,1.625,3.5625],"rotation":0,"texture":"#0","tintindex":0},"south":{"uv":[0.0,0.0,0.0,1.0625],"rotation":0,"texture":"#0","tintindex":0},"north":{"uv":[0.0,0.0,0.0,1.0625],"rotation":0,"texture":"#0","tintindex":0},"west":{"uv":[2.625,0.0,3.375,1.0625],"rotation":0,"texture":"#0","tintindex":0},"up":{"uv":[0.0,0.75,0.0,0.0],"rotation":0,"texture":"#0","tintindex":0},"down":{"uv":[0.0,0.0,0.0,0.75],"rotation":0,"texture":"#0","tintindex":0}}},{"from":[9.314285,-7.257144,4.3999996],"to":[9.314285,-1.5428581,11.257143],"rotation":{"angle":22.5,"axis":"z","origin":[8.285714,-4.228572,7.257143]},"faces":{"east":{"uv":[4.75,5.0,5.5,5.625],"rotation":0,"texture":"#0","tintindex":0},"south":{"uv":[0.0,0.0,0.0,0.625],"rotation":0,"texture":"#0","tintindex":0},"north":{"uv":[0.0,0.0,0.0,0.625],"rotation":0,"texture":"#0","tintindex":0},"west":{"uv":[0.0,5.125,0.75,5.75],"rotation":0,"texture":"#0","tintindex":0},"up":{"uv":[0.0,0.75,0.0,0.0],"rotation":0,"texture":"#0","tintindex":0},"down":{"uv":[0.0,0.0,0.0,0.75],"rotation":0,"texture":"#0","tintindex":0}}}],"display":{"head":{"translation":[0.0,-6.4,0.0],"scale":[4.0,4.0,4.0]}}}