{"textures":{"0":"modelengine:entity/vine_guardian"},"elements":[{"from":[6.1657143,-5.354864,9.407387],"to":[9.834286,5.039421,9.407387],"rotation":{"angle":22.5,"axis":"x","origin":[6.7771425,4.8865643,8.18453]},"faces":{"east":{"uv":[5.125,12.5,5.125,14.625],"rotation":0,"texture":"#0","tintindex":0},"south":{"uv":[3.0,6.75,2.25,8.875],"rotation":0,"texture":"#0","tintindex":0},"north":{"uv":[7.5,1.375,6.75,3.5],"rotation":0,"texture":"#0","tintindex":0},"west":{"uv":[5.0,12.5,5.0,14.625],"rotation":0,"texture":"#0","tintindex":0},"up":{"uv":[5.875,7.625,6.625,7.625],"rotation":0,"texture":"#0","tintindex":0},"down":{"uv":[5.875,7.75,6.625,7.75],"rotation":0,"texture":"#0","tintindex":0}}},{"from":[6.7771425,-0.46343613,5.127387],"to":[9.222857,8.096564,8.7959585],"rotation":{"angle":22.5,"axis":"x","origin":[6.7771425,4.8865643,8.18453]},"faces":{"east":{"uv":[8.375,3.25,7.625,5.0],"rotation":0,"texture":"#0","tintindex":0},"south":{"uv":[0.5,9.5,0.0,11.25],"rotation":0,"texture":"#0","tintindex":0},"north":{"uv":[9.875,3.25,9.375,5.0],"rotation":0,"texture":"#0","tintindex":0},"west":{"uv":[8.375,1.375,7.625,3.125],"rotation":0,"texture":"#0","tintindex":0},"up":{"uv":[0.875,12.5,1.375,11.75],"rotation":0,"texture":"#0","tintindex":0},"down":{"uv":[10.375,12.375,10.875,13.125],"rotation":0,"texture":"#0","tintindex":0}}},{"from":[9.834286,-5.354864,4.5159583],"to":[9.834286,5.039421,9.407387],"rotation":{"angle":22.5,"axis":"x","origin":[6.7771425,4.8865643,8.18453]},"faces":{"east":{"uv":[5.125,2.25,4.125,4.375],"rotation":0,"texture":"#0","tintindex":0},"south":{"uv":[8.25,12.75,8.25,14.875],"rotation":0,"texture":"#0","tintindex":0},"north":{"uv":[8.125,12.75,8.125,14.875],"rotation":0,"texture":"#0","tintindex":0},"west":{"uv":[5.125,0.0,4.125,2.125],"rotation":0,"texture":"#0","tintindex":0},"up":{"uv":[5.25,13.875,5.25,12.875],"rotation":0,"texture":"#0","tintindex":0},"down":{"uv":[5.375,12.875,5.375,13.875],"rotation":0,"texture":"#0","tintindex":0}}},{"from":[6.1657143,-5.354864,4.5159583],"to":[9.834286,5.039421,4.5159583],"rotation":{"angle":22.5,"axis":"x","origin":[6.7771425,4.8865643,8.18453]},"faces":{"east":{"uv":[5.625,12.875,5.625,15.0],"rotation":0,"texture":"#0","tintindex":0},"south":{"uv":[7.5,3.625,6.75,5.75],"rotation":0,"texture":"#0","tintindex":0},"north":{"uv":[3.875,6.75,3.125,8.875],"rotation":0,"texture":"#0","tintindex":0},"west":{"uv":[5.5,12.875,5.5,15.0],"rotation":0,"texture":"#0","tintindex":0},"up":{"uv":[5.875,7.875,6.625,7.875],"rotation":0,"texture":"#0","tintindex":0},"down":{"uv":[5.875,8.0,6.625,8.0],"rotation":0,"texture":"#0","tintindex":0}}},{"from":[6.1657143,-5.354864,4.5159583],"to":[6.1657143,5.039421,9.407387],"rotation":{"angle":22.5,"axis":"x","origin":[6.7771425,4.8865643,8.18453]},"faces":{"east":{"uv":[4.0,2.25,3.0,4.375],"rotation":0,"texture":"#0","tintindex":0},"south":{"uv":[7.75,12.75,7.75,14.875],"rotation":0,"texture":"#0","tintindex":0},"north":{"uv":[7.625,12.75,7.625,14.875],"rotation":0,"texture":"#0","tintindex":0},"west":{"uv":[4.0,0.0,3.0,2.125],"rotation":0,"texture":"#0","tintindex":0},"up":{"uv":[7.875,13.75,7.875,12.75],"rotation":0,"texture":"#0","tintindex":0},"down":{"uv":[8.0,12.75,8.0,13.75],"rotation":0,"texture":"#0","tintindex":0}}}],"display":{"head":{"translation":[0.0,-6.4,0.0],"scale":[4.0,4.0,4.0]}}}