{"textures":{"0":"modelengine:entity/nocsy_sewer_boss"},"elements":[{"from":[6.6468296,8.181522,7.2844324],"to":[8.932545,13.895808,7.341575],"rotation":{"angle":45.0,"axis":"y","origin":[7.2182584,10.4672365,7.913004]},"faces":{"east":{"uv":[4.875,9.125,4.9375,9.75],"rotation":0,"texture":"#0","tintindex":0},"south":{"uv":[4.6875,6.5,4.9375,7.125],"rotation":0,"texture":"#0","tintindex":0},"north":{"uv":[6.5,4.0625,6.75,4.6875],"rotation":0,"texture":"#0","tintindex":0},"west":{"uv":[0.25,9.1875,0.3125,9.8125],"rotation":0,"texture":"#0","tintindex":0},"up":{"uv":[9.875,1.0,9.625,0.9375],"rotation":0,"texture":"#0","tintindex":0},"down":{"uv":[2.875,9.625,2.625,9.6875],"rotation":0,"texture":"#0","tintindex":0}}},{"from":[6.279644,8.181522,8.569033],"to":[9.708216,13.895808,8.626176],"rotation":{"angle":-22.5,"axis":"y","origin":[7.99393,11.610094,8.569033]},"faces":{"east":{"uv":[0.375,9.1875,0.4375,9.8125],"rotation":0,"texture":"#0","tintindex":0},"south":{"uv":[1.5,5.3125,1.875,5.9375],"rotation":0,"texture":"#0","tintindex":0},"north":{"uv":[5.0625,5.1875,5.4375,5.8125],"rotation":0,"texture":"#0","tintindex":0},"west":{"uv":[0.5,9.1875,0.5625,9.8125],"rotation":0,"texture":"#0","tintindex":0},"up":{"uv":[9.75,6.5,9.375,6.4375],"rotation":0,"texture":"#0","tintindex":0},"down":{"uv":[9.75,9.125,9.375,9.1875],"rotation":0,"texture":"#0","tintindex":0}}}],"display":{"head":{"translation":[0.0,-6.4,0.0],"scale":[4.0,4.0,4.0]}}}