{"textures":{"0":"modelengine:entity/nocsy_sewer_boss"},"elements":[{"from":[6.5142856,6.5142856,6.9714284],"to":[8.914286,8.914286,13.942858],"rotation":{"angle":0.0,"axis":"y","origin":[8.285714,8.057143,11.028572]},"faces":{"east":{"uv":[5.4375,0.375,6.1875,0.625],"rotation":0,"texture":"#0","tintindex":0},"south":{"uv":[7.0625,8.375,7.3125,8.625],"rotation":0,"texture":"#0","tintindex":0},"north":{"uv":[6.25,8.375,6.5,8.625],"rotation":0,"texture":"#0","tintindex":0},"west":{"uv":[5.5,5.5625,6.25,5.8125],"rotation":0,"texture":"#0","tintindex":0},"up":{"uv":[1.1875,6.3125,0.9375,5.5625],"rotation":0,"texture":"#0","tintindex":0},"down":{"uv":[5.9375,0.6875,5.6875,1.4375],"rotation":0,"texture":"#0","tintindex":0}}},{"from":[6.457143,6.457143,9.2],"to":[8.971429,8.971429,10.571428],"rotation":{"angle":0.0,"axis":"y","origin":[8.285714,8.057143,11.028572]},"faces":{"east":{"uv":[1.625,7.3125,1.75,7.5625],"rotation":0,"texture":"#0","tintindex":0},"south":{"uv":[8.4375,1.3125,8.6875,1.5625],"rotation":0,"texture":"#0","tintindex":0},"north":{"uv":[8.4375,0.5625,8.6875,0.8125],"rotation":0,"texture":"#0","tintindex":0},"west":{"uv":[1.625,7.9375,1.75,8.1875],"rotation":0,"texture":"#0","tintindex":0},"up":{"uv":[4.75,4.4375,4.5,4.3125],"rotation":0,"texture":"#0","tintindex":0},"down":{"uv":[6.5625,1.3125,6.3125,1.4375],"rotation":0,"texture":"#0","tintindex":0}}},{"from":[6.457143,6.457143,10.914286],"to":[8.971429,8.971429,12.285715],"rotation":{"angle":0.0,"axis":"y","origin":[8.285714,8.057143,11.028572]},"faces":{"east":{"uv":[2.125,8.25,2.25,8.5],"rotation":0,"texture":"#0","tintindex":0},"south":{"uv":[8.4375,2.25,8.6875,2.5],"rotation":0,"texture":"#0","tintindex":0},"north":{"uv":[8.4375,1.9375,8.6875,2.1875],"rotation":0,"texture":"#0","tintindex":0},"west":{"uv":[4.6875,9.3125,4.8125,9.5625],"rotation":0,"texture":"#0","tintindex":0},"up":{"uv":[9.5,3.75,9.25,3.625],"rotation":0,"texture":"#0","tintindex":0},"down":{"uv":[9.625,0.25,9.375,0.375],"rotation":0,"texture":"#0","tintindex":0}}}],"display":{"head":{"translation":[0.0,-6.4,0.0],"scale":[4.0,4.0,4.0]}}}