{
	"credit": "Made by Manning Design",
	"texture_size": [64, 64],
	"textures": {
		"0": "custom/bs_balloon_donkey_texture",
		"particle": "custom/bs_balloon_donkey_texture"
	},
	"elements": [
		{
			"from": [5, 4, 3],
			"to": [11, 10, 14],
			"rotation": {"angle": 0, "axis": "y", "origin": [0, -2, 10]},
			"faces": {
				"north": {"uv": [5.5, 2, 7, 3.5], "texture": "#0"},
				"east": {"uv": [0, 0, 2.75, 1.5], "texture": "#0"},
				"south": {"uv": [2.5, 5.5, 4, 7], "texture": "#0"},
				"west": {"uv": [0, 1.5, 2.75, 3], "texture": "#0"},
				"up": {"uv": [4.25, 2.75, 2.75, 0], "texture": "#0"},
				"down": {"uv": [4.25, 2.75, 2.75, 5.5], "texture": "#0"}
			}
		},
		{
			"from": [5.5, 9.52862, 5.28775],
			"to": [10.5, 14.52862, 10.28775],
			"rotation": {"angle": -22.5, "axis": "x", "origin": [0, -2, 10]},
			"faces": {
				"north": {"uv": [7.25, 7.5, 8.5, 8.75], "texture": "#0"},
				"east": {"uv": [3.5, 7.75, 4.75, 9], "texture": "#0"},
				"south": {"uv": [7.75, 3.5, 9, 4.75], "texture": "#0"},
				"west": {"uv": [7.75, 4.75, 9, 6], "texture": "#0"},
				"up": {"uv": [9, 7.25, 7.75, 6], "texture": "#0"},
				"down": {"uv": [9.25, 0, 8, 1.25], "texture": "#0"}
			}
		},
		{
			"from": [5.5, 14.75699, 3.4358],
			"to": [10.5, 19.75699, 11.4358],
			"rotation": {"angle": -22.5, "axis": "x", "origin": [0, -4.77164, 11.14805]},
			"faces": {
				"north": {"uv": [8, 1.25, 9.25, 2.5], "texture": "#0"},
				"east": {"uv": [0, 3, 2, 4.25], "texture": "#0"},
				"south": {"uv": [8.5, 7.25, 9.75, 8.5], "texture": "#0"},
				"west": {"uv": [0, 4.25, 2, 5.5], "texture": "#0"},
				"up": {"uv": [5.5, 2, 4.25, 0], "texture": "#0"},
				"down": {"uv": [5.5, 2, 4.25, 4], "texture": "#0"}
			}
		},
		{
			"from": [4, -1.95463, 12.79924],
			"to": [8, 5.04537, 17.79924],
			"rotation": {"angle": -22.5, "axis": "x", "origin": [0, -2, 10]},
			"faces": {
				"north": {"uv": [7, 1.75, 8, 3.5], "texture": "#0"},
				"east": {"uv": [5.5, 3.5, 6.75, 5.25], "texture": "#0"},
				"south": {"uv": [0, 7.5, 1, 9.25], "texture": "#0"},
				"west": {"uv": [5.5, 5.25, 6.75, 7], "texture": "#0"},
				"up": {"uv": [4, 10.25, 3, 9], "texture": "#0"},
				"down": {"uv": [5, 9, 4, 10.25], "texture": "#0"}
			}
		},
		{
			"from": [8, -1.95463, 12.79924],
			"to": [12, 5.04537, 17.79924],
			"rotation": {"angle": -22.5, "axis": "x", "origin": [0, -2, 10]},
			"faces": {
				"north": {"uv": [1, 7.5, 2, 9.25], "texture": "#0"},
				"east": {"uv": [4, 6, 5.25, 7.75], "texture": "#0"},
				"south": {"uv": [6.25, 7.5, 7.25, 9.25], "texture": "#0"},
				"west": {"uv": [6.75, 0, 8, 1.75], "texture": "#0"},
				"up": {"uv": [10, 5.25, 9, 4], "texture": "#0"},
				"down": {"uv": [6, 9, 5, 10.25], "texture": "#0"}
			}
		},
		{
			"from": [4, -3.48536, -1.49475],
			"to": [8, 4.51464, 3.50525],
			"rotation": {"angle": 22.5, "axis": "x", "origin": [0, -2, 10]},
			"faces": {
				"north": {"uv": [6.75, 3.5, 7.75, 5.5], "texture": "#0"},
				"east": {"uv": [4.25, 4, 5.5, 6], "texture": "#0"},
				"south": {"uv": [6.75, 5.5, 7.75, 7.5], "texture": "#0"},
				"west": {"uv": [0, 5.5, 1.25, 7.5], "texture": "#0"},
				"up": {"uv": [10, 6.5, 9, 5.25], "texture": "#0"},
				"down": {"uv": [1, 9.25, 0, 10.5], "texture": "#0"}
			}
		},
		{
			"from": [8, -3.48536, -1.49475],
			"to": [12, 4.51464, 3.50525],
			"rotation": {"angle": 22.5, "axis": "x", "origin": [0, -2, 10]},
			"faces": {
				"north": {"uv": [2.5, 7, 3.5, 9], "texture": "#0"},
				"east": {"uv": [5.5, 0, 6.75, 2], "texture": "#0"},
				"south": {"uv": [5.25, 7, 6.25, 9], "texture": "#0"},
				"west": {"uv": [1.25, 5.5, 2.5, 7.5], "texture": "#0"},
				"up": {"uv": [10.25, 1.25, 9.25, 0], "texture": "#0"},
				"down": {"uv": [2, 9.25, 1, 10.5], "texture": "#0"}
			}
		},
		{
			"from": [6, 7.19969, 13.27341],
			"to": [10, 13.19969, 17.27341],
			"rotation": {"angle": 45, "axis": "x", "origin": [8, 12.19969, 13.52341]},
			"faces": {
				"north": {"uv": [8.5, 8.5, 9.5, 10], "texture": "#0"},
				"east": {"uv": [7.25, 8.75, 8.25, 10.25], "texture": "#0"},
				"south": {"uv": [2, 9, 3, 10.5], "texture": "#0"},
				"west": {"uv": [9, 2.5, 10, 4], "texture": "#0"},
				"up": {"uv": [9, 3.5, 8, 2.5], "texture": "#0"},
				"down": {"uv": [10.25, 1.25, 9.25, 2.25], "texture": "#0"}
			}
		},
		{
			"from": [7.5, 12.19969, 14.77341],
			"to": [8.5, 14.19969, 15.77341],
			"rotation": {"angle": 45, "axis": "x", "origin": [8, 12.19969, 13.52341]},
			"faces": {
				"north": {"uv": [4, 5.5, 4.25, 6], "texture": "#0"},
				"east": {"uv": [5.25, 6, 5.5, 6.5], "texture": "#0"},
				"south": {"uv": [5.25, 6.5, 5.5, 7], "texture": "#0"},
				"west": {"uv": [8.25, 8.75, 8.5, 9.25], "texture": "#0"},
				"up": {"uv": [7, 2, 6.75, 1.75], "texture": "#0"},
				"down": {"uv": [8.5, 7.25, 8.25, 7.5], "texture": "#0"}
			}
		},
		{
			"from": [12.87892, 11.36693, 0.53243],
			"to": [15.87892, 16.36693, 2.53243],
			"rotation": {"angle": 22.5, "axis": "z", "origin": [0, -4.77164, 11.14805]},
			"faces": {
				"north": {"uv": [2, 3, 2.75, 4.25], "texture": "#0"},
				"east": {"uv": [2, 7.5, 2.5, 8.75], "texture": "#0"},
				"south": {"uv": [2, 4.25, 2.75, 5.5], "texture": "#0"},
				"west": {"uv": [4.75, 7.75, 5.25, 9], "texture": "#0"},
				"up": {"uv": [9.75, 7, 9, 6.5], "texture": "#0"},
				"down": {"uv": [10.5, 7.75, 9.75, 8.25], "texture": "#0"}
			}
		},
		{
			"from": [7, 15.24319, -4.23641],
			"to": [9, 17.24319, -3.23641],
			"rotation": {"angle": -22.5, "axis": "x", "origin": [8, 11.49319, 5.26359]},
			"faces": {
				"north": {"uv": [3.5, 7, 4, 7.5], "texture": "#0"},
				"east": {"uv": [8.25, 9.25, 8.5, 9.75], "texture": "#0"},
				"south": {"uv": [6.25, 7, 6.75, 7.5], "texture": "#0"},
				"west": {"uv": [8.25, 9.75, 8.5, 10.25], "texture": "#0"},
				"up": {"uv": [4, 7.75, 3.5, 7.5], "texture": "#0"},
				"down": {"uv": [8.25, 7.25, 7.75, 7.5], "texture": "#0"}
			}
		},
		{
			"from": [0.12108, 11.36693, 0.53243],
			"to": [3.12108, 16.36693, 2.53243],
			"rotation": {"angle": -22.5, "axis": "z", "origin": [16, -4.77164, 11.14805]},
			"faces": {
				"north": {"uv": [6, 9.25, 6.75, 10.5], "texture": "#0"},
				"east": {"uv": [6.75, 9.25, 7.25, 10.5], "texture": "#0"},
				"south": {"uv": [9.5, 8.5, 10.25, 9.75], "texture": "#0"},
				"west": {"uv": [9.75, 6.5, 10.25, 7.75], "texture": "#0"},
				"up": {"uv": [10.25, 10.25, 9.5, 9.75], "texture": "#0"},
				"down": {"uv": [10.75, 2.25, 10, 2.75], "texture": "#0"}
			}
		}
	],
	"display": {
		"thirdperson_righthand": {
			"scale": [0.57, 0.57, 0.57]
		},
		"thirdperson_lefthand": {
			"scale": [0.52, 0.52, 0.52]
		},
		"firstperson_righthand": {
			"scale": [0.55, 0.55, 0.55]
		},
		"firstperson_lefthand": {
			"scale": [0.55, 0.55, 0.55]
		},
		"ground": {
			"translation": [0, 5.5, 0],
			"scale": [0.54, 0.54, 0.54]
		},
		"gui": {
			"rotation": [35, 135, 0],
			"translation": [0.5, 0.5, 0],
			"scale": [0.55, 0.55, 0.55]
		},
		"head": {
			"translation": [0, 1.25, 0],
			"scale": [1.72, 1.72, 1.73]
		},
		"fixed": {
			"rotation": [0, 90, 0],
			"translation": [0, -2.75, 0],
			"scale": [0.65, 0.65, 0.65]
		}
	}
}