{"textures":{"0":"modelengine:entity/explosive_seed"},"elements":[{"from":[5.428571,5.714286,5.428571],"to":[10.571428,10.285714,10.571428],"rotation":{"angle":0.0,"axis":"y","origin":[8.0,8.0,8.0]},"faces":{"east":{"uv":[6.0,7.25,8.25,9.25],"rotation":0,"texture":"#0","tintindex":0},"south":{"uv":[6.0,5.0,8.25,7.0],"rotation":0,"texture":"#0","tintindex":0},"north":{"uv":[6.0,5.0,8.25,7.0],"rotation":0,"texture":"#0","tintindex":0},"west":{"uv":[8.5,0.0,10.75,2.0],"rotation":0,"texture":"#0","tintindex":0},"up":{"uv":[8.25,2.25,6.0,0.0],"rotation":0,"texture":"#0","tintindex":0},"down":{"uv":[8.25,2.5,6.0,4.75],"rotation":0,"texture":"#0","tintindex":0}}}],"display":{"head":{"translation":[0.0,-6.4,0.0],"scale":[4.0,4.0,4.0]}}}