{"textures":{"0":"modelengine:entity/nocsy_sewer_boss"},"elements":[{"from":[5.142857,7.428571,4.0],"to":[10.857143,12.0,8.571428],"rotation":{"angle":0.0,"axis":"y","origin":[8.571428,10.857143,6.857143]},"faces":{"east":{"uv":[3.625,4.5,4.125,5.0],"rotation":0,"texture":"#0","tintindex":0},"south":{"uv":[4.25,2.4375,4.875,2.9375],"rotation":0,"texture":"#0","tintindex":0},"north":{"uv":[4.25,1.875,4.875,2.375],"rotation":0,"texture":"#0","tintindex":0},"west":{"uv":[4.5,3.75,5.0,4.25],"rotation":0,"texture":"#0","tintindex":0},"up":{"uv":[2.875,5.0,2.25,4.5],"rotation":0,"texture":"#0","tintindex":0},"down":{"uv":[3.5625,4.5,2.9375,5.0],"rotation":0,"texture":"#0","tintindex":0}}},{"from":[3.7884912,7.428571,5.09457],"to":[3.7884912,12.0,7.380285],"rotation":{"angle":-22.5,"axis":"y","origin":[7.217063,10.857143,7.951713]},"faces":{"east":{"uv":[1.8125,7.0625,2.0625,7.5625],"rotation":0,"texture":"#0","tintindex":0},"south":{"uv":[9.6875,4.9375,9.6875,5.4375],"rotation":0,"texture":"#0","tintindex":0},"north":{"uv":[9.6875,4.375,9.6875,4.875],"rotation":0,"texture":"#0","tintindex":0},"west":{"uv":[2.125,7.0625,2.375,7.5625],"rotation":0,"texture":"#0","tintindex":0},"up":{"uv":[5.25,9.9375,5.25,9.6875],"rotation":0,"texture":"#0","tintindex":0},"down":{"uv":[5.3125,9.6875,5.3125,9.9375],"rotation":0,"texture":"#0","tintindex":0}}},{"from":[3.7884912,7.428571,7.951713],"to":[3.7884912,12.0,10.237428],"rotation":{"angle":-22.5,"axis":"y","origin":[7.217063,10.857143,10.808856]},"faces":{"east":{"uv":[7.125,3.5,7.375,4.0],"rotation":0,"texture":"#0","tintindex":0},"south":{"uv":[5.4375,9.6875,5.4375,10.1875],"rotation":0,"texture":"#0","tintindex":0},"north":{"uv":[5.375,9.6875,5.375,10.1875],"rotation":0,"texture":"#0","tintindex":0},"west":{"uv":[3.75,7.125,4.0,7.625],"rotation":0,"texture":"#0","tintindex":0},"up":{"uv":[5.5,9.9375,5.5,9.6875],"rotation":0,"texture":"#0","tintindex":0},"down":{"uv":[5.5625,9.6875,5.5625,9.9375],"rotation":0,"texture":"#0","tintindex":0}}},{"from":[12.211509,7.428571,5.09457],"to":[12.211509,12.0,7.380285],"rotation":{"angle":22.5,"axis":"y","origin":[8.782937,10.857143,7.951713]},"faces":{"east":{"uv":[0.0,7.1875,0.25,7.6875],"rotation":0,"texture":"#0","tintindex":0},"south":{"uv":[5.6875,9.6875,5.6875,10.1875],"rotation":0,"texture":"#0","tintindex":0},"north":{"uv":[5.625,9.6875,5.625,10.1875],"rotation":0,"texture":"#0","tintindex":0},"west":{"uv":[2.4375,7.1875,2.6875,7.6875],"rotation":0,"texture":"#0","tintindex":0},"up":{"uv":[5.75,9.9375,5.75,9.6875],"rotation":0,"texture":"#0","tintindex":0},"down":{"uv":[5.8125,9.6875,5.8125,9.9375],"rotation":0,"texture":"#0","tintindex":0}}},{"from":[12.211509,7.428571,7.951713],"to":[12.211509,12.0,10.237428],"rotation":{"angle":22.5,"axis":"y","origin":[8.782937,10.857143,10.808856]},"faces":{"east":{"uv":[4.5,7.1875,4.75,7.6875],"rotation":0,"texture":"#0","tintindex":0},"south":{"uv":[5.9375,9.6875,5.9375,10.1875],"rotation":0,"texture":"#0","tintindex":0},"north":{"uv":[5.875,9.6875,5.875,10.1875],"rotation":0,"texture":"#0","tintindex":0},"west":{"uv":[2.75,7.25,3.0,7.75],"rotation":0,"texture":"#0","tintindex":0},"up":{"uv":[6.0,9.9375,6.0,9.6875],"rotation":0,"texture":"#0","tintindex":0},"down":{"uv":[6.0625,9.6875,6.0625,9.9375],"rotation":0,"texture":"#0","tintindex":0}}},{"from":[5.142857,12.807718,5.3799543],"to":[10.857143,12.807718,8.808526],"rotation":{"angle":-45.0,"axis":"x","origin":[8.0,12.807718,6.522812]},"faces":{"east":{"uv":[5.9375,1.8125,6.3125,1.8125],"rotation":0,"texture":"#0","tintindex":0},"south":{"uv":[9.6875,3.5,10.3125,3.5],"rotation":0,"texture":"#0","tintindex":0},"north":{"uv":[9.6875,3.4375,10.3125,3.4375],"rotation":0,"texture":"#0","tintindex":0},"west":{"uv":[7.0,2.5,7.375,2.5],"rotation":0,"texture":"#0","tintindex":0},"up":{"uv":[2.8125,5.4375,2.1875,5.0625],"rotation":0,"texture":"#0","tintindex":0},"down":{"uv":[3.5,5.0625,2.875,5.4375],"rotation":0,"texture":"#0","tintindex":0}}},{"from":[5.142857,12.807718,8.237098],"to":[10.857143,12.807718,10.522812],"rotation":{"angle":-45.0,"axis":"x","origin":[8.0,12.807718,9.379954]},"faces":{"east":{"uv":[6.0,1.4375,6.25,1.4375],"rotation":0,"texture":"#0","tintindex":0},"south":{"uv":[9.6875,5.5,10.3125,5.5],"rotation":0,"texture":"#0","tintindex":0},"north":{"uv":[9.6875,3.5625,10.3125,3.5625],"rotation":0,"texture":"#0","tintindex":0},"west":{"uv":[6.6875,1.75,6.9375,1.75],"rotation":0,"texture":"#0","tintindex":0},"up":{"uv":[1.875,6.5625,1.25,6.3125],"rotation":0,"texture":"#0","tintindex":0},"down":{"uv":[2.5625,6.3125,1.9375,6.5625],"rotation":0,"texture":"#0","tintindex":0}}},{"from":[5.142857,11.191474,8.236289],"to":[10.857143,11.191474,10.522004],"rotation":{"angle":45.0,"axis":"x","origin":[8.0,11.191474,9.379147]},"faces":{"east":{"uv":[5.6875,6.875,5.9375,6.875],"rotation":0,"texture":"#0","tintindex":0},"south":{"uv":[9.6875,5.625,10.3125,5.625],"rotation":0,"texture":"#0","tintindex":0},"north":{"uv":[9.6875,5.5625,10.3125,5.5625],"rotation":0,"texture":"#0","tintindex":0},"west":{"uv":[6.9375,5.125,7.1875,5.125],"rotation":0,"texture":"#0","tintindex":0},"up":{"uv":[6.9375,5.8125,6.3125,5.5625],"rotation":0,"texture":"#0","tintindex":0},"down":{"uv":[7.0,1.8125,6.375,2.0625],"rotation":0,"texture":"#0","tintindex":0}}},{"from":[5.142857,9.477188,8.236289],"to":[10.857143,9.477188,11.093432],"rotation":{"angle":45.0,"axis":"x","origin":[8.0,9.477188,9.379147]},"faces":{"east":{"uv":[7.5,2.4375,7.8125,2.4375],"rotation":0,"texture":"#0","tintindex":0},"south":{"uv":[9.6875,5.9375,10.3125,5.9375],"rotation":0,"texture":"#0","tintindex":0},"north":{"uv":[9.6875,5.875,10.3125,5.875],"rotation":0,"texture":"#0","tintindex":0},"west":{"uv":[8.0625,1.0625,8.375,1.0625],"rotation":0,"texture":"#0","tintindex":0},"up":{"uv":[3.5,2.75,2.875,2.4375],"rotation":0,"texture":"#0","tintindex":0},"down":{"uv":[6.0,2.9375,5.375,3.25],"rotation":0,"texture":"#0","tintindex":0}}},{"from":[5.142857,11.664861,3.1922817],"to":[10.857143,11.664861,5.477996],"rotation":{"angle":-45.0,"axis":"x","origin":[8.0,12.807718,3.1922817]},"faces":{"east":{"uv":[7.5,5.75,7.75,5.75],"rotation":0,"texture":"#0","tintindex":0},"south":{"uv":[9.6875,6.5625,10.3125,6.5625],"rotation":0,"texture":"#0","tintindex":0},"north":{"uv":[9.6875,6.0,10.3125,6.0],"rotation":0,"texture":"#0","tintindex":0},"west":{"uv":[9.6875,6.625,9.9375,6.625],"rotation":0,"texture":"#0","tintindex":0},"up":{"uv":[7.0625,3.6875,6.4375,3.4375],"rotation":0,"texture":"#0","tintindex":0},"down":{"uv":[7.0625,3.75,6.4375,4.0],"rotation":0,"texture":"#0","tintindex":0}}},{"from":[5.577655,8.460655,3.771428],"to":[7.2919407,10.746369,4.9142857],"rotation":{"angle":0.0,"axis":"y","origin":[6.434798,9.889227,4.342857]},"faces":{"east":{"uv":[1.6875,9.375,1.8125,9.625],"rotation":0,"texture":"#0","tintindex":0},"south":{"uv":[9.0,5.1875,9.1875,5.4375],"rotation":0,"texture":"#0","tintindex":0},"north":{"uv":[5.0,9.0,5.1875,9.25],"rotation":0,"texture":"#0","tintindex":0},"west":{"uv":[1.875,9.375,2.0,9.625],"rotation":0,"texture":"#0","tintindex":0},"up":{"uv":[9.625,3.5625,9.4375,3.4375],"rotation":0,"texture":"#0","tintindex":0},"down":{"uv":[3.8125,9.4375,3.625,9.5625],"rotation":0,"texture":"#0","tintindex":0}}},{"from":[6.0347977,9.360655,3.742857],"to":[6.6062264,9.932084,3.742857],"rotation":{"angle":0.0,"axis":"y","origin":[6.434798,9.889227,4.342857]},"faces":{"east":{"uv":[2.1875,4.875,2.1875,4.9375],"rotation":0,"texture":"#0","tintindex":0},"south":{"uv":[3.625,3.375,3.6875,3.4375],"rotation":0,"texture":"#0","tintindex":0},"north":{"uv":[3.625,3.25,3.6875,3.3125],"rotation":0,"texture":"#0","tintindex":0},"west":{"uv":[4.125,6.0625,4.125,6.125],"rotation":0,"texture":"#0","tintindex":0},"up":{"uv":[3.6875,3.5,3.625,3.5],"rotation":0,"texture":"#0","tintindex":0},"down":{"uv":[0.6875,4.8125,0.625,4.8125],"rotation":0,"texture":"#0","tintindex":0}}},{"from":[9.393774,9.360655,3.742857],"to":[9.965202,9.932084,3.742857],"rotation":{"angle":0.0,"axis":"y","origin":[9.565202,9.889227,4.342857]},"faces":{"east":{"uv":[0.3125,6.4375,0.3125,6.5],"rotation":0,"texture":"#0","tintindex":0},"south":{"uv":[0.625,4.6875,0.6875,4.75],"rotation":0,"texture":"#0","tintindex":0},"north":{"uv":[0.625,4.5625,0.6875,4.625],"rotation":0,"texture":"#0","tintindex":0},"west":{"uv":[0.375,6.4375,0.375,6.5],"rotation":0,"texture":"#0","tintindex":0},"up":{"uv":[0.5,5.5,0.4375,5.5],"rotation":0,"texture":"#0","tintindex":0},"down":{"uv":[5.75,1.5,5.6875,1.5],"rotation":0,"texture":"#0","tintindex":0}}},{"from":[8.708059,8.460655,3.771428],"to":[10.422345,10.746369,4.9142857],"rotation":{"angle":0.0,"axis":"y","origin":[9.565202,9.889227,4.342857]},"faces":{"east":{"uv":[9.375,2.25,9.5,2.5],"rotation":0,"texture":"#0","tintindex":0},"south":{"uv":[6.5,9.0,6.6875,9.25],"rotation":0,"texture":"#0","tintindex":0},"north":{"uv":[6.25,9.0,6.4375,9.25],"rotation":0,"texture":"#0","tintindex":0},"west":{"uv":[9.375,2.5625,9.5,2.8125],"rotation":0,"texture":"#0","tintindex":0},"up":{"uv":[9.625,5.25,9.4375,5.125],"rotation":0,"texture":"#0","tintindex":0},"down":{"uv":[9.625,5.3125,9.4375,5.4375],"rotation":0,"texture":"#0","tintindex":0}}},{"from":[6.7370315,9.929808,3.6],"to":[8.451317,11.072665,5.3142858],"rotation":{"angle":-45.0,"axis":"z","origin":[6.9227457,10.501237,4.742857]},"faces":{"east":{"uv":[9.4375,6.5625,9.625,6.6875],"rotation":0,"texture":"#0","tintindex":0},"south":{"uv":[5.25,9.5,5.4375,9.625],"rotation":0,"texture":"#0","tintindex":0},"north":{"uv":[9.4375,5.875,9.625,6.0],"rotation":0,"texture":"#0","tintindex":0},"west":{"uv":[5.5,9.5,5.6875,9.625],"rotation":0,"texture":"#0","tintindex":0},"up":{"uv":[5.1875,9.5,5.0,9.3125],"rotation":0,"texture":"#0","tintindex":0},"down":{"uv":[6.4375,9.3125,6.25,9.5],"rotation":0,"texture":"#0","tintindex":0}}},{"from":[4.728879,10.15022,3.5942855],"to":[7.0260224,11.304505,5.32],"rotation":{"angle":-22.5,"axis":"z","origin":[6.4488792,10.727363,4.742857]},"faces":{"east":{"uv":[5.75,9.5,5.9375,9.625],"rotation":0,"texture":"#0","tintindex":0},"south":{"uv":[9.375,4.0,9.625,4.125],"rotation":0,"texture":"#0","tintindex":0},"north":{"uv":[9.375,3.8125,9.625,3.9375],"rotation":0,"texture":"#0","tintindex":0},"west":{"uv":[6.0,9.5,6.1875,9.625],"rotation":0,"texture":"#0","tintindex":0},"up":{"uv":[7.5,9.1875,7.25,9.0],"rotation":0,"texture":"#0","tintindex":0},"down":{"uv":[9.3125,0.25,9.0625,0.4375],"rotation":0,"texture":"#0","tintindex":0}}},{"from":[8.973978,10.15022,3.5942855],"to":[11.271121,11.304505,5.32],"rotation":{"angle":22.5,"axis":"z","origin":[9.551121,10.727363,4.742857]},"faces":{"east":{"uv":[6.75,9.5,6.9375,9.625],"rotation":0,"texture":"#0","tintindex":0},"south":{"uv":[9.375,4.375,9.625,4.5],"rotation":0,"texture":"#0","tintindex":0},"north":{"uv":[9.375,4.1875,9.625,4.3125],"rotation":0,"texture":"#0","tintindex":0},"west":{"uv":[7.0,9.5,7.1875,9.625],"rotation":0,"texture":"#0","tintindex":0},"up":{"uv":[1.125,9.25,0.875,9.0625],"rotation":0,"texture":"#0","tintindex":0},"down":{"uv":[1.75,9.0625,1.5,9.25],"rotation":0,"texture":"#0","tintindex":0}}},{"from":[7.5486827,9.929808,3.6],"to":[9.262969,11.072665,5.3142858],"rotation":{"angle":45.0,"axis":"z","origin":[9.077254,10.501237,4.742857]},"faces":{"east":{"uv":[8.5625,9.5,8.75,9.625],"rotation":0,"texture":"#0","tintindex":0},"south":{"uv":[8.8125,9.5,9.0,9.625],"rotation":0,"texture":"#0","tintindex":0},"north":{"uv":[7.25,9.5,7.4375,9.625],"rotation":0,"texture":"#0","tintindex":0},"west":{"uv":[9.0625,9.5,9.25,9.625],"rotation":0,"texture":"#0","tintindex":0},"up":{"uv":[6.6875,9.5,6.5,9.3125],"rotation":0,"texture":"#0","tintindex":0},"down":{"uv":[9.5,6.8125,9.3125,7.0],"rotation":0,"texture":"#0","tintindex":0}}},{"from":[4.5714283,7.4857144,2.8571424],"to":[6.857143,9.2,6.285714],"rotation":{"angle":22.5,"axis":"y","origin":[7.428571,8.0,3.4285712]},"faces":{"east":{"uv":[8.125,6.875,8.5,7.0625],"rotation":0,"texture":"#0","tintindex":0},"south":{"uv":[9.0625,7.3125,9.3125,7.5],"rotation":0,"texture":"#0","tintindex":0},"north":{"uv":[9.0625,4.875,9.3125,5.0625],"rotation":0,"texture":"#0","tintindex":0},"west":{"uv":[8.25,5.0625,8.625,5.25],"rotation":0,"texture":"#0","tintindex":0},"up":{"uv":[8.125,1.6875,7.875,1.3125],"rotation":0,"texture":"#0","tintindex":0},"down":{"uv":[8.125,1.9375,7.875,2.3125],"rotation":0,"texture":"#0","tintindex":0}}},{"from":[9.142858,7.4857144,2.8571424],"to":[11.428572,9.2,6.285714],"rotation":{"angle":-22.5,"axis":"y","origin":[8.571428,8.0,3.4285712]},"faces":{"east":{"uv":[8.3125,5.3125,8.6875,5.5],"rotation":0,"texture":"#0","tintindex":0},"south":{"uv":[9.0625,7.8125,9.3125,8.0],"rotation":0,"texture":"#0","tintindex":0},"north":{"uv":[9.0625,7.5625,9.3125,7.75],"rotation":0,"texture":"#0","tintindex":0},"west":{"uv":[8.375,0.0,8.75,0.1875],"rotation":0,"texture":"#0","tintindex":0},"up":{"uv":[8.125,2.75,7.875,2.375],"rotation":0,"texture":"#0","tintindex":0},"down":{"uv":[8.125,2.8125,7.875,3.1875],"rotation":0,"texture":"#0","tintindex":0}}},{"from":[5.024987,6.342857,3.9976053],"to":[6.739273,8.6285715,8.569034],"rotation":{"angle":45.0,"axis":"z","origin":[6.2821302,8.342857,4.797605]},"faces":{"east":{"uv":[7.25,4.0625,7.75,4.3125],"rotation":0,"texture":"#0","tintindex":0},"south":{"uv":[7.875,9.0625,8.0625,9.3125],"rotation":0,"texture":"#0","tintindex":0},"north":{"uv":[1.8125,9.0625,2.0,9.3125],"rotation":0,"texture":"#0","tintindex":0},"west":{"uv":[7.25,5.8125,7.75,6.0625],"rotation":0,"texture":"#0","tintindex":0},"up":{"uv":[6.75,8.375,6.5625,7.875],"rotation":0,"texture":"#0","tintindex":0},"down":{"uv":[7.0,7.875,6.8125,8.375],"rotation":0,"texture":"#0","tintindex":0}}},{"from":[6.8071427,6.039709,3.9976053],"to":[9.192858,8.325423,8.569034],"rotation":{"angle":0.0,"axis":"y","origin":[7.1928573,7.296852,4.797605]},"faces":{"east":{"uv":[7.25,6.5625,7.75,6.8125],"rotation":0,"texture":"#0","tintindex":0},"south":{"uv":[8.4375,2.875,8.6875,3.125],"rotation":0,"texture":"#0","tintindex":0},"north":{"uv":[8.4375,2.5625,8.6875,2.8125],"rotation":0,"texture":"#0","tintindex":0},"west":{"uv":[6.6875,7.25,7.1875,7.5],"rotation":0,"texture":"#0","tintindex":0},"up":{"uv":[3.3125,7.75,3.0625,7.25],"rotation":0,"texture":"#0","tintindex":0},"down":{"uv":[7.5,7.25,7.25,7.75],"rotation":0,"texture":"#0","tintindex":0}}},{"from":[9.260727,6.342857,3.9976053],"to":[10.975013,8.6285715,8.569034],"rotation":{"angle":-45.0,"axis":"z","origin":[9.71787,8.342857,4.797605]},"faces":{"east":{"uv":[1.0625,7.3125,1.5625,7.5625],"rotation":0,"texture":"#0","tintindex":0},"south":{"uv":[9.0625,8.5625,9.25,8.8125],"rotation":0,"texture":"#0","tintindex":0},"north":{"uv":[8.125,9.0625,8.3125,9.3125],"rotation":0,"texture":"#0","tintindex":0},"west":{"uv":[4.8125,7.3125,5.3125,7.5625],"rotation":0,"texture":"#0","tintindex":0},"up":{"uv":[7.625,8.375,7.4375,7.875],"rotation":0,"texture":"#0","tintindex":0},"down":{"uv":[7.875,7.875,7.6875,8.375],"rotation":0,"texture":"#0","tintindex":0}}},{"from":[6.857143,6.285714,1.5999999],"to":[9.142858,8.0,1.5999999],"rotation":{"angle":0.0,"axis":"y","origin":[8.571428,10.857143,6.857143]},"faces":{"east":{"uv":[7.0,9.6875,7.0,9.875],"rotation":0,"texture":"#0","tintindex":0},"south":{"uv":[9.125,2.0,9.375,2.1875],"rotation":0,"texture":"#0","tintindex":0},"north":{"uv":[9.125,1.75,9.375,1.9375],"rotation":0,"texture":"#0","tintindex":0},"west":{"uv":[7.0625,9.6875,7.0625,9.875],"rotation":0,"texture":"#0","tintindex":0},"up":{"uv":[9.9375,6.6875,9.6875,6.6875],"rotation":0,"texture":"#0","tintindex":0},"down":{"uv":[7.375,9.6875,7.125,9.6875],"rotation":0,"texture":"#0","tintindex":0}}},{"from":[6.5714283,8.0,1.1428566],"to":[9.428572,9.714286,4.0],"rotation":{"angle":0.0,"axis":"y","origin":[8.0,8.857143,2.5714283]},"faces":{"east":{"uv":[8.5625,6.8125,8.875,7.0],"rotation":0,"texture":"#0","tintindex":0},"south":{"uv":[8.4375,8.5625,8.75,8.75],"rotation":0,"texture":"#0","tintindex":0},"north":{"uv":[8.5625,6.5625,8.875,6.75],"rotation":0,"texture":"#0","tintindex":0},"west":{"uv":[8.625,1.625,8.9375,1.8125],"rotation":0,"texture":"#0","tintindex":0},"up":{"uv":[6.125,8.0,5.8125,7.6875],"rotation":0,"texture":"#0","tintindex":0},"down":{"uv":[6.5,7.6875,6.1875,8.0],"rotation":0,"texture":"#0","tintindex":0}}},{"from":[7.142857,8.8,0.742857],"to":[8.857143,9.942858,1.885714],"rotation":{"angle":0.0,"axis":"y","origin":[8.285714,10.857143,6.857143]},"faces":{"east":{"uv":[3.75,8.9375,3.875,9.0625],"rotation":0,"texture":"#0","tintindex":0},"south":{"uv":[0.625,9.5625,0.8125,9.6875],"rotation":0,"texture":"#0","tintindex":0},"north":{"uv":[9.3125,9.5,9.5,9.625],"rotation":0,"texture":"#0","tintindex":0},"west":{"uv":[2.9375,9.625,3.0625,9.75],"rotation":0,"texture":"#0","tintindex":0},"up":{"uv":[1.4375,9.6875,1.25,9.5625],"rotation":0,"texture":"#0","tintindex":0},"down":{"uv":[9.75,2.125,9.5625,2.25],"rotation":0,"texture":"#0","tintindex":0}}}],"display":{"head":{"translation":[0.0,-6.4,0.0],"scale":[4.0,4.0,4.0]}}}