{"textures":{"0":"modelengine:entity/nocsy_sewer_boss"},"elements":[{"from":[6.5714283,6.5714283,2.2857141],"to":[10.0,10.0,8.0],"rotation":{"angle":0.0,"axis":"y","origin":[11.714286,13.142858,6.285714]},"faces":{"east":{"uv":[4.8125,4.3125,5.4375,4.6875],"rotation":0,"texture":"#0","tintindex":0},"south":{"uv":[6.5,2.875,6.875,3.25],"rotation":0,"texture":"#0","tintindex":0},"north":{"uv":[0.9375,2.375,1.3125,2.75],"rotation":0,"texture":"#0","tintindex":0},"west":{"uv":[4.8125,4.75,5.4375,5.125],"rotation":0,"texture":"#0","tintindex":0},"up":{"uv":[1.0,5.5,0.625,4.875],"rotation":0,"texture":"#0","tintindex":0},"down":{"uv":[1.4375,4.875,1.0625,5.5],"rotation":0,"texture":"#0","tintindex":0}}}],"display":{"head":{"translation":[0.0,-6.4,0.0],"scale":[4.0,4.0,4.0]}}}