{"textures":{"0":"modelengine:entity/nocsy_sewer_boss"},"elements":[{"from":[6.2799997,7.1371427,6.5657144],"to":[9.72,10.577143,8.291429],"rotation":{"angle":0.0,"axis":"y","origin":[8.0,7.714286,11.142858]},"faces":{"east":{"uv":[1.625,8.25,1.8125,8.625],"rotation":0,"texture":"#0","tintindex":0},"south":{"uv":[6.625,1.0625,7.0,1.4375],"rotation":0,"texture":"#0","tintindex":0},"north":{"uv":[6.625,0.625,7.0,1.0],"rotation":0,"texture":"#0","tintindex":0},"west":{"uv":[1.875,8.25,2.0625,8.625],"rotation":0,"texture":"#0","tintindex":0},"up":{"uv":[8.4375,7.75,8.0625,7.5625],"rotation":0,"texture":"#0","tintindex":0},"down":{"uv":[8.5,6.125,8.125,6.3125],"rotation":0,"texture":"#0","tintindex":0}}},{"from":[6.285714,7.340379,7.5644393],"to":[9.714286,10.76895,8.707296],"rotation":{"angle":-22.5,"axis":"x","origin":[8.0,9.054665,8.421582]},"faces":{"east":{"uv":[4.0,5.0625,4.125,5.4375],"rotation":0,"texture":"#0","tintindex":0},"south":{"uv":[1.6875,6.625,2.0625,7.0],"rotation":0,"texture":"#0","tintindex":0},"north":{"uv":[1.25,6.625,1.625,7.0],"rotation":0,"texture":"#0","tintindex":0},"west":{"uv":[0.75,6.625,0.875,7.0],"rotation":0,"texture":"#0","tintindex":0},"up":{"uv":[9.3125,6.3125,8.9375,6.1875],"rotation":0,"texture":"#0","tintindex":0},"down":{"uv":[9.3125,6.375,8.9375,6.5],"rotation":0,"texture":"#0","tintindex":0}}},{"from":[7.0857143,7.6571426,6.5142856],"to":[8.914286,12.342857,8.342857],"rotation":{"angle":0.0,"axis":"y","origin":[7.714286,7.714286,11.142858]},"faces":{"east":{"uv":[7.8125,3.875,8.0,4.375],"rotation":0,"texture":"#0","tintindex":0},"south":{"uv":[7.1875,7.8125,7.375,8.3125],"rotation":0,"texture":"#0","tintindex":0},"north":{"uv":[2.9375,7.8125,3.125,8.3125],"rotation":0,"texture":"#0","tintindex":0},"west":{"uv":[0.25,7.875,0.4375,8.375],"rotation":0,"texture":"#0","tintindex":0},"up":{"uv":[6.1875,9.4375,6.0,9.25],"rotation":0,"texture":"#0","tintindex":0},"down":{"uv":[6.9375,9.25,6.75,9.4375],"rotation":0,"texture":"#0","tintindex":0}}},{"from":[6.285714,8.857143,6.5714283],"to":[8.0,12.285715,8.285714],"rotation":{"angle":22.5,"axis":"z","origin":[8.0,9.142858,7.428571]},"faces":{"east":{"uv":[7.9375,8.25,8.125,8.625],"rotation":0,"texture":"#0","tintindex":0},"south":{"uv":[8.1875,8.25,8.375,8.625],"rotation":0,"texture":"#0","tintindex":0},"north":{"uv":[8.25,7.8125,8.4375,8.1875],"rotation":0,"texture":"#0","tintindex":0},"west":{"uv":[0.0,8.3125,0.1875,8.6875],"rotation":0,"texture":"#0","tintindex":0},"up":{"uv":[7.1875,9.4375,7.0,9.25],"rotation":0,"texture":"#0","tintindex":0},"down":{"uv":[7.4375,9.25,7.25,9.4375],"rotation":0,"texture":"#0","tintindex":0}}},{"from":[7.8285713,8.171429,6.5714283],"to":[9.542857,11.6,8.285714],"rotation":{"angle":-22.5,"axis":"z","origin":[9.542857,8.457143,7.428571]},"faces":{"east":{"uv":[8.3125,4.4375,8.5,4.8125],"rotation":0,"texture":"#0","tintindex":0},"south":{"uv":[4.5,8.3125,4.6875,8.6875],"rotation":0,"texture":"#0","tintindex":0},"north":{"uv":[1.3125,8.3125,1.5,8.6875],"rotation":0,"texture":"#0","tintindex":0},"west":{"uv":[4.75,8.3125,4.9375,8.6875],"rotation":0,"texture":"#0","tintindex":0},"up":{"uv":[8.75,9.4375,8.5625,9.25],"rotation":0,"texture":"#0","tintindex":0},"down":{"uv":[9.0,9.25,8.8125,9.4375],"rotation":0,"texture":"#0","tintindex":0}}},{"from":[5.630719,10.866982,6.6285715],"to":[5.630719,13.152697,8.342857],"rotation":{"angle":22.5,"axis":"y","origin":[5.4021482,12.00984,7.428571]},"faces":{"east":{"uv":[6.0,8.9375,6.1875,9.1875],"rotation":0,"texture":"#0","tintindex":0},"south":{"uv":[3.25,9.4375,3.25,9.6875],"rotation":0,"texture":"#0","tintindex":0},"north":{"uv":[0.1875,9.4375,0.1875,9.6875],"rotation":0,"texture":"#0","tintindex":0},"west":{"uv":[8.9375,6.5625,9.125,6.8125],"rotation":0,"texture":"#0","tintindex":0},"up":{"uv":[3.9375,9.625,3.9375,9.4375],"rotation":0,"texture":"#0","tintindex":0},"down":{"uv":[5.1875,9.5625,5.1875,9.75],"rotation":0,"texture":"#0","tintindex":0}}},{"from":[6.295686,10.866982,6.6285715],"to":[6.295686,13.152697,8.342857],"rotation":{"angle":-22.5,"axis":"y","origin":[6.524257,12.00984,7.428571]},"faces":{"east":{"uv":[6.75,8.9375,6.9375,9.1875],"rotation":0,"texture":"#0","tintindex":0},"south":{"uv":[6.6875,9.5625,6.6875,9.8125],"rotation":0,"texture":"#0","tintindex":0},"north":{"uv":[6.625,9.5625,6.625,9.8125],"rotation":0,"texture":"#0","tintindex":0},"west":{"uv":[7.0,8.9375,7.1875,9.1875],"rotation":0,"texture":"#0","tintindex":0},"up":{"uv":[7.6875,9.75,7.6875,9.5625],"rotation":0,"texture":"#0","tintindex":0},"down":{"uv":[8.5,9.5625,8.5,9.75],"rotation":0,"texture":"#0","tintindex":0}}},{"from":[8.352829,11.781268,6.6285715],"to":[8.352829,14.066982,8.342857],"rotation":{"angle":-22.5,"axis":"y","origin":[8.5814,12.924126,7.428571]},"faces":{"east":{"uv":[8.6875,8.9375,8.875,9.1875],"rotation":0,"texture":"#0","tintindex":0},"south":{"uv":[3.1875,9.625,3.1875,9.875],"rotation":0,"texture":"#0","tintindex":0},"north":{"uv":[3.125,9.625,3.125,9.875],"rotation":0,"texture":"#0","tintindex":0},"west":{"uv":[8.9375,8.9375,9.125,9.1875],"rotation":0,"texture":"#0","tintindex":0},"up":{"uv":[4.25,9.8125,4.25,9.625],"rotation":0,"texture":"#0","tintindex":0},"down":{"uv":[4.3125,9.625,4.3125,9.8125],"rotation":0,"texture":"#0","tintindex":0}}},{"from":[7.6878624,11.781268,6.6285715],"to":[7.6878624,14.066982,8.342857],"rotation":{"angle":22.5,"axis":"y","origin":[7.459291,12.924126,7.428571]},"faces":{"east":{"uv":[9.0,0.5,9.1875,0.75],"rotation":0,"texture":"#0","tintindex":0},"south":{"uv":[1.6875,9.6875,1.6875,9.9375],"rotation":0,"texture":"#0","tintindex":0},"north":{"uv":[4.375,9.625,4.375,9.875],"rotation":0,"texture":"#0","tintindex":0},"west":{"uv":[9.0,1.125,9.1875,1.375],"rotation":0,"texture":"#0","tintindex":0},"up":{"uv":[1.75,9.875,1.75,9.6875],"rotation":0,"texture":"#0","tintindex":0},"down":{"uv":[1.8125,9.6875,1.8125,9.875],"rotation":0,"texture":"#0","tintindex":0}}},{"from":[10.352829,10.866982,6.6285715],"to":[10.352829,13.152697,8.342857],"rotation":{"angle":-22.5,"axis":"y","origin":[10.5814,12.00984,7.428571]},"faces":{"east":{"uv":[9.0,1.4375,9.1875,1.6875],"rotation":0,"texture":"#0","tintindex":0},"south":{"uv":[1.9375,9.6875,1.9375,9.9375],"rotation":0,"texture":"#0","tintindex":0},"north":{"uv":[1.875,9.6875,1.875,9.9375],"rotation":0,"texture":"#0","tintindex":0},"west":{"uv":[9.0,2.875,9.1875,3.125],"rotation":0,"texture":"#0","tintindex":0},"up":{"uv":[2.0,9.875,2.0,9.6875],"rotation":0,"texture":"#0","tintindex":0},"down":{"uv":[9.6875,2.875,9.6875,3.0625],"rotation":0,"texture":"#0","tintindex":0}}},{"from":[9.687862,10.866982,6.6285715],"to":[9.687862,13.152697,8.342857],"rotation":{"angle":22.5,"axis":"y","origin":[9.459291,12.00984,7.428571]},"faces":{"east":{"uv":[9.0,3.1875,9.1875,3.4375],"rotation":0,"texture":"#0","tintindex":0},"south":{"uv":[9.6875,3.8125,9.6875,4.0625],"rotation":0,"texture":"#0","tintindex":0},"north":{"uv":[9.6875,3.125,9.6875,3.375],"rotation":0,"texture":"#0","tintindex":0},"west":{"uv":[9.0,3.5,9.1875,3.75],"rotation":0,"texture":"#0","tintindex":0},"up":{"uv":[3.9375,9.875,3.9375,9.6875],"rotation":0,"texture":"#0","tintindex":0},"down":{"uv":[9.6875,4.125,9.6875,4.3125],"rotation":0,"texture":"#0","tintindex":0}}}],"display":{"head":{"translation":[0.0,-6.4,0.0],"scale":[4.0,4.0,4.0]}}}