{"textures":{"0":"modelengine:entity/frost_moth"},"elements":[{"from":[7.428571,5.5221395,8.132276],"to":[8.571428,7.236425,9.275133],"rotation":{"angle":22.5,"axis":"x","origin":[8.571428,7.236425,10.417991]},"faces":{"east":{"uv":[7.25,7.0,7.75,7.75],"rotation":0,"texture":"#0","tintindex":0},"south":{"uv":[0.0,7.5,0.5,8.25],"rotation":0,"texture":"#0","tintindex":0},"north":{"uv":[7.25,3.75,7.75,4.5],"rotation":0,"texture":"#0","tintindex":0},"west":{"uv":[7.5,0.75,8.0,1.5],"rotation":0,"texture":"#0","tintindex":0},"up":{"uv":[8.0,8.25,7.5,7.75],"rotation":0,"texture":"#0","tintindex":0},"down":{"uv":[1.0,8.0,0.5,8.5],"rotation":0,"texture":"#0","tintindex":0}}},{"from":[7.428571,5.5221395,6.41799],"to":[8.571428,7.236425,7.5608473],"rotation":{"angle":22.5,"axis":"x","origin":[8.571428,7.236425,10.417991]},"faces":{"east":{"uv":[5.25,1.0,5.75,1.75],"rotation":0,"texture":"#0","tintindex":0},"south":{"uv":[7.25,0.0,7.75,0.75],"rotation":0,"texture":"#0","tintindex":0},"north":{"uv":[4.0,1.75,4.5,2.5],"rotation":0,"texture":"#0","tintindex":0},"west":{"uv":[3.0,7.25,3.5,8.0],"rotation":0,"texture":"#0","tintindex":0},"up":{"uv":[7.5,8.25,7.0,7.75],"rotation":0,"texture":"#0","tintindex":0},"down":{"uv":[8.25,7.0,7.75,7.5],"rotation":0,"texture":"#0","tintindex":0}}}],"display":{"head":{"translation":[0.0,-6.4,0.0],"scale":[4.0,4.0,4.0]}}}