{"textures":{"0":"modelengine:entity/frost_moth"},"elements":[{"from":[7.428571,6.466155,14.159391],"to":[8.571428,7.6090126,16.445107],"rotation":{"angle":-22.5,"axis":"x","origin":[8.857143,-6.105274,10.730821]},"faces":{"east":{"uv":[4.25,8.25,4.75,9.25],"rotation":270,"texture":"#0","tintindex":0},"south":{"uv":[2.0,3.25,1.5,2.75],"rotation":0,"texture":"#0","tintindex":0},"north":{"uv":[8.75,5.5,8.25,6.0],"rotation":180,"texture":"#0","tintindex":0},"west":{"uv":[4.75,8.25,5.25,9.25],"rotation":90,"texture":"#0","tintindex":0},"up":{"uv":[4.75,8.25,5.25,9.25],"rotation":180,"texture":"#0","tintindex":0},"down":{"uv":[4.75,8.25,5.25,9.25],"rotation":0,"texture":"#0","tintindex":0}}},{"from":[6.857143,5.609012,7.3225536],"to":[9.142858,7.8947268,9.608269],"rotation":{"angle":-22.5,"axis":"x","origin":[8.0,6.466155,9.322554]},"faces":{"east":{"uv":[5.75,2.0,6.75,3.0],"rotation":0,"texture":"#0","tintindex":0},"south":{"uv":[5.75,3.0,6.75,4.0],"rotation":0,"texture":"#0","tintindex":0},"north":{"uv":[5.75,1.0,6.75,2.0],"rotation":0,"texture":"#0","tintindex":0},"west":{"uv":[1.0,6.0,2.0,7.0],"rotation":0,"texture":"#0","tintindex":0},"up":{"uv":[3.0,7.0,2.0,6.0],"rotation":0,"texture":"#0","tintindex":0},"down":{"uv":[7.0,5.0,6.0,6.0],"rotation":0,"texture":"#0","tintindex":0}}}],"display":{"head":{"translation":[0.0,-6.4,0.0],"scale":[4.0,4.0,4.0]}}}