{"textures":{"0":"modelengine:entity/iceboar"},"elements":[{"from":[5.714286,6.0341377,0.97189045],"to":[10.285714,10.034138,4.9718904],"rotation":{"angle":-22.5,"axis":"x","origin":[9.142858,6.6055665,8.400462]},"faces":{"east":{"uv":[1.875,7.0,2.75,7.875],"rotation":0,"texture":"#0","tintindex":0},"south":{"uv":[6.125,5.5,7.125,6.375],"rotation":0,"texture":"#0","tintindex":0},"north":{"uv":[6.125,1.125,7.125,2.0],"rotation":0,"texture":"#0","tintindex":0},"west":{"uv":[7.0,6.375,7.875,7.25],"rotation":0,"texture":"#0","tintindex":0},"up":{"uv":[1.0,7.25,0.0,6.375],"rotation":0,"texture":"#0","tintindex":0},"down":{"uv":[7.375,4.375,6.375,5.25],"rotation":0,"texture":"#0","tintindex":0}}},{"from":[1.1428566,6.0341377,0.9147477],"to":[14.857143,12.891281,0.9147477],"rotation":{"angle":-22.5,"axis":"x","origin":[4.5714283,6.6055665,8.400462]},"faces":{"east":{"uv":[0.0,0.0,0.0,1.5],"rotation":0,"texture":"#0","tintindex":0},"south":{"uv":[9.5,8.875,12.5,10.375],"rotation":0,"texture":"#0","tintindex":0},"north":{"uv":[9.5,8.875,12.5,10.375],"rotation":0,"texture":"#0","tintindex":0},"west":{"uv":[0.0,0.0,0.0,1.5],"rotation":0,"texture":"#0","tintindex":0},"up":{"uv":[3.0,0.0,0.0,0.0],"rotation":0,"texture":"#0","tintindex":0},"down":{"uv":[3.0,0.0,0.0,0.0],"rotation":0,"texture":"#0","tintindex":0}}},{"from":[4.8571424,6.0341377,3.2576046],"to":[11.142858,13.462709,10.686176],"rotation":{"angle":-45.0,"axis":"x","origin":[8.857143,6.6055665,8.400462]},"faces":{"east":{"uv":[0.0,2.0,1.625,3.625],"rotation":0,"texture":"#0","tintindex":0},"south":{"uv":[0.0,3.625,1.375,5.25],"rotation":0,"texture":"#0","tintindex":0},"north":{"uv":[3.25,2.75,4.625,4.375],"rotation":0,"texture":"#0","tintindex":0},"west":{"uv":[1.625,2.0,3.25,3.625],"rotation":0,"texture":"#0","tintindex":0},"up":{"uv":[2.75,5.25,1.375,3.625],"rotation":0,"texture":"#0","tintindex":0},"down":{"uv":[4.125,4.375,2.75,6.0],"rotation":0,"texture":"#0","tintindex":0}}},{"from":[3.4285712,0.6425524,-4.0126677],"to":[12.571428,8.071124,-4.0126677],"rotation":{"angle":22.5,"axis":"x","origin":[7.428571,-5.6431627,15.987333]},"faces":{"east":{"uv":[0.0,0.0,0.0,1.625],"rotation":0,"texture":"#0","tintindex":0},"south":{"uv":[9.5,5.5,11.5,7.125],"rotation":0,"texture":"#0","tintindex":0},"north":{"uv":[9.5,5.5,11.5,7.125],"rotation":0,"texture":"#0","tintindex":0},"west":{"uv":[0.0,0.0,0.0,1.625],"rotation":0,"texture":"#0","tintindex":0},"up":{"uv":[2.0,0.0,0.0,0.0],"rotation":0,"texture":"#0","tintindex":0},"down":{"uv":[2.0,0.0,0.0,0.0],"rotation":0,"texture":"#0","tintindex":0}}}],"display":{"head":{"translation":[0.0,-6.4,0.0],"scale":[4.0,4.0,4.0]}}}