{"textures":{"0":"modelengine:entity/iceboar"},"elements":[{"from":[5.142857,4.471929,2.2549944],"to":[6.285714,5.614786,5.112138],"rotation":{"angle":0.0,"axis":"y","origin":[8.0,5.614786,3.9692802]},"faces":{"east":{"uv":[6.125,2.0,6.75,2.25],"rotation":0,"texture":"#0","tintindex":0},"south":{"uv":[1.0,6.375,1.25,6.625],"rotation":0,"texture":"#0","tintindex":0},"north":{"uv":[4.625,1.125,4.875,1.375],"rotation":0,"texture":"#0","tintindex":0},"west":{"uv":[6.375,5.25,7.0,5.5],"rotation":0,"texture":"#0","tintindex":0},"up":{"uv":[3.25,2.0,3.0,1.375],"rotation":0,"texture":"#0","tintindex":0},"down":{"uv":[9.375,1.125,9.125,1.75],"rotation":0,"texture":"#0","tintindex":0}}},{"from":[5.1485715,3.69847,0.69371796],"to":[6.2799997,4.841327,2.4080038],"rotation":{"angle":45.0,"axis":"x","origin":[5.714286,4.2698984,3.2651467]},"faces":{"east":{"uv":[9.125,8.125,9.5,8.375],"rotation":0,"texture":"#0","tintindex":0},"south":{"uv":[9.375,1.5,9.625,1.75],"rotation":0,"texture":"#0","tintindex":0},"north":{"uv":[1.375,9.375,1.625,9.625],"rotation":0,"texture":"#0","tintindex":0},"west":{"uv":[8.375,9.125,8.75,9.375],"rotation":0,"texture":"#0","tintindex":0},"up":{"uv":[9.25,9.5,9.0,9.125],"rotation":0,"texture":"#0","tintindex":0},"down":{"uv":[9.5,3.75,9.25,4.125],"rotation":0,"texture":"#0","tintindex":0}}},{"from":[4.8571424,6.1574993,3.4671774],"to":[6.5714283,7.8717847,6.324321],"rotation":{"angle":-45.0,"axis":"x","origin":[8.0,7.3003564,6.324321]},"faces":{"east":{"uv":[4.875,2.25,5.5,2.625],"rotation":0,"texture":"#0","tintindex":0},"south":{"uv":[0.625,7.25,1.0,7.625],"rotation":0,"texture":"#0","tintindex":0},"north":{"uv":[1.875,6.625,2.25,7.0],"rotation":0,"texture":"#0","tintindex":0},"west":{"uv":[6.75,4.0,7.375,4.375],"rotation":0,"texture":"#0","tintindex":0},"up":{"uv":[8.0,4.0,7.625,3.375],"rotation":0,"texture":"#0","tintindex":0},"down":{"uv":[8.75,8.5,8.375,9.125],"rotation":0,"texture":"#0","tintindex":0}}},{"from":[9.72,3.69847,0.69371796],"to":[10.851429,4.841327,2.4080038],"rotation":{"angle":45.0,"axis":"x","origin":[10.285714,4.2698984,3.2651467]},"faces":{"east":{"uv":[9.25,8.375,9.625,8.625],"rotation":0,"texture":"#0","tintindex":0},"south":{"uv":[9.375,1.75,9.625,2.0],"rotation":0,"texture":"#0","tintindex":0},"north":{"uv":[1.625,9.375,1.875,9.625],"rotation":0,"texture":"#0","tintindex":0},"west":{"uv":[9.25,8.625,9.625,8.875],"rotation":0,"texture":"#0","tintindex":0},"up":{"uv":[9.0,9.625,8.75,9.25],"rotation":0,"texture":"#0","tintindex":0},"down":{"uv":[9.5,8.875,9.25,9.25],"rotation":0,"texture":"#0","tintindex":0}}},{"from":[9.714286,4.471929,2.2549944],"to":[10.857143,5.614786,5.112138],"rotation":{"angle":0.0,"axis":"y","origin":[8.0,5.614786,3.9692802]},"faces":{"east":{"uv":[7.125,6.125,7.75,6.375],"rotation":0,"texture":"#0","tintindex":0},"south":{"uv":[3.0,9.375,3.25,9.625],"rotation":0,"texture":"#0","tintindex":0},"north":{"uv":[9.375,2.0,9.625,2.25],"rotation":0,"texture":"#0","tintindex":0},"west":{"uv":[8.875,4.25,9.5,4.5],"rotation":0,"texture":"#0","tintindex":0},"up":{"uv":[2.125,9.75,1.875,9.125],"rotation":0,"texture":"#0","tintindex":0},"down":{"uv":[2.375,9.125,2.125,9.75],"rotation":0,"texture":"#0","tintindex":0}}},{"from":[9.428572,6.1574993,3.4671774],"to":[11.142858,7.8717847,6.324321],"rotation":{"angle":-45.0,"axis":"x","origin":[8.0,7.3003564,6.324321]},"faces":{"east":{"uv":[8.5,4.5,9.125,4.875],"rotation":0,"texture":"#0","tintindex":0},"south":{"uv":[9.125,2.25,9.5,2.625],"rotation":0,"texture":"#0","tintindex":0},"north":{"uv":[7.375,4.875,7.75,5.25],"rotation":0,"texture":"#0","tintindex":0},"west":{"uv":[3.5,8.625,4.125,9.0],"rotation":0,"texture":"#0","tintindex":0},"up":{"uv":[9.125,0.625,8.75,0.0],"rotation":0,"texture":"#0","tintindex":0},"down":{"uv":[9.125,0.625,8.75,1.25],"rotation":0,"texture":"#0","tintindex":0}}},{"from":[6.857143,5.5860705,1.752892],"to":[9.142858,8.443213,5.752892],"rotation":{"angle":-22.5,"axis":"x","origin":[8.0,6.7289276,4.610035]},"faces":{"east":{"uv":[6.0,7.375,6.875,8.0],"rotation":0,"texture":"#0","tintindex":0},"south":{"uv":[2.25,5.25,2.75,5.875],"rotation":0,"texture":"#0","tintindex":0},"north":{"uv":[2.75,3.625,3.25,4.25],"rotation":0,"texture":"#0","tintindex":0},"west":{"uv":[0.625,7.625,1.5,8.25],"rotation":0,"texture":"#0","tintindex":0},"up":{"uv":[5.5,8.75,5.0,7.875],"rotation":0,"texture":"#0","tintindex":0},"down":{"uv":[6.0,7.875,5.5,8.75],"rotation":0,"texture":"#0","tintindex":0}}},{"from":[6.5714283,7.014642,1.752892],"to":[9.428572,9.871785,3.4671774],"rotation":{"angle":-45.0,"axis":"x","origin":[8.0,6.7289276,4.610035]},"faces":{"east":{"uv":[8.75,1.25,9.125,1.875],"rotation":0,"texture":"#0","tintindex":0},"south":{"uv":[3.5,8.0,4.125,8.625],"rotation":0,"texture":"#0","tintindex":0},"north":{"uv":[7.875,6.5,8.5,7.125],"rotation":0,"texture":"#0","tintindex":0},"west":{"uv":[1.5,8.75,1.875,9.375],"rotation":0,"texture":"#0","tintindex":0},"up":{"uv":[2.5,9.125,1.875,8.75],"rotation":0,"texture":"#0","tintindex":0},"down":{"uv":[9.375,1.875,8.75,2.25],"rotation":0,"texture":"#0","tintindex":0}}},{"from":[6.0,6.1574993,4.038606],"to":[10.0,10.728928,9.181463],"rotation":{"angle":-22.5,"axis":"x","origin":[8.0,8.443213,6.610035]},"faces":{"east":{"uv":[5.625,3.375,6.75,4.375],"rotation":0,"texture":"#0","tintindex":0},"south":{"uv":[1.0,6.625,1.875,7.625],"rotation":0,"texture":"#0","tintindex":0},"north":{"uv":[6.125,6.375,7.0,7.375],"rotation":0,"texture":"#0","tintindex":0},"west":{"uv":[2.25,6.0,3.375,7.0],"rotation":0,"texture":"#0","tintindex":0},"up":{"uv":[4.25,7.125,3.375,6.0],"rotation":0,"texture":"#0","tintindex":0},"down":{"uv":[5.125,6.0,4.25,7.125],"rotation":0,"texture":"#0","tintindex":0}}},{"from":[6.0,12.560339,5.435317],"to":[10.0,12.560339,10.578175],"rotation":{"angle":-45.0,"axis":"x","origin":[8.0,8.560338,8.006745]},"faces":{"east":{"uv":[7.25,10.5,6.375,9.375],"rotation":0,"texture":"#0","tintindex":0},"south":{"uv":[7.25,10.5,6.375,9.375],"rotation":0,"texture":"#0","tintindex":0},"north":{"uv":[7.25,10.5,6.375,9.375],"rotation":0,"texture":"#0","tintindex":0},"west":{"uv":[7.25,10.5,6.375,9.375],"rotation":0,"texture":"#0","tintindex":0},"up":{"uv":[7.25,10.5,6.375,9.375],"rotation":0,"texture":"#0","tintindex":0},"down":{"uv":[7.25,9.375,6.375,10.5],"rotation":0,"texture":"#0","tintindex":0}}},{"from":[5.428571,9.586071,6.324321],"to":[6.0,12.443214,8.038607],"rotation":{"angle":0.0,"axis":"y","origin":[8.0,11.014643,7.1814632]},"faces":{"east":{"uv":[8.75,2.25,9.125,2.875],"rotation":0,"texture":"#0","tintindex":0},"south":{"uv":[6.875,7.375,7.0,8.0],"rotation":0,"texture":"#0","tintindex":0},"north":{"uv":[5.0,7.125,5.125,7.75],"rotation":0,"texture":"#0","tintindex":0},"west":{"uv":[4.875,8.75,5.25,9.375],"rotation":0,"texture":"#0","tintindex":0},"up":{"uv":[5.625,2.625,5.5,2.25],"rotation":0,"texture":"#0","tintindex":0},"down":{"uv":[6.125,6.875,6.0,7.25],"rotation":0,"texture":"#0","tintindex":0}}},{"from":[10.0,9.586071,6.324321],"to":[10.571428,12.443214,8.038607],"rotation":{"angle":0.0,"axis":"y","origin":[8.0,11.014643,7.1814632]},"faces":{"east":{"uv":[8.75,4.875,9.125,5.5],"rotation":0,"texture":"#0","tintindex":0},"south":{"uv":[4.875,8.0,5.0,8.625],"rotation":0,"texture":"#0","tintindex":0},"north":{"uv":[7.75,5.625,7.875,6.25],"rotation":0,"texture":"#0","tintindex":0},"west":{"uv":[5.25,8.75,5.625,9.375],"rotation":0,"texture":"#0","tintindex":0},"up":{"uv":[7.625,8.5,7.5,8.125],"rotation":0,"texture":"#0","tintindex":0},"down":{"uv":[7.625,8.5,7.5,8.875],"rotation":0,"texture":"#0","tintindex":0}}}],"display":{"head":{"translation":[0.0,-6.4,0.0],"scale":[4.0,4.0,4.0]}}}