{"textures":{"0":"modelengine:entity/winter_golem"},"elements":[{"from":[6.714286,5.714286,6.5714283],"to":[9.571428,8.571428,9.428572],"rotation":{"angle":0.0,"axis":"y","origin":[13.285715,13.714286,8.857143]},"faces":{"east":{"uv":[9.5,9.625,10.125,10.25],"rotation":0,"texture":"#0","tintindex":0},"south":{"uv":[9.5,9.625,10.125,10.25],"rotation":0,"texture":"#0","tintindex":0},"north":{"uv":[9.5,9.625,10.125,10.25],"rotation":0,"texture":"#0","tintindex":0},"west":{"uv":[9.5,9.625,10.125,10.25],"rotation":0,"texture":"#0","tintindex":0},"up":{"uv":[10.5,3.625,9.875,3.0],"rotation":0,"texture":"#0","tintindex":0},"down":{"uv":[10.625,3.625,10.0,4.25],"rotation":0,"texture":"#0","tintindex":0}}}],"display":{"head":{"translation":[0.0,-6.4,0.0],"scale":[4.0,4.0,4.0]}}}