{"textures":{"0":"modelengine:entity/winter_golem"},"elements":[{"from":[6.5714283,3.9047618,6.5714283],"to":[9.428572,8.476191,9.428572],"rotation":{"angle":0.0,"axis":"y","origin":[8.571428,10.761905,9.714286]},"faces":{"east":{"uv":[0.875,9.5,1.5,10.5],"rotation":0,"texture":"#0","tintindex":0},"south":{"uv":[0.875,9.5,1.5,10.5],"rotation":0,"texture":"#0","tintindex":0},"north":{"uv":[0.875,9.5,1.5,10.5],"rotation":0,"texture":"#0","tintindex":0},"west":{"uv":[0.875,9.5,1.5,10.5],"rotation":0,"texture":"#0","tintindex":0},"up":{"uv":[8.25,10.125,7.625,9.5],"rotation":0,"texture":"#0","tintindex":0},"down":{"uv":[10.125,7.75,9.5,8.375],"rotation":0,"texture":"#0","tintindex":0}}}],"display":{"head":{"translation":[0.0,-6.4,0.0],"scale":[4.0,4.0,4.0]}}}