{"textures":{"0":"modelengine:entity/nocsy_skeleton_archer_end"},"elements":[{"from":[7.428571,7.428571,4.9469385],"to":[8.571428,9.714286,5.518367],"rotation":{"angle":0.0,"axis":"y","origin":[8.497143,2.4697137,7.496653]},"faces":{"east":{"uv":[1.75,6.5,1.875,7.0],"rotation":0,"texture":"#0","tintindex":0},"south":{"uv":[4.0,5.375,4.25,5.875],"rotation":0,"texture":"#0","tintindex":0},"north":{"uv":[5.375,3.5,5.625,4.0],"rotation":0,"texture":"#0","tintindex":0},"west":{"uv":[6.5,4.125,6.625,4.625],"rotation":0,"texture":"#0","tintindex":0},"up":{"uv":[7.875,6.125,7.625,6.0],"rotation":0,"texture":"#0","tintindex":0},"down":{"uv":[7.875,7.375,7.625,7.5],"rotation":0,"texture":"#0","tintindex":0}}},{"from":[7.428571,6.857143,10.089796],"to":[8.571428,9.142858,10.661224],"rotation":{"angle":0.0,"axis":"y","origin":[8.497143,2.4697137,7.496653]},"faces":{"east":{"uv":[6.5,4.625,6.625,5.125],"rotation":0,"texture":"#0","tintindex":0},"south":{"uv":[4.5,5.375,4.75,5.875],"rotation":0,"texture":"#0","tintindex":0},"north":{"uv":[4.25,5.375,4.5,5.875],"rotation":0,"texture":"#0","tintindex":0},"west":{"uv":[5.0,6.5,5.125,7.0],"rotation":0,"texture":"#0","tintindex":0},"up":{"uv":[8.0,2.375,7.75,2.25],"rotation":0,"texture":"#0","tintindex":0},"down":{"uv":[8.0,2.5,7.75,2.625],"rotation":0,"texture":"#0","tintindex":0}}},{"from":[8.571428,7.428571,10.089796],"to":[9.714286,8.571428,10.661224],"rotation":{"angle":0.0,"axis":"y","origin":[8.497143,2.4697137,7.496653]},"faces":{"east":{"uv":[4.375,2.125,4.5,2.375],"rotation":0,"texture":"#0","tintindex":0},"south":{"uv":[3.875,1.625,4.125,1.875],"rotation":0,"texture":"#0","tintindex":0},"north":{"uv":[3.125,1.25,3.375,1.5],"rotation":0,"texture":"#0","tintindex":0},"west":{"uv":[4.25,4.75,4.375,5.0],"rotation":0,"texture":"#0","tintindex":0},"up":{"uv":[8.0,4.5,7.75,4.375],"rotation":0,"texture":"#0","tintindex":0},"down":{"uv":[8.0,4.5,7.75,4.625],"rotation":0,"texture":"#0","tintindex":0}}},{"from":[6.285714,9.142858,5.518367],"to":[9.714286,9.714286,10.089796],"rotation":{"angle":0.0,"axis":"y","origin":[8.497143,2.4697137,7.496653]},"faces":{"east":{"uv":[5.25,1.875,6.25,2.0],"rotation":0,"texture":"#0","tintindex":0},"south":{"uv":[6.0,2.5,6.75,2.625],"rotation":0,"texture":"#0","tintindex":0},"north":{"uv":[6.0,1.75,6.75,1.875],"rotation":0,"texture":"#0","tintindex":0},"west":{"uv":[5.25,4.75,6.25,4.875],"rotation":0,"texture":"#0","tintindex":0},"up":{"uv":[0.75,1.0,0.0,0.0],"rotation":0,"texture":"#0","tintindex":0},"down":{"uv":[1.5,0.0,0.75,1.0],"rotation":0,"texture":"#0","tintindex":0}}},{"from":[7.428571,9.714286,6.089796],"to":[8.571428,10.285714,9.518368],"rotation":{"angle":0.0,"axis":"y","origin":[7.3542857,2.4697137,7.496653]},"faces":{"east":{"uv":[6.0,1.0,6.75,1.125],"rotation":0,"texture":"#0","tintindex":0},"south":{"uv":[7.5,4.375,7.75,4.5],"rotation":0,"texture":"#0","tintindex":0},"north":{"uv":[4.375,3.375,4.625,3.5],"rotation":0,"texture":"#0","tintindex":0},"west":{"uv":[6.0,1.625,6.75,1.75],"rotation":0,"texture":"#0","tintindex":0},"up":{"uv":[1.875,4.875,1.625,4.125],"rotation":0,"texture":"#0","tintindex":0},"down":{"uv":[4.375,1.625,4.125,2.375],"rotation":0,"texture":"#0","tintindex":0}}},{"from":[8.571428,8.0,5.518367],"to":[9.714286,9.142858,6.089796],"rotation":{"angle":0.0,"axis":"y","origin":[9.428572,8.571428,5.8040814]},"faces":{"east":{"uv":[5.25,3.5,5.375,3.75],"rotation":0,"texture":"#0","tintindex":0},"south":{"uv":[6.5,5.125,6.75,5.375],"rotation":0,"texture":"#0","tintindex":0},"north":{"uv":[4.125,2.875,4.375,3.125],"rotation":0,"texture":"#0","tintindex":0},"west":{"uv":[4.0,7.5,4.125,7.75],"rotation":0,"texture":"#0","tintindex":0},"up":{"uv":[4.875,7.875,4.625,7.75],"rotation":0,"texture":"#0","tintindex":0},"down":{"uv":[8.0,4.625,7.75,4.75],"rotation":0,"texture":"#0","tintindex":0}}},{"from":[9.714286,5.714286,5.518367],"to":[10.285714,9.142858,6.089796],"rotation":{"angle":0.0,"axis":"y","origin":[8.497143,2.4697137,7.496653]},"faces":{"east":{"uv":[0.125,5.875,0.25,6.625],"rotation":0,"texture":"#0","tintindex":0},"south":{"uv":[2.625,5.875,2.75,6.625],"rotation":0,"texture":"#0","tintindex":0},"north":{"uv":[0.0,5.875,0.125,6.625],"rotation":0,"texture":"#0","tintindex":0},"west":{"uv":[2.75,5.875,2.875,6.625],"rotation":0,"texture":"#0","tintindex":0},"up":{"uv":[1.875,2.25,1.75,2.125],"rotation":0,"texture":"#0","tintindex":0},"down":{"uv":[3.875,1.125,3.75,1.25],"rotation":0,"texture":"#0","tintindex":0}}},{"from":[9.142858,5.028571,5.289796],"to":[9.714286,6.742857,5.861224],"rotation":{"angle":0.0,"axis":"y","origin":[9.714286,6.0,5.2326527]},"faces":{"east":{"uv":[1.5,5.125,1.625,5.5],"rotation":0,"texture":"#0","tintindex":0},"south":{"uv":[6.25,3.0,6.375,3.375],"rotation":0,"texture":"#0","tintindex":0},"north":{"uv":[3.0,0.625,3.125,1.0],"rotation":0,"texture":"#0","tintindex":0},"west":{"uv":[1.625,6.875,1.75,7.25],"rotation":0,"texture":"#0","tintindex":0},"up":{"uv":[4.125,4.75,4.0,4.625],"rotation":0,"texture":"#0","tintindex":0},"down":{"uv":[4.875,2.0,4.75,2.125],"rotation":0,"texture":"#0","tintindex":0}}},{"from":[9.714286,6.857143,6.089796],"to":[10.285714,9.142858,7.8040814],"rotation":{"angle":0.0,"axis":"y","origin":[8.497143,2.4697137,7.496653]},"faces":{"east":{"uv":[1.875,4.125,2.25,4.625],"rotation":0,"texture":"#0","tintindex":0},"south":{"uv":[6.5,5.375,6.625,5.875],"rotation":0,"texture":"#0","tintindex":0},"north":{"uv":[5.125,6.5,5.25,7.0],"rotation":0,"texture":"#0","tintindex":0},"west":{"uv":[2.25,4.125,2.625,4.625],"rotation":0,"texture":"#0","tintindex":0},"up":{"uv":[7.0,3.0,6.875,2.625],"rotation":0,"texture":"#0","tintindex":0},"down":{"uv":[3.0,6.875,2.875,7.25],"rotation":0,"texture":"#0","tintindex":0}}},{"from":[9.714286,7.428571,7.8040814],"to":[10.285714,9.142858,8.9469385],"rotation":{"angle":0.0,"axis":"y","origin":[8.497143,2.4697137,7.496653]},"faces":{"east":{"uv":[1.0,4.375,1.25,4.75],"rotation":0,"texture":"#0","tintindex":0},"south":{"uv":[3.125,6.875,3.25,7.25],"rotation":0,"texture":"#0","tintindex":0},"north":{"uv":[3.0,6.875,3.125,7.25],"rotation":0,"texture":"#0","tintindex":0},"west":{"uv":[3.75,6.0,4.0,6.375],"rotation":0,"texture":"#0","tintindex":0},"up":{"uv":[6.5,7.875,6.375,7.625],"rotation":0,"texture":"#0","tintindex":0},"down":{"uv":[0.875,7.75,0.75,8.0],"rotation":0,"texture":"#0","tintindex":0}}},{"from":[9.714286,6.857143,8.9469385],"to":[10.285714,9.142858,9.518368],"rotation":{"angle":0.0,"axis":"y","origin":[8.497143,2.4697137,7.496653]},"faces":{"east":{"uv":[6.5,6.375,6.625,6.875],"rotation":0,"texture":"#0","tintindex":0},"south":{"uv":[0.0,6.625,0.125,7.125],"rotation":0,"texture":"#0","tintindex":0},"north":{"uv":[6.5,5.875,6.625,6.375],"rotation":0,"texture":"#0","tintindex":0},"west":{"uv":[6.625,0.0,6.75,0.5],"rotation":0,"texture":"#0","tintindex":0},"up":{"uv":[6.0,3.5,5.875,3.375],"rotation":0,"texture":"#0","tintindex":0},"down":{"uv":[6.375,4.75,6.25,4.875],"rotation":0,"texture":"#0","tintindex":0}}},{"from":[9.714286,5.714286,9.518368],"to":[10.285714,9.142858,10.089796],"rotation":{"angle":0.0,"axis":"y","origin":[8.497143,2.4697137,7.496653]},"faces":{"east":{"uv":[0.25,6.125,0.375,6.875],"rotation":0,"texture":"#0","tintindex":0},"south":{"uv":[0.375,6.125,0.5,6.875],"rotation":0,"texture":"#0","tintindex":0},"north":{"uv":[6.0,5.5,6.125,6.25],"rotation":0,"texture":"#0","tintindex":0},"west":{"uv":[0.5,6.125,0.625,6.875],"rotation":0,"texture":"#0","tintindex":0},"up":{"uv":[6.75,1.625,6.625,1.5],"rotation":0,"texture":"#0","tintindex":0},"down":{"uv":[6.75,2.625,6.625,2.75],"rotation":0,"texture":"#0","tintindex":0}}},{"from":[8.571428,6.285714,9.518368],"to":[9.714286,9.142858,10.089796],"rotation":{"angle":0.0,"axis":"y","origin":[8.497143,2.4697137,7.496653]},"faces":{"east":{"uv":[4.875,6.375,5.0,7.0],"rotation":0,"texture":"#0","tintindex":0},"south":{"uv":[1.5,2.875,1.75,3.5],"rotation":0,"texture":"#0","tintindex":0},"north":{"uv":[0.75,2.25,1.0,2.875],"rotation":0,"texture":"#0","tintindex":0},"west":{"uv":[6.375,5.5,6.5,6.125],"rotation":0,"texture":"#0","tintindex":0},"up":{"uv":[8.0,4.875,7.75,4.75],"rotation":0,"texture":"#0","tintindex":0},"down":{"uv":[5.125,7.75,4.875,7.875],"rotation":0,"texture":"#0","tintindex":0}}},{"from":[6.285714,7.428571,10.089796],"to":[7.428571,8.571428,10.661224],"rotation":{"angle":0.0,"axis":"y","origin":[7.502857,2.4697137,7.496653]},"faces":{"east":{"uv":[7.75,4.875,7.875,5.125],"rotation":0,"texture":"#0","tintindex":0},"south":{"uv":[6.625,4.125,6.875,4.375],"rotation":0,"texture":"#0","tintindex":0},"north":{"uv":[2.625,6.625,2.875,6.875],"rotation":0,"texture":"#0","tintindex":0},"west":{"uv":[5.125,7.75,5.25,8.0],"rotation":0,"texture":"#0","tintindex":0},"up":{"uv":[8.0,5.25,7.75,5.125],"rotation":0,"texture":"#0","tintindex":0},"down":{"uv":[5.5,7.75,5.25,7.875],"rotation":0,"texture":"#0","tintindex":0}}},{"from":[6.285714,6.285714,9.518368],"to":[7.428571,9.142858,10.089796],"rotation":{"angle":0.0,"axis":"y","origin":[7.502857,2.4697137,7.496653]},"faces":{"east":{"uv":[6.375,6.125,6.5,6.75],"rotation":0,"texture":"#0","tintindex":0},"south":{"uv":[0.25,4.875,0.5,5.5],"rotation":0,"texture":"#0","tintindex":0},"north":{"uv":[4.0,4.75,4.25,5.375],"rotation":0,"texture":"#0","tintindex":0},"west":{"uv":[6.5,0.0,6.625,0.625],"rotation":0,"texture":"#0","tintindex":0},"up":{"uv":[8.0,5.375,7.75,5.25],"rotation":0,"texture":"#0","tintindex":0},"down":{"uv":[8.0,5.375,7.75,5.5],"rotation":0,"texture":"#0","tintindex":0}}},{"from":[5.714286,5.714286,9.518368],"to":[6.285714,9.142858,10.089796],"rotation":{"angle":0.0,"axis":"y","origin":[7.502857,2.4697137,7.496653]},"faces":{"east":{"uv":[0.75,6.125,0.875,6.875],"rotation":0,"texture":"#0","tintindex":0},"south":{"uv":[0.875,6.125,1.0,6.875],"rotation":0,"texture":"#0","tintindex":0},"north":{"uv":[0.625,6.125,0.75,6.875],"rotation":0,"texture":"#0","tintindex":0},"west":{"uv":[1.0,6.125,1.125,6.875],"rotation":0,"texture":"#0","tintindex":0},"up":{"uv":[6.25,7.125,6.125,7.0],"rotation":0,"texture":"#0","tintindex":0},"down":{"uv":[3.5,7.5,3.375,7.625],"rotation":0,"texture":"#0","tintindex":0}}},{"from":[5.714286,6.857143,8.9469385],"to":[6.285714,9.142858,9.518368],"rotation":{"angle":0.0,"axis":"y","origin":[7.502857,2.4697137,7.496653]},"faces":{"east":{"uv":[6.625,4.375,6.75,4.875],"rotation":0,"texture":"#0","tintindex":0},"south":{"uv":[6.625,5.375,6.75,5.875],"rotation":0,"texture":"#0","tintindex":0},"north":{"uv":[0.125,6.625,0.25,7.125],"rotation":0,"texture":"#0","tintindex":0},"west":{"uv":[6.625,5.875,6.75,6.375],"rotation":0,"texture":"#0","tintindex":0},"up":{"uv":[7.75,1.5,7.625,1.375],"rotation":0,"texture":"#0","tintindex":0},"down":{"uv":[2.75,7.625,2.625,7.75],"rotation":0,"texture":"#0","tintindex":0}}},{"from":[5.714286,7.428571,7.8040814],"to":[6.285714,9.142858,8.9469385],"rotation":{"angle":0.0,"axis":"y","origin":[7.502857,2.4697137,7.496653]},"faces":{"east":{"uv":[1.125,6.125,1.375,6.5],"rotation":0,"texture":"#0","tintindex":0},"south":{"uv":[3.25,6.875,3.375,7.25],"rotation":0,"texture":"#0","tintindex":0},"north":{"uv":[6.875,3.125,7.0,3.5],"rotation":0,"texture":"#0","tintindex":0},"west":{"uv":[1.375,6.125,1.625,6.5],"rotation":0,"texture":"#0","tintindex":0},"up":{"uv":[5.625,8.0,5.5,7.75],"rotation":0,"texture":"#0","tintindex":0},"down":{"uv":[7.875,5.5,7.75,5.75],"rotation":0,"texture":"#0","tintindex":0}}},{"from":[5.714286,6.857143,6.089796],"to":[6.285714,9.142858,7.8040814],"rotation":{"angle":0.0,"axis":"y","origin":[7.502857,2.4697137,7.496653]},"faces":{"east":{"uv":[4.125,2.375,4.5,2.875],"rotation":0,"texture":"#0","tintindex":0},"south":{"uv":[6.625,6.375,6.75,6.875],"rotation":0,"texture":"#0","tintindex":0},"north":{"uv":[6.25,6.625,6.375,7.125],"rotation":0,"texture":"#0","tintindex":0},"west":{"uv":[2.625,4.125,3.0,4.625],"rotation":0,"texture":"#0","tintindex":0},"up":{"uv":[3.5,7.25,3.375,6.875],"rotation":0,"texture":"#0","tintindex":0},"down":{"uv":[3.625,6.875,3.5,7.25],"rotation":0,"texture":"#0","tintindex":0}}},{"from":[5.714286,5.714286,5.518367],"to":[6.285714,9.142858,6.089796],"rotation":{"angle":0.0,"axis":"y","origin":[7.502857,2.4697137,7.496653]},"faces":{"east":{"uv":[1.875,6.125,2.0,6.875],"rotation":0,"texture":"#0","tintindex":0},"south":{"uv":[2.0,6.125,2.125,6.875],"rotation":0,"texture":"#0","tintindex":0},"north":{"uv":[1.625,6.125,1.75,6.875],"rotation":0,"texture":"#0","tintindex":0},"west":{"uv":[2.125,6.125,2.25,6.875],"rotation":0,"texture":"#0","tintindex":0},"up":{"uv":[7.75,3.625,7.625,3.5],"rotation":0,"texture":"#0","tintindex":0},"down":{"uv":[3.75,7.625,3.625,7.75],"rotation":0,"texture":"#0","tintindex":0}}},{"from":[6.285714,5.028571,5.289796],"to":[6.857143,6.742857,5.861224],"rotation":{"angle":0.0,"axis":"y","origin":[6.285714,6.0,5.2326527]},"faces":{"east":{"uv":[6.875,3.875,7.0,4.25],"rotation":0,"texture":"#0","tintindex":0},"south":{"uv":[6.875,4.25,7.0,4.625],"rotation":0,"texture":"#0","tintindex":0},"north":{"uv":[3.625,6.875,3.75,7.25],"rotation":0,"texture":"#0","tintindex":0},"west":{"uv":[6.875,4.625,7.0,5.0],"rotation":0,"texture":"#0","tintindex":0},"up":{"uv":[7.875,8.25,7.75,8.125],"rotation":0,"texture":"#0","tintindex":0},"down":{"uv":[1.125,8.25,1.0,8.375],"rotation":0,"texture":"#0","tintindex":0}}},{"from":[6.285714,8.0,5.518367],"to":[7.428571,9.142858,6.089796],"rotation":{"angle":0.0,"axis":"y","origin":[6.5714283,8.571428,5.8040814]},"faces":{"east":{"uv":[5.625,7.75,5.75,8.0],"rotation":0,"texture":"#0","tintindex":0},"south":{"uv":[6.75,0.0,7.0,0.25],"rotation":0,"texture":"#0","tintindex":0},"north":{"uv":[6.625,4.875,6.875,5.125],"rotation":0,"texture":"#0","tintindex":0},"west":{"uv":[5.75,7.75,5.875,8.0],"rotation":0,"texture":"#0","tintindex":0},"up":{"uv":[8.0,5.875,7.75,5.75],"rotation":0,"texture":"#0","tintindex":0},"down":{"uv":[6.125,7.75,5.875,7.875],"rotation":0,"texture":"#0","tintindex":0}}},{"from":[7.428571,5.714286,9.518368],"to":[8.571428,9.142858,10.089796],"rotation":{"angle":0.0,"axis":"y","origin":[8.497143,2.4697137,7.496653]},"faces":{"east":{"uv":[2.25,6.125,2.375,6.875],"rotation":0,"texture":"#0","tintindex":0},"south":{"uv":[4.125,4.0,4.375,4.75],"rotation":0,"texture":"#0","tintindex":0},"north":{"uv":[3.0,4.125,3.25,4.875],"rotation":0,"texture":"#0","tintindex":0},"west":{"uv":[2.375,6.125,2.5,6.875],"rotation":0,"texture":"#0","tintindex":0},"up":{"uv":[8.0,6.0,7.75,5.875],"rotation":0,"texture":"#0","tintindex":0},"down":{"uv":[6.375,7.75,6.125,7.875],"rotation":0,"texture":"#0","tintindex":0}}}],"display":{"head":{"translation":[0.0,-6.4,0.0],"scale":[4.0,4.0,4.0]}}}