{"textures":{"0":"modelengine:entity/winter_golem"},"elements":[{"from":[4.5714283,8.021154,4.750794],"to":[11.428572,16.021154,10.46508],"rotation":{"angle":0.0,"axis":"y","origin":[10.0,14.306869,7.036508]},"faces":{"east":{"uv":[4.75,1.75,6.0,3.5],"rotation":0,"texture":"#0","tintindex":0},"south":{"uv":[4.75,0.0,6.25,1.75],"rotation":0,"texture":"#0","tintindex":0},"north":{"uv":[4.25,3.5,5.75,5.25],"rotation":0,"texture":"#0","tintindex":0},"west":{"uv":[1.875,5.25,3.125,7.0],"rotation":0,"texture":"#0","tintindex":0},"up":{"uv":[4.625,6.5,3.125,5.25],"rotation":0,"texture":"#0","tintindex":0},"down":{"uv":[6.125,5.25,4.625,6.5],"rotation":0,"texture":"#0","tintindex":0}}},{"from":[2.5714283,11.449726,1.893651],"to":[13.428572,19.449726,10.46508],"rotation":{"angle":22.5,"axis":"x","origin":[8.0,13.73544,6.46508]},"faces":{"east":{"uv":[2.375,3.5,4.25,5.25],"rotation":0,"texture":"#0","tintindex":0},"south":{"uv":[2.375,1.75,4.75,3.5],"rotation":0,"texture":"#0","tintindex":0},"north":{"uv":[2.375,0.0,4.75,1.75],"rotation":0,"texture":"#0","tintindex":0},"west":{"uv":[0.0,3.75,1.875,5.5],"rotation":0,"texture":"#0","tintindex":0},"up":{"uv":[2.375,1.875,0.0,0.0],"rotation":0,"texture":"#0","tintindex":0},"down":{"uv":[2.375,1.875,0.0,3.75],"rotation":0,"texture":"#0","tintindex":0}}},{"from":[2.5714283,19.449726,3.036508],"to":[13.428572,23.449726,3.036508],"rotation":{"angle":22.5,"axis":"x","origin":[8.0,13.73544,6.46508]},"faces":{"east":{"uv":[0.0,0.0,0.0,0.875],"rotation":0,"texture":"#0","tintindex":0},"south":{"uv":[5.5,7.875,3.125,8.75],"rotation":0,"texture":"#0","tintindex":0},"north":{"uv":[3.125,7.875,5.5,8.75],"rotation":0,"texture":"#0","tintindex":0},"west":{"uv":[0.0,0.0,0.0,0.875],"rotation":0,"texture":"#0","tintindex":0},"up":{"uv":[2.375,0.0,0.0,0.0],"rotation":0,"texture":"#0","tintindex":0},"down":{"uv":[2.375,0.0,0.0,0.0],"rotation":0,"texture":"#0","tintindex":0}}}],"display":{"head":{"translation":[0.0,-6.4,0.0],"scale":[4.0,4.0,4.0]}}}