{"textures":{"0":"modelengine:entity/vine_guardian"},"elements":[{"from":[4.6371427,14.743132,5.860505],"to":[4.6371427,16.577417,11.974792],"rotation":{"angle":-22.5,"axis":"x","origin":[8.0,4.043132,9.529077]},"faces":{"east":{"uv":[13.5,4.25,12.25,4.625],"rotation":0,"texture":"#0","tintindex":0},"south":{"uv":[6.5,2.875,6.5,3.25],"rotation":0,"texture":"#0","tintindex":0},"north":{"uv":[6.5,2.375,6.5,2.75],"rotation":0,"texture":"#0","tintindex":0},"west":{"uv":[12.25,4.25,13.5,4.625],"rotation":0,"texture":"#0","tintindex":0},"up":{"uv":[1.875,8.5,1.875,7.25],"rotation":0,"texture":"#0","tintindex":0},"down":{"uv":[2.0,7.25,2.0,8.5],"rotation":0,"texture":"#0","tintindex":0}}},{"from":[4.6371427,14.743132,5.860505],"to":[11.362858,16.577417,5.860505],"rotation":{"angle":-22.5,"axis":"x","origin":[8.0,4.043132,9.529077]},"faces":{"east":{"uv":[6.625,2.75,6.625,3.125],"rotation":0,"texture":"#0","tintindex":0},"south":{"uv":[13.375,5.0,12.0,5.375],"rotation":0,"texture":"#0","tintindex":0},"north":{"uv":[12.0,5.0,13.375,5.375],"rotation":0,"texture":"#0","tintindex":0},"west":{"uv":[4.875,6.75,4.875,7.125],"rotation":0,"texture":"#0","tintindex":0},"up":{"uv":[13.625,4.75,12.25,4.75],"rotation":0,"texture":"#0","tintindex":0},"down":{"uv":[13.625,4.875,12.25,4.875],"rotation":0,"texture":"#0","tintindex":0}}},{"from":[4.6371427,11.685989,5.860505],"to":[4.6371427,14.743132,11.974792],"rotation":{"angle":-22.5,"axis":"x","origin":[8.0,4.043132,9.529077]},"faces":{"east":{"uv":[11.875,5.0,10.625,5.625],"rotation":0,"texture":"#0","tintindex":0},"south":{"uv":[3.875,10.75,3.875,11.375],"rotation":0,"texture":"#0","tintindex":0},"north":{"uv":[3.75,10.75,3.75,11.375],"rotation":0,"texture":"#0","tintindex":0},"west":{"uv":[10.625,5.0,11.875,5.625],"rotation":0,"texture":"#0","tintindex":0},"up":{"uv":[0.75,14.0,0.75,12.75],"rotation":0,"texture":"#0","tintindex":0},"down":{"uv":[3.375,12.75,3.375,14.0],"rotation":0,"texture":"#0","tintindex":0}}},{"from":[4.6371427,11.685989,11.974792],"to":[11.362858,14.743132,11.974792],"rotation":{"angle":-22.5,"axis":"x","origin":[8.0,4.043132,9.529077]},"faces":{"east":{"uv":[5.25,10.875,5.25,11.5],"rotation":0,"texture":"#0","tintindex":0},"south":{"uv":[10.125,8.375,11.5,9.0],"rotation":0,"texture":"#0","tintindex":0},"north":{"uv":[11.5,8.375,10.125,9.0],"rotation":0,"texture":"#0","tintindex":0},"west":{"uv":[5.375,10.875,5.375,11.5],"rotation":0,"texture":"#0","tintindex":0},"up":{"uv":[14.125,0.25,12.75,0.25],"rotation":0,"texture":"#0","tintindex":0},"down":{"uv":[14.125,0.375,12.75,0.375],"rotation":0,"texture":"#0","tintindex":0}}},{"from":[4.6371427,11.685989,5.860505],"to":[11.362858,14.743132,5.860505],"rotation":{"angle":-22.5,"axis":"x","origin":[8.0,4.043132,9.529077]},"faces":{"east":{"uv":[12.75,7.0,12.75,7.625],"rotation":0,"texture":"#0","tintindex":0},"south":{"uv":[11.5,9.125,10.125,9.75],"rotation":0,"texture":"#0","tintindex":0},"north":{"uv":[10.125,9.125,11.5,9.75],"rotation":0,"texture":"#0","tintindex":0},"west":{"uv":[7.5,12.75,7.5,13.375],"rotation":0,"texture":"#0","tintindex":0},"up":{"uv":[14.125,0.5,12.75,0.5],"rotation":0,"texture":"#0","tintindex":0},"down":{"uv":[14.125,7.75,12.75,7.75],"rotation":0,"texture":"#0","tintindex":0}}},{"from":[4.6371427,14.743132,5.860505],"to":[11.362858,14.743132,11.974792],"rotation":{"angle":-22.5,"axis":"x","origin":[8.0,4.043132,9.529077]},"faces":{"east":{"uv":[12.5,12.75,13.75,12.75],"rotation":0,"texture":"#0","tintindex":0},"south":{"uv":[12.875,5.5,14.25,5.5],"rotation":0,"texture":"#0","tintindex":0},"north":{"uv":[12.75,7.875,14.125,7.875],"rotation":0,"texture":"#0","tintindex":0},"west":{"uv":[12.875,5.625,14.125,5.625],"rotation":0,"texture":"#0","tintindex":0},"up":{"uv":[6.625,7.5,5.25,6.25],"rotation":0,"texture":"#0","tintindex":0},"down":{"uv":[6.625,6.25,5.25,7.5],"rotation":0,"texture":"#0","tintindex":0}}},{"from":[11.362858,11.685989,5.860505],"to":[11.362858,14.743132,11.974792],"rotation":{"angle":-22.5,"axis":"x","origin":[8.0,4.043132,9.529077]},"faces":{"east":{"uv":[11.875,5.0,10.625,5.625],"rotation":0,"texture":"#0","tintindex":0},"south":{"uv":[3.875,10.75,3.875,11.375],"rotation":0,"texture":"#0","tintindex":0},"north":{"uv":[3.75,10.75,3.75,11.375],"rotation":0,"texture":"#0","tintindex":0},"west":{"uv":[10.625,5.0,11.875,5.625],"rotation":0,"texture":"#0","tintindex":0},"up":{"uv":[0.75,14.0,0.75,12.75],"rotation":0,"texture":"#0","tintindex":0},"down":{"uv":[3.375,12.75,3.375,14.0],"rotation":0,"texture":"#0","tintindex":0}}},{"from":[11.362858,14.743132,5.860505],"to":[11.362858,16.577417,11.974792],"rotation":{"angle":-22.5,"axis":"x","origin":[8.0,4.043132,9.529077]},"faces":{"east":{"uv":[13.5,4.25,12.25,4.625],"rotation":0,"texture":"#0","tintindex":0},"south":{"uv":[6.5,2.875,6.5,3.25],"rotation":0,"texture":"#0","tintindex":0},"north":{"uv":[6.5,2.375,6.5,2.75],"rotation":0,"texture":"#0","tintindex":0},"west":{"uv":[12.25,4.25,13.5,4.625],"rotation":0,"texture":"#0","tintindex":0},"up":{"uv":[1.875,8.5,1.875,7.25],"rotation":0,"texture":"#0","tintindex":0},"down":{"uv":[2.0,7.25,2.0,8.5],"rotation":0,"texture":"#0","tintindex":0}}},{"from":[4.6371427,14.743132,11.974792],"to":[11.362858,16.577417,11.974792],"rotation":{"angle":-22.5,"axis":"x","origin":[8.0,4.043132,9.529077]},"faces":{"east":{"uv":[6.625,2.75,6.625,3.125],"rotation":0,"texture":"#0","tintindex":0},"south":{"uv":[13.375,5.0,12.0,5.375],"rotation":0,"texture":"#0","tintindex":0},"north":{"uv":[12.0,5.0,13.375,5.375],"rotation":0,"texture":"#0","tintindex":0},"west":{"uv":[4.875,6.75,4.875,7.125],"rotation":0,"texture":"#0","tintindex":0},"up":{"uv":[13.625,4.75,12.25,4.75],"rotation":0,"texture":"#0","tintindex":0},"down":{"uv":[13.625,4.875,12.25,4.875],"rotation":0,"texture":"#0","tintindex":0}}}],"display":{"head":{"translation":[0.0,-6.4,0.0],"scale":[4.0,4.0,4.0]}}}