{"textures":{"0":"modelengine:entity/mutant_flower"},"elements":[{"from":[1.71491,-2.9572315,8.111364],"to":[19.741405,10.562641,8.111364],"rotation":{"angle":22.5,"axis":"z","origin":[-2.2512693,14.370827,18.25127]},"faces":{"east":{"uv":[9.5625,2.5625,9.5625,3.3125],"rotation":0,"texture":"#0","tintindex":0},"south":{"uv":[6.125,6.9375,5.125,7.6875],"rotation":0,"texture":"#0","tintindex":0},"north":{"uv":[3.5625,6.9375,2.5625,7.6875],"rotation":0,"texture":"#0","tintindex":0},"west":{"uv":[9.5,2.5625,9.5,3.3125],"rotation":0,"texture":"#0","tintindex":0},"up":{"uv":[11.4375,3.0625,12.4375,3.0625],"rotation":0,"texture":"#0","tintindex":0},"down":{"uv":[11.4375,3.125,12.4375,3.125],"rotation":0,"texture":"#0","tintindex":0}}},{"from":[7.888635,-2.9572315,-3.7414064],"to":[7.888635,10.562641,14.2850895],"rotation":{"angle":22.5,"axis":"x","origin":[-2.2512693,14.370827,18.25127]},"faces":{"east":{"uv":[8.25,7.4375,7.25,8.1875],"rotation":0,"texture":"#0","tintindex":0},"south":{"uv":[4.8125,11.3125,4.8125,12.0625],"rotation":0,"texture":"#0","tintindex":0},"north":{"uv":[4.75,11.3125,4.75,12.0625],"rotation":0,"texture":"#0","tintindex":0},"west":{"uv":[7.1875,7.4375,6.1875,8.1875],"rotation":0,"texture":"#0","tintindex":0},"up":{"uv":[4.875,12.3125,4.875,11.3125],"rotation":0,"texture":"#0","tintindex":0},"down":{"uv":[4.9375,11.3125,4.9375,12.3125],"rotation":0,"texture":"#0","tintindex":0}}}],"display":{"head":{"translation":[0.0,-6.4,0.0],"scale":[4.0,4.0,4.0]}}}