{"textures":{"0":"modelengine:entity/mutant_flower"},"elements":[{"from":[-6.9138412,2.958426,4.620032],"to":[6.6060314,9.718363,11.379969],"rotation":{"angle":22.5,"axis":"z","origin":[-6.306307,27.1901,8.0]},"faces":{"east":{"uv":[0.875,10.875,1.25,11.25],"rotation":0,"texture":"#0","tintindex":0},"south":{"uv":[6.4375,4.3125,7.1875,4.6875],"rotation":0,"texture":"#0","tintindex":0},"north":{"uv":[9.625,1.0625,10.375,1.4375],"rotation":0,"texture":"#0","tintindex":0},"west":{"uv":[2.875,10.875,3.25,11.25],"rotation":0,"texture":"#0","tintindex":0},"up":{"uv":[9.4375,3.375,9.0625,2.625],"rotation":90,"texture":"#0","tintindex":0},"down":{"uv":[10.125,6.5625,9.75,7.3125],"rotation":270,"texture":"#0","tintindex":0}}},{"from":[16.06493,15.886221,5.18336],"to":[26.204834,22.646158,10.81664],"rotation":{"angle":-22.5,"axis":"z","origin":[-6.306307,27.1901,8.0]},"faces":{"east":{"uv":[8.6875,5.5,9.0,5.875],"rotation":0,"texture":"#0","tintindex":0},"south":{"uv":[10.375,2.375,10.9375,2.75],"rotation":0,"texture":"#0","tintindex":0},"north":{"uv":[10.375,2.8125,10.9375,3.1875],"rotation":0,"texture":"#0","tintindex":0},"west":{"uv":[3.9375,11.125,4.25,11.5],"rotation":0,"texture":"#0","tintindex":0},"up":{"uv":[2.4375,7.625,2.125,7.0625],"rotation":90,"texture":"#0","tintindex":0},"down":{"uv":[5.0,7.0625,4.6875,7.625],"rotation":270,"texture":"#0","tintindex":0}}},{"from":[19.606783,5.5271273,6.3100157],"to":[32.0,10.033752,9.689984],"rotation":{"angle":0.0,"axis":"y","origin":[-6.306307,27.1901,8.0]},"faces":{"east":{"uv":[9.0625,9.625,9.25,9.875],"rotation":0,"texture":"#0","tintindex":0},"south":{"uv":[10.5625,7.9375,11.25,8.1875],"rotation":0,"texture":"#0","tintindex":0},"north":{"uv":[10.75,1.4375,11.4375,1.6875],"rotation":0,"texture":"#0","tintindex":0},"west":{"uv":[9.6875,3.6875,9.875,3.9375],"rotation":0,"texture":"#0","tintindex":0},"up":{"uv":[7.625,5.8125,7.4375,5.125],"rotation":90,"texture":"#0","tintindex":0},"down":{"uv":[9.1875,6.625,9.0,7.3125],"rotation":270,"texture":"#0","tintindex":0}}}],"display":{"head":{"translation":[23.576912,-6.4,0.0],"scale":[4.0,4.0,4.0]}}}