{"textures":{"0":"modelengine:entity/mutant_flower"},"elements":[{"from":[8.412995,1.1625905,-3.2665606],"to":[20.121376,1.1625905,19.26656],"rotation":{"angle":22.5,"axis":"z","origin":[-9.509083,3.545578,8.0]},"faces":{"east":{"uv":[12.5625,8.0625,11.3125,8.0625],"rotation":0,"texture":"#0","tintindex":0},"south":{"uv":[10.625,11.3125,9.5,11.3125],"rotation":0,"texture":"#0","tintindex":0},"north":{"uv":[12.4375,8.125,11.3125,8.125],"rotation":0,"texture":"#0","tintindex":0},"west":{"uv":[12.5625,8.1875,11.3125,8.1875],"rotation":0,"texture":"#0","tintindex":0},"up":{"uv":[5.0625,4.3125,3.8125,4.9375],"rotation":270,"texture":"#0","tintindex":0},"down":{"uv":[5.0625,4.9375,3.8125,4.3125],"rotation":90,"texture":"#0","tintindex":0}}}],"display":{"head":{"translation":[0.0,-6.4,0.0],"scale":[4.0,4.0,4.0]}}}