{"textures":{"0":"modelengine:entity/frostbear"},"elements":[{"from":[8.285714,1.1428566,5.714286],"to":[11.142858,10.285714,10.285714],"rotation":{"angle":0.0,"axis":"y","origin":[2.8571424,9.142858,9.428572]},"faces":{"east":{"uv":[1.0,3.3125,1.5,4.3125],"rotation":0,"texture":"#0","tintindex":0},"south":{"uv":[4.9375,0.5625,5.25,1.5625],"rotation":0,"texture":"#0","tintindex":0},"north":{"uv":[4.875,4.875,5.1875,5.875],"rotation":0,"texture":"#0","tintindex":0},"west":{"uv":[1.5,3.3125,2.0,4.3125],"rotation":0,"texture":"#0","tintindex":0},"up":{"uv":[0.625,6.125,0.3125,5.625],"rotation":0,"texture":"#0","tintindex":0},"down":{"uv":[2.625,5.625,2.3125,6.125],"rotation":0,"texture":"#0","tintindex":0}}}],"display":{"head":{"translation":[0.0,-6.4,0.0],"scale":[4.0,4.0,4.0]}}}