{"textures":{"0":"modelengine:entity/bug_swarm"},"elements":[{"from":[8.82218,8.594321,5.714286],"to":[8.82218,14.308607,10.285714],"rotation":{"angle":45.0,"axis":"z","origin":[9.163162,7.3190594,8.683601]},"faces":{"east":{"uv":[2.25,0.0,4.25,2.5],"rotation":0,"texture":"#0","tintindex":0},"south":{"uv":[5.5,7.5,5.5,10.0],"rotation":0,"texture":"#0","tintindex":0},"north":{"uv":[5.25,7.5,5.25,10.0],"rotation":0,"texture":"#0","tintindex":0},"west":{"uv":[4.25,0.0,2.25,2.5],"rotation":0,"texture":"#0","tintindex":0},"up":{"uv":[2.0,9.75,2.0,7.75],"rotation":0,"texture":"#0","tintindex":0},"down":{"uv":[2.25,7.75,2.25,9.75],"rotation":0,"texture":"#0","tintindex":0}}}],"display":{"head":{"translation":[0.0,-6.4,0.0],"scale":[4.0,4.0,4.0]}}}