{"textures":{"0":"modelengine:entity/iceboar"},"elements":[{"from":[8.809524,-0.21810055,8.365156],"to":[9.380953,0.924757,9.508013],"rotation":{"angle":0.0,"axis":"y","origin":[8.523809,1.2104712,10.365156]},"faces":{"east":{"uv":[5.0,9.375,5.25,9.625],"rotation":0,"texture":"#0","tintindex":0},"south":{"uv":[3.25,9.375,3.375,9.625],"rotation":0,"texture":"#0","tintindex":0},"north":{"uv":[2.375,9.375,2.5,9.625],"rotation":0,"texture":"#0","tintindex":0},"west":{"uv":[9.375,5.0,9.625,5.25],"rotation":0,"texture":"#0","tintindex":0},"up":{"uv":[5.625,9.625,5.5,9.375],"rotation":0,"texture":"#0","tintindex":0},"down":{"uv":[9.5,5.5,9.375,5.75],"rotation":0,"texture":"#0","tintindex":0}}},{"from":[7.6666665,-0.21810055,8.936584],"to":[8.238095,0.924757,10.079441],"rotation":{"angle":0.0,"axis":"y","origin":[8.523809,1.2104712,10.936584]},"faces":{"east":{"uv":[5.25,9.375,5.5,9.625],"rotation":0,"texture":"#0","tintindex":0},"south":{"uv":[5.75,9.375,5.875,9.625],"rotation":0,"texture":"#0","tintindex":0},"north":{"uv":[5.625,9.375,5.75,9.625],"rotation":0,"texture":"#0","tintindex":0},"west":{"uv":[9.375,5.25,9.625,5.5],"rotation":0,"texture":"#0","tintindex":0},"up":{"uv":[9.5,6.0,9.375,5.75],"rotation":0,"texture":"#0","tintindex":0},"down":{"uv":[6.0,9.375,5.875,9.625],"rotation":0,"texture":"#0","tintindex":0}}},{"from":[7.3809524,-0.27524376,9.508013],"to":[9.666667,2.5818996,11.222299],"rotation":{"angle":0.0,"axis":"y","origin":[8.523809,1.1533284,10.365156]},"faces":{"east":{"uv":[8.75,7.125,9.125,7.75],"rotation":0,"texture":"#0","tintindex":0},"south":{"uv":[8.25,7.125,8.75,7.75],"rotation":0,"texture":"#0","tintindex":0},"north":{"uv":[8.25,2.375,8.75,3.0],"rotation":0,"texture":"#0","tintindex":0},"west":{"uv":[5.625,8.75,6.0,9.375],"rotation":0,"texture":"#0","tintindex":0},"up":{"uv":[0.875,9.5,0.375,9.125],"rotation":0,"texture":"#0","tintindex":0},"down":{"uv":[9.625,0.75,9.125,1.125],"rotation":0,"texture":"#0","tintindex":0}}},{"from":[8.009523,1.395545,9.726689],"to":[9.038095,4.8241167,11.440975],"rotation":{"angle":22.5,"axis":"x","origin":[8.523809,1.6812596,10.583832]},"faces":{"east":{"uv":[8.5,3.75,8.875,4.5],"rotation":0,"texture":"#0","tintindex":0},"south":{"uv":[1.125,9.125,1.375,9.875],"rotation":0,"texture":"#0","tintindex":0},"north":{"uv":[0.875,9.125,1.125,9.875],"rotation":0,"texture":"#0","tintindex":0},"west":{"uv":[8.5,6.375,8.875,7.125],"rotation":0,"texture":"#0","tintindex":0},"up":{"uv":[9.625,0.75,9.375,0.375],"rotation":0,"texture":"#0","tintindex":0},"down":{"uv":[9.625,1.125,9.375,1.5],"rotation":0,"texture":"#0","tintindex":0}}},{"from":[7.952381,4.8241167,6.8695464],"to":[9.095238,8.824117,9.155261],"rotation":{"angle":-45.0,"axis":"x","origin":[4.5238094,8.252688,11.440975]},"faces":{"east":{"uv":[3.0,8.0,3.5,8.875],"rotation":0,"texture":"#0","tintindex":0},"south":{"uv":[8.875,2.875,9.125,3.75],"rotation":0,"texture":"#0","tintindex":0},"north":{"uv":[2.75,8.875,3.0,9.75],"rotation":0,"texture":"#0","tintindex":0},"west":{"uv":[2.5,8.0,3.0,8.875],"rotation":0,"texture":"#0","tintindex":0},"up":{"uv":[9.375,6.0,9.125,5.5],"rotation":0,"texture":"#0","tintindex":0},"down":{"uv":[9.375,6.0,9.125,6.5],"rotation":0,"texture":"#0","tintindex":0}}},{"from":[7.952381,6.5384026,6.2981176],"to":[9.666667,11.109831,10.298118],"rotation":{"angle":-22.5,"axis":"x","origin":[4.5238094,8.252688,11.440975]},"faces":{"east":{"uv":[5.125,6.875,6.0,7.875],"rotation":0,"texture":"#0","tintindex":0},"south":{"uv":[6.375,8.0,6.75,9.0],"rotation":0,"texture":"#0","tintindex":0},"north":{"uv":[6.0,8.0,6.375,9.0],"rotation":0,"texture":"#0","tintindex":0},"west":{"uv":[7.0,0.0,7.875,1.0],"rotation":0,"texture":"#0","tintindex":0},"up":{"uv":[1.125,9.125,0.75,8.25],"rotation":0,"texture":"#0","tintindex":0},"down":{"uv":[1.5,8.25,1.125,9.125],"rotation":0,"texture":"#0","tintindex":0}}}],"display":{"head":{"translation":[0.0,-6.4,0.0],"scale":[4.0,4.0,4.0]}}}