{"textures":{"0":"modelengine:entity/nocsy_sewer_leech"},"elements":[{"from":[6.2914286,6.862857,6.92],"to":[9.708571,9.708571,10.908571],"rotation":{"angle":0.0,"axis":"y","origin":[9.142858,6.857143,8.6285715]},"faces":{"east":{"uv":[9.75,3.75,11.5,5.0],"rotation":0,"texture":"#0","tintindex":0},"south":{"uv":[10.5,5.25,12.0,6.5],"rotation":0,"texture":"#0","tintindex":0},"north":{"uv":[9.0,9.75,10.5,11.0],"rotation":0,"texture":"#0","tintindex":0},"west":{"uv":[7.0,9.75,8.75,11.0],"rotation":0,"texture":"#0","tintindex":0},"up":{"uv":[6.75,11.0,5.25,9.25],"rotation":0,"texture":"#0","tintindex":0},"down":{"uv":[1.5,9.75,0.0,11.5],"rotation":0,"texture":"#0","tintindex":0}}},{"from":[6.857143,6.857143,10.914286],"to":[9.142858,8.571428,13.771429],"rotation":{"angle":0.0,"axis":"y","origin":[9.142858,6.857143,11.485714]},"faces":{"east":{"uv":[8.0,11.25,9.25,12.0],"rotation":0,"texture":"#0","tintindex":0},"south":{"uv":[1.75,11.5,2.75,12.25],"rotation":0,"texture":"#0","tintindex":0},"north":{"uv":[9.5,11.25,10.5,12.0],"rotation":0,"texture":"#0","tintindex":0},"west":{"uv":[11.5,1.5,12.75,2.25],"rotation":0,"texture":"#0","tintindex":0},"up":{"uv":[3.25,8.75,2.25,7.5],"rotation":0,"texture":"#0","tintindex":0},"down":{"uv":[9.5,2.0,8.5,3.25],"rotation":0,"texture":"#0","tintindex":0}}}],"display":{"head":{"translation":[0.0,-6.4,0.0],"scale":[4.0,4.0,4.0]}}}