{"textures":{"0":"modelengine:entity/frostbear"},"elements":[{"from":[7.428571,7.0591736,12.311967],"to":[9.714286,9.344888,14.597681],"rotation":{"angle":22.5,"axis":"x","origin":[8.571428,8.20203,13.454824]},"faces":{"east":{"uv":[3.375,5.6875,3.625,5.9375],"rotation":0,"texture":"#0","tintindex":0},"south":{"uv":[5.75,2.375,6.0,2.625],"rotation":0,"texture":"#0","tintindex":0},"north":{"uv":[3.125,5.6875,3.375,5.9375],"rotation":0,"texture":"#0","tintindex":0},"west":{"uv":[5.75,2.625,6.0,2.875],"rotation":0,"texture":"#0","tintindex":0},"up":{"uv":[6.0,5.875,5.75,5.625],"rotation":0,"texture":"#0","tintindex":0},"down":{"uv":[1.125,5.8125,0.875,6.0625],"rotation":0,"texture":"#0","tintindex":0}}},{"from":[5.142857,5.714286,3.142857],"to":[12.0,11.428572,11.714286],"rotation":{"angle":45.0,"axis":"x","origin":[8.0,8.0,8.0]},"faces":{"east":{"uv":[2.625,0.9375,3.5625,1.5625],"rotation":0,"texture":"#0","tintindex":0},"south":{"uv":[3.5625,1.5,4.3125,2.125],"rotation":0,"texture":"#0","tintindex":0},"north":{"uv":[3.5625,0.875,4.3125,1.5],"rotation":0,"texture":"#0","tintindex":0},"west":{"uv":[2.625,1.5625,3.5625,2.1875],"rotation":0,"texture":"#0","tintindex":0},"up":{"uv":[3.125,0.9375,2.375,0.0],"rotation":0,"texture":"#0","tintindex":0},"down":{"uv":[3.125,2.3125,2.375,3.25],"rotation":0,"texture":"#0","tintindex":0}}}],"display":{"head":{"translation":[0.0,-6.4,0.0],"scale":[4.0,4.0,4.0]}}}