{"credit":"Made with Blockbench by yungwilder","texture_size":[32,32],"textures":{"2":"custom/yungwilder/hat_pack/hardhat","particle":"custom/yungwilder/hat_pack/hardhat"},"elements":[{"from":[3.25,5,2.5],"to":[12.75,6,12.75],"faces":{"north":{"uv":[9,4,13.5,4.5],"texture":"#2"},"east":{"uv":[9,3,14,3.5],"texture":"#2"},"south":{"uv":[9,4.5,13.5,5],"texture":"#2"},"west":{"uv":[9,3.5,14,4],"texture":"#2"},"up":{"uv":[4.5,5,0,0],"texture":"#2"},"down":{"uv":[9,0,4.5,5],"texture":"#2"}}},{"from":[3.75,6,3.75],"to":[12.25,8.25,12.25],"faces":{"north":{"uv":[9,0,13,1],"texture":"#2"},"east":{"uv":[1,9,5,10],"texture":"#2"},"south":{"uv":[9,1,13,2],"texture":"#2"},"west":{"uv":[9,2,13,3],"texture":"#2"},"up":{"uv":[4,9,0,5],"texture":"#2"},"down":{"uv":[8,5,4,9],"texture":"#2"}}},{"from":[7,6,3.5],"to":[9,8.5,12.5],"faces":{"north":{"uv":[5,9,6,10],"texture":"#2"},"east":{"uv":[8,5,12.5,6],"texture":"#2"},"south":{"uv":[6,9,7,10],"texture":"#2"},"west":{"uv":[8,6,12.5,7],"texture":"#2"},"up":{"uv":[9,11.5,8,7],"texture":"#2"},"down":{"uv":[1,9,0,13.5],"texture":"#2"}}}],"gui_light":"front","display":{"thirdperson_righthand":{"rotation":[60,0,0],"translation":[0,3,2],"scale":[0.5,0.5,0.5]},"thirdperson_lefthand":{"rotation":[60,0,0],"translation":[0,3,2],"scale":[0.5,0.5,0.5]},"firstperson_righthand":{"rotation":[0,115,0],"translation":[0,4,0],"scale":[0.5,0.5,0.5]},"firstperson_lefthand":{"rotation":[0,115,0],"translation":[0,4,0],"scale":[0.5,0.5,0.5]},"ground":{"scale":[0.35,0.35,0.35]},"gui":{"rotation":[15,-145,0],"translation":[0,1,0]},"head":{"translation":[0,8,0],"scale":[1.7,1.7,1.7]},"fixed":{"rotation":[-90,0,0],"translation":[0,0.5,-3.75],"scale":[1.25,1.25,1.25]}}}