{"textures":{"0":"modelengine:entity/thorn_spitter"},"elements":[{"from":[6.285714,5.390009,2.6102967],"to":[9.714286,8.247152,7.753154],"rotation":{"angle":22.5,"axis":"x","origin":[8.0,8.006253,8.0]},"faces":{"east":{"uv":[10.5,6.125,11.625,6.75],"rotation":0,"texture":"#0","tintindex":0},"south":{"uv":[10.125,11.625,10.875,12.25],"rotation":0,"texture":"#0","tintindex":0},"north":{"uv":[9.375,4.625,10.125,5.25],"rotation":0,"texture":"#0","tintindex":0},"west":{"uv":[6.0,10.625,7.125,11.25],"rotation":0,"texture":"#0","tintindex":0},"up":{"uv":[1.625,11.25,0.875,10.125],"rotation":0,"texture":"#0","tintindex":0},"down":{"uv":[10.75,10.125,10.0,11.25],"rotation":0,"texture":"#0","tintindex":0}}},{"from":[6.857143,9.444977,0.31022453],"to":[9.142858,11.730692,4.3102245],"rotation":{"angle":-22.5,"axis":"x","origin":[8.0,8.006253,8.0]},"faces":{"east":{"uv":[11.75,3.75,12.625,4.25],"rotation":0,"texture":"#0","tintindex":0},"south":{"uv":[0.0,12.375,0.5,12.875],"rotation":0,"texture":"#0","tintindex":0},"north":{"uv":[9.5,12.25,10.0,12.75],"rotation":0,"texture":"#0","tintindex":0},"west":{"uv":[11.75,9.875,12.625,10.375],"rotation":0,"texture":"#0","tintindex":0},"up":{"uv":[1.375,10.0,0.875,9.125],"rotation":0,"texture":"#0","tintindex":0},"down":{"uv":[12.25,10.5,11.75,11.375],"rotation":0,"texture":"#0","tintindex":0}}},{"from":[7.428571,3.675723,-2.5325603],"to":[8.571428,4.8185806,1.4674397],"rotation":{"angle":22.5,"axis":"x","origin":[8.0,8.006253,8.0]},"faces":{"east":{"uv":[10.75,12.375,11.625,12.625],"rotation":0,"texture":"#0","tintindex":0},"south":{"uv":[7.0,5.75,7.25,6.0],"rotation":0,"texture":"#0","tintindex":0},"north":{"uv":[1.5,6.875,1.75,7.125],"rotation":0,"texture":"#0","tintindex":0},"west":{"uv":[12.375,11.125,13.25,11.375],"rotation":0,"texture":"#0","tintindex":0},"up":{"uv":[4.375,8.75,4.125,7.875],"rotation":0,"texture":"#0","tintindex":0},"down":{"uv":[3.75,10.25,3.5,11.125],"rotation":0,"texture":"#0","tintindex":0}}},{"from":[6.285714,5.390009,8.246846],"to":[9.714286,8.247152,13.389704],"rotation":{"angle":-22.5,"axis":"x","origin":[8.0,8.006253,8.0]},"faces":{"east":{"uv":[10.75,0.0,11.875,0.625],"rotation":0,"texture":"#0","tintindex":0},"south":{"uv":[11.75,0.75,12.5,1.375],"rotation":0,"texture":"#0","tintindex":0},"north":{"uv":[11.0,11.625,11.75,12.25],"rotation":0,"texture":"#0","tintindex":0},"west":{"uv":[10.75,6.875,11.875,7.5],"rotation":0,"texture":"#0","tintindex":0},"up":{"uv":[2.5,11.375,1.75,10.25],"rotation":0,"texture":"#0","tintindex":0},"down":{"uv":[3.375,10.25,2.625,11.375],"rotation":0,"texture":"#0","tintindex":0}}},{"from":[6.857143,9.444977,11.689775],"to":[9.142858,11.730692,15.689775],"rotation":{"angle":22.5,"axis":"x","origin":[8.0,8.006253,8.0]},"faces":{"east":{"uv":[11.875,11.5,12.75,12.0],"rotation":0,"texture":"#0","tintindex":0},"south":{"uv":[2.0,12.375,2.5,12.875],"rotation":0,"texture":"#0","tintindex":0},"north":{"uv":[1.375,12.375,1.875,12.875],"rotation":0,"texture":"#0","tintindex":0},"west":{"uv":[12.0,0.0,12.875,0.5],"rotation":0,"texture":"#0","tintindex":0},"up":{"uv":[12.5,5.25,12.0,4.375],"rotation":0,"texture":"#0","tintindex":0},"down":{"uv":[12.5,6.875,12.0,7.75],"rotation":0,"texture":"#0","tintindex":0}}},{"from":[7.428571,3.675723,14.53256],"to":[8.571428,4.8185806,18.53256],"rotation":{"angle":-22.5,"axis":"x","origin":[8.0,8.006253,8.0]},"faces":{"east":{"uv":[7.75,12.5,8.625,12.75],"rotation":0,"texture":"#0","tintindex":0},"south":{"uv":[8.125,2.375,8.375,2.625],"rotation":0,"texture":"#0","tintindex":0},"north":{"uv":[7.625,7.125,7.875,7.375],"rotation":0,"texture":"#0","tintindex":0},"west":{"uv":[12.625,0.625,13.5,0.875],"rotation":0,"texture":"#0","tintindex":0},"up":{"uv":[12.875,1.875,12.625,1.0],"rotation":0,"texture":"#0","tintindex":0},"down":{"uv":[12.875,2.0,12.625,2.875],"rotation":0,"texture":"#0","tintindex":0}}},{"from":[8.246846,5.390009,6.285714],"to":[13.389704,8.247152,9.714286],"rotation":{"angle":22.5,"axis":"z","origin":[8.0,8.006253,8.0]},"faces":{"east":{"uv":[11.75,1.5,12.5,2.125],"rotation":0,"texture":"#0","tintindex":0},"south":{"uv":[10.75,8.375,11.875,9.0],"rotation":0,"texture":"#0","tintindex":0},"north":{"uv":[10.75,7.625,11.875,8.25],"rotation":0,"texture":"#0","tintindex":0},"west":{"uv":[11.75,2.25,12.5,2.875],"rotation":0,"texture":"#0","tintindex":0},"up":{"uv":[11.625,1.625,10.5,0.875],"rotation":0,"texture":"#0","tintindex":0},"down":{"uv":[11.625,1.75,10.5,2.5],"rotation":0,"texture":"#0","tintindex":0}}},{"from":[11.689775,9.444977,6.857143],"to":[15.689775,11.730692,9.142858],"rotation":{"angle":-22.5,"axis":"z","origin":[8.0,8.006253,8.0]},"faces":{"east":{"uv":[2.625,12.375,3.125,12.875],"rotation":0,"texture":"#0","tintindex":0},"south":{"uv":[12.0,7.875,12.875,8.375],"rotation":0,"texture":"#0","tintindex":0},"north":{"uv":[12.0,5.375,12.875,5.875],"rotation":0,"texture":"#0","tintindex":0},"west":{"uv":[5.25,12.375,5.75,12.875],"rotation":0,"texture":"#0","tintindex":0},"up":{"uv":[12.875,9.0,12.0,8.5],"rotation":0,"texture":"#0","tintindex":0},"down":{"uv":[12.875,9.125,12.0,9.625],"rotation":0,"texture":"#0","tintindex":0}}},{"from":[14.53256,3.675723,7.428571],"to":[18.53256,4.8185806,8.571428],"rotation":{"angle":22.5,"axis":"z","origin":[8.0,8.006253,8.0]},"faces":{"east":{"uv":[8.5,5.375,8.75,5.625],"rotation":0,"texture":"#0","tintindex":0},"south":{"uv":[12.625,3.375,13.5,3.625],"rotation":0,"texture":"#0","tintindex":0},"north":{"uv":[12.625,3.0,13.5,3.25],"rotation":0,"texture":"#0","tintindex":0},"west":{"uv":[9.25,0.875,9.5,1.125],"rotation":0,"texture":"#0","tintindex":0},"up":{"uv":[13.5,4.625,12.625,4.375],"rotation":0,"texture":"#0","tintindex":0},"down":{"uv":[13.5,4.75,12.625,5.0],"rotation":0,"texture":"#0","tintindex":0}}},{"from":[2.6102967,5.390009,6.285714],"to":[7.753154,8.247152,9.714286],"rotation":{"angle":-22.5,"axis":"z","origin":[8.0,8.006253,8.0]},"faces":{"east":{"uv":[12.5,2.25,11.75,2.875],"rotation":0,"texture":"#0","tintindex":0},"south":{"uv":[11.875,8.375,10.75,9.0],"rotation":0,"texture":"#0","tintindex":0},"north":{"uv":[11.875,7.625,10.75,8.25],"rotation":0,"texture":"#0","tintindex":0},"west":{"uv":[12.5,1.5,11.75,2.125],"rotation":0,"texture":"#0","tintindex":0},"up":{"uv":[10.5,1.625,11.625,0.875],"rotation":0,"texture":"#0","tintindex":0},"down":{"uv":[10.5,1.75,11.625,2.5],"rotation":0,"texture":"#0","tintindex":0}}},{"from":[0.31022453,9.444977,6.857143],"to":[4.3102245,11.730692,9.142858],"rotation":{"angle":22.5,"axis":"z","origin":[8.0,8.006253,8.0]},"faces":{"east":{"uv":[5.75,12.375,5.25,12.875],"rotation":0,"texture":"#0","tintindex":0},"south":{"uv":[12.875,7.875,12.0,8.375],"rotation":0,"texture":"#0","tintindex":0},"north":{"uv":[12.875,5.375,12.0,5.875],"rotation":0,"texture":"#0","tintindex":0},"west":{"uv":[3.125,12.375,2.625,12.875],"rotation":0,"texture":"#0","tintindex":0},"up":{"uv":[12.0,9.0,12.875,8.5],"rotation":0,"texture":"#0","tintindex":0},"down":{"uv":[12.0,9.125,12.875,9.625],"rotation":0,"texture":"#0","tintindex":0}}},{"from":[-2.5325603,3.675723,7.428571],"to":[1.4674397,4.8185806,8.571428],"rotation":{"angle":-22.5,"axis":"z","origin":[8.0,8.006253,8.0]},"faces":{"east":{"uv":[9.5,0.875,9.25,1.125],"rotation":0,"texture":"#0","tintindex":0},"south":{"uv":[13.5,3.375,12.625,3.625],"rotation":0,"texture":"#0","tintindex":0},"north":{"uv":[13.5,3.0,12.625,3.25],"rotation":0,"texture":"#0","tintindex":0},"west":{"uv":[8.75,5.375,8.5,5.625],"rotation":0,"texture":"#0","tintindex":0},"up":{"uv":[12.625,4.625,13.5,4.375],"rotation":0,"texture":"#0","tintindex":0},"down":{"uv":[12.625,4.75,13.5,5.0],"rotation":0,"texture":"#0","tintindex":0}}}],"display":{"head":{"translation":[0.0,-6.4,0.0],"scale":[4.0,4.0,4.0]}}}