{"textures":{"0":"modelengine:entity/thorn_spitter"},"elements":[{"from":[6.857143,6.3744946,5.939781],"to":[9.142858,13.803066,8.225495],"rotation":{"angle":-22.5,"axis":"x","origin":[8.0,9.612546,4.00317]},"faces":{"east":{"uv":[7.375,10.5,7.875,12.125],"rotation":0,"texture":"#0","tintindex":0},"south":{"uv":[0.0,10.625,0.5,12.25],"rotation":0,"texture":"#0","tintindex":0},"north":{"uv":[10.5,4.375,11.0,6.0],"rotation":0,"texture":"#0","tintindex":0},"west":{"uv":[5.375,10.625,5.875,12.25],"rotation":0,"texture":"#0","tintindex":0},"up":{"uv":[2.875,9.125,2.375,8.625],"rotation":0,"texture":"#0","tintindex":0},"down":{"uv":[9.375,12.25,8.875,12.75],"rotation":0,"texture":"#0","tintindex":0}}},{"from":[6.285714,8.08878,5.3683524],"to":[9.714286,13.803066,8.796924],"rotation":{"angle":-22.5,"axis":"x","origin":[8.0,9.612546,4.00317]},"faces":{"east":{"uv":[8.25,9.5,9.0,10.75],"rotation":0,"texture":"#0","tintindex":0},"south":{"uv":[9.125,9.5,9.875,10.75],"rotation":0,"texture":"#0","tintindex":0},"north":{"uv":[7.375,9.125,8.125,10.375],"rotation":0,"texture":"#0","tintindex":0},"west":{"uv":[9.625,0.875,10.375,2.125],"rotation":0,"texture":"#0","tintindex":0},"up":{"uv":[1.375,12.125,0.625,11.375],"rotation":0,"texture":"#0","tintindex":0},"down":{"uv":[4.25,11.375,3.5,12.125],"rotation":0,"texture":"#0","tintindex":0}}}],"display":{"head":{"translation":[0.0,-6.4,0.0],"scale":[4.0,4.0,4.0]}}}