{"textures":{"0":"modelengine:entity/thorn_spitter"},"elements":[{"from":[6.5714283,9.946111,9.965993],"to":[9.428572,16.231825,12.823135],"rotation":{"angle":45.0,"axis":"x","origin":[8.0,13.394867,6.8029504]},"faces":{"east":{"uv":[4.625,9.875,5.25,11.25],"rotation":0,"texture":"#0","tintindex":0},"south":{"uv":[10.0,7.125,10.625,8.5],"rotation":0,"texture":"#0","tintindex":0},"north":{"uv":[3.875,9.875,4.5,11.25],"rotation":0,"texture":"#0","tintindex":0},"west":{"uv":[10.0,8.625,10.625,10.0],"rotation":0,"texture":"#0","tintindex":0},"up":{"uv":[1.25,12.875,0.625,12.25],"rotation":0,"texture":"#0","tintindex":0},"down":{"uv":[7.625,12.25,7.0,12.875],"rotation":0,"texture":"#0","tintindex":0}}}],"display":{"head":{"translation":[0.0,-6.4,0.0],"scale":[4.0,4.0,4.0]}}}