{"textures":{"0":"modelengine:entity/nocsy_sewer_rat"},"elements":[{"from":[6.5714283,6.542857,5.285714],"to":[9.428572,9.4,8.142858],"rotation":{"angle":22.5,"axis":"x","origin":[8.0,7.9714284,6.714286]},"faces":{"east":{"uv":[0.75,8.75,1.375,9.375],"rotation":0,"texture":"#0","tintindex":0},"south":{"uv":[7.75,8.75,8.375,9.375],"rotation":0,"texture":"#0","tintindex":0},"north":{"uv":[3.5,6.125,4.125,6.75],"rotation":0,"texture":"#0","tintindex":0},"west":{"uv":[8.5,8.75,9.125,9.375],"rotation":0,"texture":"#0","tintindex":0},"up":{"uv":[0.625,9.5,0.0,8.875],"rotation":0,"texture":"#0","tintindex":0},"down":{"uv":[4.125,8.875,3.5,9.5],"rotation":0,"texture":"#0","tintindex":0}}},{"from":[5.428571,6.028571,6.714286],"to":[10.571428,10.028572,10.142858],"rotation":{"angle":0.0,"axis":"y","origin":[8.0,8.028571,9.285714]},"faces":{"east":{"uv":[0.0,6.875,0.75,7.75],"rotation":0,"texture":"#0","tintindex":0},"south":{"uv":[1.25,5.375,2.375,6.25],"rotation":0,"texture":"#0","tintindex":0},"north":{"uv":[4.25,5.0,5.375,5.875],"rotation":0,"texture":"#0","tintindex":0},"west":{"uv":[3.5,6.875,4.25,7.75],"rotation":0,"texture":"#0","tintindex":0},"up":{"uv":[5.375,6.75,4.25,6.0],"rotation":0,"texture":"#0","tintindex":0},"down":{"uv":[6.625,6.0,5.5,6.75],"rotation":0,"texture":"#0","tintindex":0}}},{"from":[4.862857,6.9937024,8.529043],"to":[11.137143,11.553702,12.517614],"rotation":{"angle":-22.5,"axis":"x","origin":[8.0,9.559417,12.237615]},"faces":{"east":{"uv":[5.625,3.25,6.5,4.25],"rotation":0,"texture":"#0","tintindex":0},"south":{"uv":[1.5,1.125,2.875,2.125],"rotation":0,"texture":"#0","tintindex":0},"north":{"uv":[1.5,0.0,2.875,1.0],"rotation":0,"texture":"#0","tintindex":0},"west":{"uv":[0.0,5.75,0.875,6.75],"rotation":0,"texture":"#0","tintindex":0},"up":{"uv":[4.375,0.875,3.0,0.0],"rotation":0,"texture":"#0","tintindex":0},"down":{"uv":[4.375,1.0,3.0,1.875],"rotation":0,"texture":"#0","tintindex":0}}},{"from":[4.8571424,11.631707,9.829073],"to":[11.142858,11.631707,13.829073],"rotation":{"angle":-45.0,"axis":"x","origin":[8.0,8.650266,10.922384]},"faces":{"east":{"uv":[11.625,6.75,12.5,6.75],"rotation":0,"texture":"#0","tintindex":0},"south":{"uv":[11.625,6.875,13.0,6.875],"rotation":0,"texture":"#0","tintindex":0},"north":{"uv":[11.625,6.625,13.0,6.625],"rotation":0,"texture":"#0","tintindex":0},"west":{"uv":[11.625,7.0,12.5,7.0],"rotation":0,"texture":"#0","tintindex":0},"up":{"uv":[4.375,2.875,3.0,2.0],"rotation":0,"texture":"#0","tintindex":0},"down":{"uv":[4.375,2.0,3.0,2.875],"rotation":0,"texture":"#0","tintindex":0}}},{"from":[4.8571424,11.515943,11.736213],"to":[11.142858,11.515943,15.736214],"rotation":{"angle":0.0,"axis":"y","origin":[8.0,11.515943,13.736214]},"faces":{"east":{"uv":[11.625,7.25,12.5,7.25],"rotation":0,"texture":"#0","tintindex":0},"south":{"uv":[11.625,7.375,13.0,7.375],"rotation":0,"texture":"#0","tintindex":0},"north":{"uv":[11.625,7.125,13.0,7.125],"rotation":0,"texture":"#0","tintindex":0},"west":{"uv":[7.5,11.625,8.375,11.625],"rotation":0,"texture":"#0","tintindex":0},"up":{"uv":[2.875,4.25,1.5,3.375],"rotation":0,"texture":"#0","tintindex":0},"down":{"uv":[2.875,3.375,1.5,4.25],"rotation":0,"texture":"#0","tintindex":0}}},{"from":[4.8571424,8.13381,15.901403],"to":[11.142858,8.13381,19.901403],"rotation":{"angle":45.0,"axis":"x","origin":[8.0,8.13381,17.901403]},"faces":{"east":{"uv":[11.625,7.625,12.5,7.625],"rotation":0,"texture":"#0","tintindex":0},"south":{"uv":[11.625,8.125,13.0,8.125],"rotation":0,"texture":"#0","tintindex":0},"north":{"uv":[11.625,7.5,13.0,7.5],"rotation":0,"texture":"#0","tintindex":0},"west":{"uv":[11.625,8.25,12.5,8.25],"rotation":0,"texture":"#0","tintindex":0},"up":{"uv":[4.375,4.875,3.0,4.0],"rotation":0,"texture":"#0","tintindex":0},"down":{"uv":[4.375,4.0,3.0,4.875],"rotation":0,"texture":"#0","tintindex":0}}},{"from":[4.8571424,6.3537083,10.709267],"to":[11.142858,10.925137,15.852125],"rotation":{"angle":22.5,"axis":"x","origin":[8.0,8.639422,12.709268]},"faces":{"east":{"uv":[0.0,4.625,1.125,5.625],"rotation":0,"texture":"#0","tintindex":0},"south":{"uv":[0.0,2.5,1.375,3.5],"rotation":0,"texture":"#0","tintindex":0},"north":{"uv":[1.5,2.25,2.875,3.25],"rotation":0,"texture":"#0","tintindex":0},"west":{"uv":[3.0,5.0,4.125,6.0],"rotation":0,"texture":"#0","tintindex":0},"up":{"uv":[1.375,1.125,0.0,0.0],"rotation":0,"texture":"#0","tintindex":0},"down":{"uv":[1.375,1.25,0.0,2.375],"rotation":0,"texture":"#0","tintindex":0}}}],"display":{"head":{"translation":[0.0,-6.4,0.0],"scale":[4.0,4.0,4.0]}}}