{"textures":{"0":"modelengine:entity/nocsy_sewer_rat"},"elements":[{"from":[6.857143,7.0653086,6.949802],"to":[9.142858,9.351023,12.664088],"rotation":{"angle":0.0,"axis":"y","origin":[8.285714,10.237033,5.318844]},"faces":{"east":{"uv":[7.625,0.875,8.875,1.375],"rotation":0,"texture":"#0","tintindex":0},"south":{"uv":[1.875,10.125,2.375,10.625],"rotation":0,"texture":"#0","tintindex":0},"north":{"uv":[1.25,10.125,1.75,10.625],"rotation":0,"texture":"#0","tintindex":0},"west":{"uv":[7.625,1.5,8.875,2.0],"rotation":0,"texture":"#0","tintindex":0},"up":{"uv":[1.375,8.625,0.875,7.375],"rotation":0,"texture":"#0","tintindex":0},"down":{"uv":[8.125,2.125,7.625,3.375],"rotation":0,"texture":"#0","tintindex":0}}}],"display":{"head":{"translation":[0.0,-6.4,0.0],"scale":[4.0,4.0,4.0]}}}