{"textures":{"0":"modelengine:entity/nocsy_sewer_boss"},"elements":[{"from":[7.028571,8.171429,5.885714],"to":[7.028571,8.742857,7.6],"rotation":{"angle":0.0,"axis":"y","origin":[8.0,7.6,6.6857142]},"faces":{"east":{"uv":[9.625,5.6875,9.8125,5.75],"rotation":0,"texture":"#0","tintindex":0},"south":{"uv":[2.5625,6.625,2.5625,6.6875],"rotation":0,"texture":"#0","tintindex":0},"north":{"uv":[6.4375,4.5625,6.4375,4.625],"rotation":0,"texture":"#0","tintindex":0},"west":{"uv":[9.6875,0.0,9.875,0.0625],"rotation":0,"texture":"#0","tintindex":0},"up":{"uv":[6.125,9.875,6.125,9.6875],"rotation":0,"texture":"#0","tintindex":0},"down":{"uv":[6.1875,9.6875,6.1875,9.875],"rotation":0,"texture":"#0","tintindex":0}}},{"from":[8.971429,8.171429,5.885714],"to":[8.971429,8.742857,7.6],"rotation":{"angle":0.0,"axis":"y","origin":[8.0,7.6,6.6857142]},"faces":{"east":{"uv":[9.6875,0.125,9.875,0.1875],"rotation":0,"texture":"#0","tintindex":0},"south":{"uv":[6.6875,6.9375,6.6875,7.0],"rotation":0,"texture":"#0","tintindex":0},"north":{"uv":[2.6875,6.625,2.6875,6.6875],"rotation":0,"texture":"#0","tintindex":0},"west":{"uv":[9.6875,0.25,9.875,0.3125],"rotation":0,"texture":"#0","tintindex":0},"up":{"uv":[6.75,9.875,6.75,9.6875],"rotation":0,"texture":"#0","tintindex":0},"down":{"uv":[6.8125,9.6875,6.8125,9.875],"rotation":0,"texture":"#0","tintindex":0}}},{"from":[6.857143,7.028571,5.542857],"to":[9.142858,8.171429,7.8285713],"rotation":{"angle":0.0,"axis":"y","origin":[8.0,7.6,6.6857142]},"faces":{"east":{"uv":[9.375,4.75,9.625,4.875],"rotation":0,"texture":"#0","tintindex":0},"south":{"uv":[9.375,4.9375,9.625,5.0625],"rotation":0,"texture":"#0","tintindex":0},"north":{"uv":[9.375,4.5625,9.625,4.6875],"rotation":0,"texture":"#0","tintindex":0},"west":{"uv":[9.375,5.5,9.625,5.625],"rotation":0,"texture":"#0","tintindex":0},"up":{"uv":[8.6875,3.4375,8.4375,3.1875],"rotation":0,"texture":"#0","tintindex":0},"down":{"uv":[8.6875,3.5,8.4375,3.75],"rotation":0,"texture":"#0","tintindex":0}}},{"from":[7.142857,7.028571,5.8285713],"to":[8.857143,9.314285,5.8285713],"rotation":{"angle":0.0,"axis":"y","origin":[7.714286,7.6,6.6857142]},"faces":{"east":{"uv":[6.875,9.6875,6.875,9.9375],"rotation":0,"texture":"#0","tintindex":0},"south":{"uv":[1.1875,9.125,1.375,9.375],"rotation":0,"texture":"#0","tintindex":0},"north":{"uv":[0.0,9.125,0.1875,9.375],"rotation":0,"texture":"#0","tintindex":0},"west":{"uv":[6.9375,9.6875,6.9375,9.9375],"rotation":0,"texture":"#0","tintindex":0},"up":{"uv":[6.4375,2.875,6.25,2.875],"rotation":0,"texture":"#0","tintindex":0},"down":{"uv":[6.625,6.125,6.4375,6.125],"rotation":0,"texture":"#0","tintindex":0}}}],"display":{"head":{"translation":[0.0,-6.4,0.0],"scale":[4.0,4.0,4.0]}}}