{"textures":{"0":"modelengine:entity/nocsy_sewer_boss"},"elements":[{"from":[6.285714,5.9439564,7.6937723],"to":[9.714286,9.372528,13.408058],"rotation":{"angle":0.0,"axis":"y","origin":[10.857143,13.658243,5.9794865]},"faces":{"east":{"uv":[5.0,0.6875,5.625,1.0625],"rotation":0,"texture":"#0","tintindex":0},"south":{"uv":[3.8125,6.6875,4.1875,7.0625],"rotation":0,"texture":"#0","tintindex":0},"north":{"uv":[2.125,6.625,2.5,7.0],"rotation":0,"texture":"#0","tintindex":0},"west":{"uv":[5.0,1.125,5.625,1.5],"rotation":0,"texture":"#0","tintindex":0},"up":{"uv":[4.5625,5.625,4.1875,5.0],"rotation":0,"texture":"#0","tintindex":0},"down":{"uv":[0.375,5.0625,0.0,5.6875],"rotation":0,"texture":"#0","tintindex":0}}}],"display":{"head":{"translation":[0.0,-6.4,0.0],"scale":[4.0,4.0,4.0]}}}