{"textures":{"0":"modelengine:entity/mutant_flower"},"elements":[{"from":[6.873344,6.561056,9.211082],"to":[9.126656,24.587553,12.591051],"rotation":{"angle":-22.5,"axis":"x","origin":[8.0,0.61998606,7.8674264]},"faces":{"east":{"uv":[4.3125,10.0,4.5,11.0],"rotation":0,"texture":"#0","tintindex":0},"south":{"uv":[3.75,10.875,3.875,11.875],"rotation":0,"texture":"#0","tintindex":0},"north":{"uv":[1.125,5.25,1.25,6.25],"rotation":0,"texture":"#0","tintindex":0},"west":{"uv":[0.625,10.1875,0.8125,11.1875],"rotation":0,"texture":"#0","tintindex":0},"up":{"uv":[4.8125,2.5625,4.6875,2.375],"rotation":0,"texture":"#0","tintindex":0},"down":{"uv":[5.0,2.375,4.875,2.5625],"rotation":0,"texture":"#0","tintindex":0}}},{"from":[8.0,6.561056,12.591051],"to":[8.0,24.587553,19.350986],"rotation":{"angle":-22.5,"axis":"x","origin":[8.0,0.61998606,7.8674264]},"faces":{"east":{"uv":[9.0625,4.0,9.4375,5.0],"rotation":0,"texture":"#0","tintindex":0},"south":{"uv":[1.375,2.875,1.375,3.875],"rotation":0,"texture":"#0","tintindex":0},"north":{"uv":[1.3125,2.875,1.3125,3.875],"rotation":0,"texture":"#0","tintindex":0},"west":{"uv":[9.3125,8.875,9.6875,9.875],"rotation":0,"texture":"#0","tintindex":0},"up":{"uv":[3.6875,4.3125,3.6875,3.9375],"rotation":0,"texture":"#0","tintindex":0},"down":{"uv":[3.75,3.9375,3.75,4.3125],"rotation":0,"texture":"#0","tintindex":0}}}],"display":{"head":{"translation":[0.0,-6.4,0.0],"scale":[4.0,4.0,4.0]}}}