{"textures":{"0":"modelengine:entity/nocsy_sewer_boss"},"elements":[{"from":[7.2,3.0448437,10.694743],"to":[8.8,8.073415,12.294744],"rotation":{"angle":-22.5,"axis":"x","origin":[8.0,4.7019863,10.923315]},"faces":{"east":{"uv":[4.0625,7.5,4.25,8.0625],"rotation":0,"texture":"#0","tintindex":0},"south":{"uv":[1.8125,7.625,2.0,8.1875],"rotation":0,"texture":"#0","tintindex":0},"north":{"uv":[3.375,7.5,3.5625,8.0625],"rotation":0,"texture":"#0","tintindex":0},"west":{"uv":[2.0625,7.625,2.25,8.1875],"rotation":0,"texture":"#0","tintindex":0},"up":{"uv":[2.4375,4.4375,2.25,4.25],"rotation":0,"texture":"#0","tintindex":0},"down":{"uv":[4.4375,3.0,4.25,3.1875],"rotation":0,"texture":"#0","tintindex":0}}},{"from":[8.0,8.187701,2.3518853],"to":[8.0,8.75913,14.351886],"rotation":{"angle":45.0,"axis":"z","origin":[8.0,8.473415,8.351886]},"faces":{"east":{"uv":[8.3125,9.875,7.0,9.9375],"rotation":0,"texture":"#0","tintindex":0},"south":{"uv":[8.1875,3.6875,8.375,3.8125],"rotation":0,"texture":"#0","tintindex":0},"north":{"uv":[1.9375,5.3125,2.125,5.4375],"rotation":0,"texture":"#0","tintindex":0},"west":{"uv":[7.0,9.875,8.3125,9.9375],"rotation":0,"texture":"#0","tintindex":0},"up":{"uv":[0.625,6.5625,0.4375,5.5625],"rotation":0,"texture":"#0","tintindex":0},"down":{"uv":[0.875,5.5625,0.6875,6.5625],"rotation":0,"texture":"#0","tintindex":0}}},{"from":[8.0,7.0754457,0.63759947],"to":[8.0,9.932589,4.0661716],"rotation":{"angle":0.0,"axis":"y","origin":[8.0,8.789731,3.2090282]},"faces":{"east":{"uv":[7.3125,10.3125,6.9375,10.625],"rotation":0,"texture":"#0","tintindex":0},"south":{"uv":[8.1875,3.6875,8.375,3.8125],"rotation":0,"texture":"#0","tintindex":0},"north":{"uv":[1.9375,5.3125,2.125,5.4375],"rotation":0,"texture":"#0","tintindex":0},"west":{"uv":[6.9375,10.3125,7.3125,10.625],"rotation":0,"texture":"#0","tintindex":0},"up":{"uv":[0.625,6.5625,0.4375,5.5625],"rotation":0,"texture":"#0","tintindex":0},"down":{"uv":[0.875,5.5625,0.6875,6.5625],"rotation":0,"texture":"#0","tintindex":0}}},{"from":[6.5714283,8.504017,0.63759947],"to":[9.428572,8.504017,4.0661716],"rotation":{"angle":0.0,"axis":"y","origin":[8.0,8.504017,2.3518853]},"faces":{"east":{"uv":[0.625,6.5625,0.4375,5.5625],"rotation":90,"texture":"#0","tintindex":0},"south":{"uv":[8.1875,3.6875,8.375,3.8125],"rotation":90,"texture":"#0","tintindex":0},"north":{"uv":[1.9375,5.3125,2.125,5.4375],"rotation":270,"texture":"#0","tintindex":0},"west":{"uv":[0.875,5.5625,0.6875,6.5625],"rotation":90,"texture":"#0","tintindex":0},"up":{"uv":[6.9375,10.3125,7.3125,10.625],"rotation":90,"texture":"#0","tintindex":0},"down":{"uv":[7.3125,10.3125,6.9375,10.625],"rotation":90,"texture":"#0","tintindex":0}}},{"from":[7.714286,8.473415,2.3518853],"to":[8.285714,8.473415,14.351886],"rotation":{"angle":45.0,"axis":"z","origin":[8.0,8.473415,8.351886]},"faces":{"east":{"uv":[0.625,6.5625,0.4375,5.5625],"rotation":90,"texture":"#0","tintindex":0},"south":{"uv":[8.1875,3.6875,8.375,3.8125],"rotation":90,"texture":"#0","tintindex":0},"north":{"uv":[1.9375,5.3125,2.125,5.4375],"rotation":270,"texture":"#0","tintindex":0},"west":{"uv":[0.875,5.5625,0.6875,6.5625],"rotation":90,"texture":"#0","tintindex":0},"up":{"uv":[7.0,9.875,8.3125,9.9375],"rotation":90,"texture":"#0","tintindex":0},"down":{"uv":[8.3125,9.875,7.0,9.9375],"rotation":90,"texture":"#0","tintindex":0}}},{"from":[7.142857,7.273415,6.0661716],"to":[8.857143,8.416272,15.209028],"rotation":{"angle":0.0,"axis":"y","origin":[8.171429,4.9877005,14.923315]},"faces":{"east":{"uv":[6.6875,7.0625,7.6875,7.1875],"rotation":0,"texture":"#0","tintindex":0},"south":{"uv":[8.1875,3.6875,8.375,3.8125],"rotation":0,"texture":"#0","tintindex":0},"north":{"uv":[1.9375,5.3125,2.125,5.4375],"rotation":0,"texture":"#0","tintindex":0},"west":{"uv":[7.125,3.3125,8.125,3.4375],"rotation":0,"texture":"#0","tintindex":0},"up":{"uv":[0.625,6.5625,0.4375,5.5625],"rotation":0,"texture":"#0","tintindex":0},"down":{"uv":[0.875,5.5625,0.6875,6.5625],"rotation":0,"texture":"#0","tintindex":0}}},{"from":[7.1371427,9.192289,14.593162],"to":[8.862857,10.346576,16.318876],"rotation":{"angle":-22.5,"axis":"x","origin":[8.0,9.769433,19.741734]},"faces":{"east":{"uv":[8.3125,5.5625,8.5,5.6875],"rotation":0,"texture":"#0","tintindex":0},"south":{"uv":[8.5,8.0625,8.6875,8.1875],"rotation":0,"texture":"#0","tintindex":0},"north":{"uv":[8.3125,4.875,8.5,5.0],"rotation":0,"texture":"#0","tintindex":0},"west":{"uv":[9.375,5.6875,9.5625,5.8125],"rotation":0,"texture":"#0","tintindex":0},"up":{"uv":[0.4375,8.625,0.25,8.4375],"rotation":0,"texture":"#0","tintindex":0},"down":{"uv":[9.3125,7.0625,9.125,7.25],"rotation":0,"texture":"#0","tintindex":0}}},{"from":[6.1530094,6.987701,10.294744],"to":[9.010153,8.701986,13.151886],"rotation":{"angle":-45.0,"axis":"y","origin":[9.010153,8.130558,11.723314]},"faces":{"east":{"uv":[8.4375,0.875,8.75,1.0625],"rotation":0,"texture":"#0","tintindex":0},"south":{"uv":[8.5625,4.4375,8.875,4.625],"rotation":0,"texture":"#0","tintindex":0},"north":{"uv":[6.0625,3.4375,6.375,3.625],"rotation":0,"texture":"#0","tintindex":0},"west":{"uv":[8.5625,4.6875,8.875,4.875],"rotation":0,"texture":"#0","tintindex":0},"up":{"uv":[3.9375,8.0,3.625,7.6875],"rotation":0,"texture":"#0","tintindex":0},"down":{"uv":[5.75,7.6875,5.4375,8.0],"rotation":0,"texture":"#0","tintindex":0}}},{"from":[6.857143,6.987701,4.580457],"to":[9.142858,9.273416,6.866172],"rotation":{"angle":0.0,"axis":"y","origin":[8.457143,4.9877005,14.923315]},"faces":{"east":{"uv":[8.375,0.25,8.625,0.5],"rotation":0,"texture":"#0","tintindex":0},"south":{"uv":[0.6875,8.375,0.9375,8.625],"rotation":0,"texture":"#0","tintindex":0},"north":{"uv":[5.0,8.3125,5.25,8.5625],"rotation":0,"texture":"#0","tintindex":0},"west":{"uv":[1.0,8.375,1.25,8.625],"rotation":0,"texture":"#0","tintindex":0},"up":{"uv":[2.8125,8.625,2.5625,8.375],"rotation":0,"texture":"#0","tintindex":0},"down":{"uv":[3.125,8.375,2.875,8.625],"rotation":0,"texture":"#0","tintindex":0}}},{"from":[8.0,4.130558,7.609029],"to":[8.0,8.130558,10.466171],"rotation":{"angle":-22.5,"axis":"x","origin":[8.0,6.130558,9.0376005]},"faces":{"east":{"uv":[7.1875,6.5625,6.875,7.0],"rotation":0,"texture":"#0","tintindex":0},"south":{"uv":[7.0625,7.875,7.0625,8.3125],"rotation":0,"texture":"#0","tintindex":0},"north":{"uv":[6.4375,4.0625,6.4375,4.5],"rotation":0,"texture":"#0","tintindex":0},"west":{"uv":[6.875,6.5625,7.1875,7.0],"rotation":0,"texture":"#0","tintindex":0},"up":{"uv":[3.5625,2.75,3.5625,2.4375],"rotation":0,"texture":"#0","tintindex":0},"down":{"uv":[2.625,6.3125,2.625,6.625],"rotation":0,"texture":"#0","tintindex":0}}},{"from":[-0.18195915,7.5648437,6.956599],"to":[6.092327,8.696273,8.659456],"rotation":{"angle":45.0,"axis":"y","origin":[2.955184,8.130558,7.808028]},"faces":{"east":{"uv":[9.4375,0.0,9.625,0.125],"rotation":0,"texture":"#0","tintindex":0},"south":{"uv":[7.8125,5.9375,8.5,6.0625],"rotation":0,"texture":"#0","tintindex":0},"north":{"uv":[7.8125,5.75,8.5,5.875],"rotation":0,"texture":"#0","tintindex":0},"west":{"uv":[9.4375,1.0625,9.625,1.1875],"rotation":0,"texture":"#0","tintindex":0},"up":{"uv":[7.375,1.6875,6.6875,1.5],"rotation":0,"texture":"#0","tintindex":0},"down":{"uv":[7.625,4.875,6.9375,5.0625],"rotation":0,"texture":"#0","tintindex":0}}},{"from":[8.759101,8.187701,-1.6205435],"to":[14.473387,8.187701,8.665171],"rotation":{"angle":-22.5,"axis":"y","origin":[13.044816,8.75913,7.808028]},"faces":{"east":{"uv":[9.6875,1.0625,10.8125,1.0625],"rotation":0,"texture":"#0","tintindex":0},"south":{"uv":[9.6875,1.125,10.3125,1.125],"rotation":0,"texture":"#0","tintindex":0},"north":{"uv":[9.6875,0.375,10.3125,0.375],"rotation":0,"texture":"#0","tintindex":0},"west":{"uv":[9.6875,1.1875,10.8125,1.1875],"rotation":0,"texture":"#0","tintindex":0},"up":{"uv":[0.625,2.3125,0.0,1.1875],"rotation":0,"texture":"#0","tintindex":0},"down":{"uv":[0.625,1.1875,0.0,2.3125],"rotation":0,"texture":"#0","tintindex":0}}},{"from":[9.901958,8.473415,6.9508853],"to":[16.187674,8.473415,14.950886],"rotation":{"angle":-45.0,"axis":"y","origin":[13.044816,8.473415,7.808028]},"faces":{"east":{"uv":[9.6875,1.5625,10.5625,1.5625],"rotation":0,"texture":"#0","tintindex":0},"south":{"uv":[9.6875,1.75,10.375,1.75],"rotation":0,"texture":"#0","tintindex":0},"north":{"uv":[9.6875,1.5,10.375,1.5],"rotation":0,"texture":"#0","tintindex":0},"west":{"uv":[9.6875,1.8125,10.5625,1.8125],"rotation":0,"texture":"#0","tintindex":0},"up":{"uv":[2.0625,2.75,1.375,1.875],"rotation":0,"texture":"#0","tintindex":0},"down":{"uv":[2.0625,1.875,1.375,2.75],"rotation":0,"texture":"#0","tintindex":0}}},{"from":[9.907673,7.5648437,6.956599],"to":[16.18196,8.696273,8.659456],"rotation":{"angle":-45.0,"axis":"y","origin":[13.044816,8.130558,7.808028]},"faces":{"east":{"uv":[9.4375,1.25,9.625,1.375],"rotation":0,"texture":"#0","tintindex":0},"south":{"uv":[7.8125,6.6875,8.5,6.8125],"rotation":0,"texture":"#0","tintindex":0},"north":{"uv":[7.8125,6.5,8.5,6.625],"rotation":0,"texture":"#0","tintindex":0},"west":{"uv":[9.4375,1.4375,9.625,1.5625],"rotation":0,"texture":"#0","tintindex":0},"up":{"uv":[7.75,1.0625,7.0625,0.875],"rotation":0,"texture":"#0","tintindex":0},"down":{"uv":[1.75,7.0625,1.0625,7.25],"rotation":0,"texture":"#0","tintindex":0}}},{"from":[14.71203,7.844844,9.295475],"to":[16.997746,8.416272,11.009761],"rotation":{"angle":-22.5,"axis":"y","origin":[16.026318,8.130558,10.266904]},"faces":{"east":{"uv":[8.75,1.5,8.9375,1.5625],"rotation":0,"texture":"#0","tintindex":0},"south":{"uv":[7.0625,1.375,7.3125,1.4375],"rotation":0,"texture":"#0","tintindex":0},"north":{"uv":[3.8125,6.0625,4.0625,6.125],"rotation":0,"texture":"#0","tintindex":0},"west":{"uv":[3.4375,9.625,3.625,9.6875],"rotation":0,"texture":"#0","tintindex":0},"up":{"uv":[3.4375,9.0625,3.1875,8.875],"rotation":0,"texture":"#0","tintindex":0},"down":{"uv":[4.1875,8.875,3.9375,9.0625],"rotation":0,"texture":"#0","tintindex":0}}},{"from":[16.140244,8.073415,7.524286],"to":[20.140244,8.073415,11.524286],"rotation":{"angle":22.5,"axis":"y","origin":[15.911673,8.130558,10.095715]},"faces":{"east":{"uv":[7.3125,6.5,7.75,6.5],"rotation":0,"texture":"#0","tintindex":0},"south":{"uv":[4.8125,7.625,5.25,7.625],"rotation":0,"texture":"#0","tintindex":0},"north":{"uv":[5.375,3.6875,5.8125,3.6875],"rotation":0,"texture":"#0","tintindex":0},"west":{"uv":[7.8125,4.75,8.25,4.75],"rotation":0,"texture":"#0","tintindex":0},"up":{"uv":[2.375,5.9375,1.9375,5.5],"rotation":0,"texture":"#0","tintindex":0},"down":{"uv":[2.375,5.5,1.9375,5.9375],"rotation":0,"texture":"#0","tintindex":0}}},{"from":[-0.18767357,8.473415,6.9508853],"to":[6.0980415,8.473415,14.950886],"rotation":{"angle":45.0,"axis":"y","origin":[2.955184,8.473415,7.808028]},"faces":{"east":{"uv":[10.5625,1.8125,9.6875,1.8125],"rotation":0,"texture":"#0","tintindex":0},"south":{"uv":[10.375,1.75,9.6875,1.75],"rotation":0,"texture":"#0","tintindex":0},"north":{"uv":[10.375,1.5,9.6875,1.5],"rotation":0,"texture":"#0","tintindex":0},"west":{"uv":[10.5625,1.5625,9.6875,1.5625],"rotation":0,"texture":"#0","tintindex":0},"up":{"uv":[1.375,2.75,2.0625,1.875],"rotation":0,"texture":"#0","tintindex":0},"down":{"uv":[1.375,1.875,2.0625,2.75],"rotation":0,"texture":"#0","tintindex":0}}},{"from":[-4.1402445,8.073415,7.524286],"to":[-0.14024353,8.073415,11.524286],"rotation":{"angle":-22.5,"axis":"y","origin":[0.088327885,8.130558,10.095715]},"faces":{"east":{"uv":[8.25,4.75,7.8125,4.75],"rotation":0,"texture":"#0","tintindex":0},"south":{"uv":[5.25,7.625,4.8125,7.625],"rotation":0,"texture":"#0","tintindex":0},"north":{"uv":[5.8125,3.6875,5.375,3.6875],"rotation":0,"texture":"#0","tintindex":0},"west":{"uv":[7.75,6.5,7.3125,6.5],"rotation":0,"texture":"#0","tintindex":0},"up":{"uv":[1.9375,5.9375,2.375,5.5],"rotation":0,"texture":"#0","tintindex":0},"down":{"uv":[1.9375,5.5,2.375,5.9375],"rotation":0,"texture":"#0","tintindex":0}}},{"from":[1.5266128,8.187701,-1.6205435],"to":[7.2408986,8.187701,8.665171],"rotation":{"angle":22.5,"axis":"y","origin":[2.955184,8.75913,7.808028]},"faces":{"east":{"uv":[10.8125,1.1875,9.6875,1.1875],"rotation":0,"texture":"#0","tintindex":0},"south":{"uv":[10.3125,1.125,9.6875,1.125],"rotation":0,"texture":"#0","tintindex":0},"north":{"uv":[10.3125,0.375,9.6875,0.375],"rotation":0,"texture":"#0","tintindex":0},"west":{"uv":[10.8125,1.0625,9.6875,1.0625],"rotation":0,"texture":"#0","tintindex":0},"up":{"uv":[0.0,2.3125,0.625,1.1875],"rotation":0,"texture":"#0","tintindex":0},"down":{"uv":[0.0,1.1875,0.625,2.3125],"rotation":0,"texture":"#0","tintindex":0}}},{"from":[-0.99774456,7.844844,9.295475],"to":[1.2879696,8.416272,11.009761],"rotation":{"angle":22.5,"axis":"y","origin":[-0.026316643,8.130558,10.266904]},"faces":{"east":{"uv":[3.6875,9.625,3.875,9.6875],"rotation":0,"texture":"#0","tintindex":0},"south":{"uv":[9.5625,3.625,9.8125,3.6875],"rotation":0,"texture":"#0","tintindex":0},"north":{"uv":[8.125,7.125,8.375,7.1875],"rotation":0,"texture":"#0","tintindex":0},"west":{"uv":[4.625,9.625,4.8125,9.6875],"rotation":0,"texture":"#0","tintindex":0},"up":{"uv":[0.5,9.125,0.25,8.9375],"rotation":0,"texture":"#0","tintindex":0},"down":{"uv":[0.8125,8.9375,0.5625,9.125],"rotation":0,"texture":"#0","tintindex":0}}},{"from":[4.5714283,7.5591297,4.979601],"to":[7.428571,8.701986,6.6938868],"rotation":{"angle":0.0,"axis":"y","origin":[2.8571424,8.130558,7.5510297]},"faces":{"east":{"uv":[9.4375,1.75,9.625,1.875],"rotation":0,"texture":"#0","tintindex":0},"south":{"uv":[8.9375,6.875,9.25,7.0],"rotation":0,"texture":"#0","tintindex":0},"north":{"uv":[7.4375,3.875,7.75,4.0],"rotation":0,"texture":"#0","tintindex":0},"west":{"uv":[9.4375,1.9375,9.625,2.0625],"rotation":0,"texture":"#0","tintindex":0},"up":{"uv":[8.875,5.75,8.5625,5.5625],"rotation":0,"texture":"#0","tintindex":0},"down":{"uv":[8.875,5.8125,8.5625,6.0],"rotation":0,"texture":"#0","tintindex":0}}},{"from":[8.571428,7.5591297,4.979601],"to":[11.428572,8.701986,6.6938868],"rotation":{"angle":0.0,"axis":"y","origin":[13.142858,8.130558,7.5510297]},"faces":{"east":{"uv":[9.4375,2.875,9.625,3.0],"rotation":0,"texture":"#0","tintindex":0},"south":{"uv":[4.5,9.125,4.8125,9.25],"rotation":0,"texture":"#0","tintindex":0},"north":{"uv":[9.0,3.8125,9.3125,3.9375],"rotation":0,"texture":"#0","tintindex":0},"west":{"uv":[3.0,9.4375,3.1875,9.5625],"rotation":0,"texture":"#0","tintindex":0},"up":{"uv":[8.875,6.25,8.5625,6.0625],"rotation":0,"texture":"#0","tintindex":0},"down":{"uv":[8.875,6.3125,8.5625,6.5],"rotation":0,"texture":"#0","tintindex":0}}}],"display":{"head":{"translation":[0.0,-6.4,0.0],"scale":[4.0,4.0,4.0]}}}