{"textures":{"0":"modelengine:entity/nocsy_sewer_boss"},"elements":[{"from":[7.067456,8.181522,7.2844324],"to":[9.35317,13.895808,7.341575],"rotation":{"angle":-45.0,"axis":"y","origin":[8.781741,10.4672365,7.913004]},"faces":{"east":{"uv":[0.3125,5.75,0.375,6.375],"rotation":0,"texture":"#0","tintindex":0},"south":{"uv":[0.0,6.5,0.25,7.125],"rotation":0,"texture":"#0","tintindex":0},"north":{"uv":[0.9375,6.375,1.1875,7.0],"rotation":0,"texture":"#0","tintindex":0},"west":{"uv":[3.3125,9.125,3.375,9.75],"rotation":0,"texture":"#0","tintindex":0},"up":{"uv":[9.8125,6.375,9.5625,6.3125],"rotation":0,"texture":"#0","tintindex":0},"down":{"uv":[9.8125,9.0,9.5625,9.0625],"rotation":0,"texture":"#0","tintindex":0}}},{"from":[6.2917843,8.181522,8.569033],"to":[9.720356,13.895808,8.626176],"rotation":{"angle":22.5,"axis":"y","origin":[8.00607,11.610094,8.569033]},"faces":{"east":{"uv":[4.0,9.125,4.0625,9.75],"rotation":0,"texture":"#0","tintindex":0},"south":{"uv":[4.625,5.1875,5.0,5.8125],"rotation":0,"texture":"#0","tintindex":0},"north":{"uv":[3.5625,5.0625,3.9375,5.6875],"rotation":0,"texture":"#0","tintindex":0},"west":{"uv":[4.125,9.125,4.1875,9.75],"rotation":0,"texture":"#0","tintindex":0},"up":{"uv":[7.4375,2.0625,7.0625,2.0],"rotation":0,"texture":"#0","tintindex":0},"down":{"uv":[8.5,6.375,8.125,6.4375],"rotation":0,"texture":"#0","tintindex":0}}}],"display":{"head":{"translation":[0.0,-6.4,0.0],"scale":[4.0,4.0,4.0]}}}