{"textures":{"0":"modelengine:entity/nocsy_sewer_boss"},"elements":[{"from":[7.428571,6.5714283,6.0],"to":[10.857143,9.428572,9.428572],"rotation":{"angle":0.0,"axis":"y","origin":[9.142858,8.0,8.0]},"faces":{"east":{"uv":[7.4375,2.5,7.8125,2.8125],"rotation":0,"texture":"#0","tintindex":0},"south":{"uv":[7.4375,2.875,7.8125,3.1875],"rotation":0,"texture":"#0","tintindex":0},"north":{"uv":[7.4375,1.375,7.8125,1.6875],"rotation":0,"texture":"#0","tintindex":0},"west":{"uv":[7.4375,3.5,7.8125,3.8125],"rotation":0,"texture":"#0","tintindex":0},"up":{"uv":[5.625,7.25,5.25,6.875],"rotation":0,"texture":"#0","tintindex":0},"down":{"uv":[7.25,6.125,6.875,6.5],"rotation":0,"texture":"#0","tintindex":0}}},{"from":[10.045548,5.5820723,7.9661164],"to":[11.188406,7.8677864,10.251831],"rotation":{"angle":45.0,"axis":"x","origin":[9.142858,8.0,7.714286]},"faces":{"east":{"uv":[8.5,7.4375,8.75,7.6875],"rotation":0,"texture":"#0","tintindex":0},"south":{"uv":[9.375,8.8125,9.5,9.0625],"rotation":0,"texture":"#0","tintindex":0},"north":{"uv":[8.125,9.375,8.25,9.625],"rotation":0,"texture":"#0","tintindex":0},"west":{"uv":[8.5,7.75,8.75,8.0],"rotation":0,"texture":"#0","tintindex":0},"up":{"uv":[0.125,9.6875,0.0,9.4375],"rotation":0,"texture":"#0","tintindex":0},"down":{"uv":[9.5625,0.4375,9.4375,0.6875],"rotation":0,"texture":"#0","tintindex":0}}},{"from":[8.0,2.5714283,6.0],"to":[10.857143,6.5714283,9.428572],"rotation":{"angle":0.0,"axis":"y","origin":[9.142858,8.0,8.0]},"faces":{"east":{"uv":[3.8125,6.1875,4.1875,6.625],"rotation":0,"texture":"#0","tintindex":0},"south":{"uv":[0.6875,7.0625,1.0,7.5],"rotation":0,"texture":"#0","tintindex":0},"north":{"uv":[7.0625,0.375,7.375,0.8125],"rotation":0,"texture":"#0","tintindex":0},"west":{"uv":[4.25,6.1875,4.625,6.625],"rotation":0,"texture":"#0","tintindex":0},"up":{"uv":[7.75,4.75,7.4375,4.375],"rotation":0,"texture":"#0","tintindex":0},"down":{"uv":[7.8125,2.0,7.5,2.375],"rotation":0,"texture":"#0","tintindex":0}}}],"display":{"head":{"translation":[0.0,-6.4,0.0],"scale":[4.0,4.0,4.0]}}}