{"textures":{"0":"modelengine:entity/thorn_spitter"},"elements":[{"from":[4.0,12.509615,-0.99682236],"to":[12.0,12.509615,4.146035],"rotation":{"angle":-22.5,"axis":"x","origin":[8.0,14.733828,9.7249775]},"faces":{"east":{"uv":[8.875,12.875,10.0,12.875],"rotation":0,"texture":"#0","tintindex":0},"south":{"uv":[12.875,11.625,14.625,11.625],"rotation":0,"texture":"#0","tintindex":0},"north":{"uv":[12.875,11.5,14.625,11.5],"rotation":0,"texture":"#0","tintindex":0},"west":{"uv":[12.875,11.75,14.0,11.75],"rotation":0,"texture":"#0","tintindex":0},"up":{"uv":[6.625,2.375,4.875,1.25],"rotation":0,"texture":"#0","tintindex":0},"down":{"uv":[6.625,2.5,4.875,3.625],"rotation":0,"texture":"#0","tintindex":0}}},{"from":[4.0,8.728035,9.644385],"to":[12.0,8.728035,14.787243],"rotation":{"angle":45.0,"axis":"x","origin":[8.0,14.733828,9.7249775]},"faces":{"east":{"uv":[12.75,9.875,13.875,9.875],"rotation":0,"texture":"#0","tintindex":0},"south":{"uv":[12.75,10.0,14.5,10.0],"rotation":0,"texture":"#0","tintindex":0},"north":{"uv":[12.75,4.25,14.5,4.25],"rotation":0,"texture":"#0","tintindex":0},"west":{"uv":[12.75,10.125,13.875,10.125],"rotation":0,"texture":"#0","tintindex":0},"up":{"uv":[5.0,4.875,3.25,3.75],"rotation":0,"texture":"#0","tintindex":0},"down":{"uv":[6.625,0.0,4.875,1.125],"rotation":0,"texture":"#0","tintindex":0}}}],"display":{"head":{"translation":[0.0,-6.4,0.0],"scale":[4.0,4.0,4.0]}}}