{"textures":{"0":"modelengine:entity/thorn_spitter"},"elements":[{"from":[7.8478966,9.1444435,4.0],"to":[14.70504,9.1444435,12.0],"rotation":{"angle":-45.0,"axis":"z","origin":[9.456725,15.535616,6.9241724]},"faces":{"east":{"uv":[12.75,10.375,14.5,10.375],"rotation":0,"texture":"#0","tintindex":0},"south":{"uv":[11.875,12.75,13.375,12.75],"rotation":0,"texture":"#0","tintindex":0},"north":{"uv":[12.75,10.25,14.25,10.25],"rotation":0,"texture":"#0","tintindex":0},"west":{"uv":[3.25,12.875,5.0,12.875],"rotation":0,"texture":"#0","tintindex":0},"up":{"uv":[1.5,1.75,0.0,0.0],"rotation":0,"texture":"#0","tintindex":0},"down":{"uv":[3.125,0.0,1.625,1.75],"rotation":0,"texture":"#0","tintindex":0}}},{"from":[-3.9202356,14.57583,4.0],"to":[2.9369078,14.57583,12.0],"rotation":{"angle":22.5,"axis":"z","origin":[9.456725,15.535616,6.9241724]},"faces":{"east":{"uv":[12.875,11.875,14.625,11.875],"rotation":0,"texture":"#0","tintindex":0},"south":{"uv":[12.875,12.0,14.375,12.0],"rotation":0,"texture":"#0","tintindex":0},"north":{"uv":[11.875,12.875,13.375,12.875],"rotation":0,"texture":"#0","tintindex":0},"west":{"uv":[12.875,12.125,14.625,12.125],"rotation":0,"texture":"#0","tintindex":0},"up":{"uv":[1.5,3.625,0.0,1.875],"rotation":0,"texture":"#0","tintindex":0},"down":{"uv":[3.125,1.875,1.625,3.625],"rotation":0,"texture":"#0","tintindex":0}}}],"display":{"head":{"translation":[0.0,-6.4,0.0],"scale":[4.0,4.0,4.0]}}}