{"textures":{"0":"modelengine:entity/nocsy_sewer_mosquito"},"elements":[{"from":[6.0,5.530916,8.498862],"to":[10.571428,10.1023445,13.64172],"rotation":{"angle":45.0,"axis":"z","origin":[8.0,7.530916,9.927433]},"faces":{"east":{"uv":[1.5,6.75,2.625,7.75],"rotation":0,"texture":"#0","tintindex":0},"south":{"uv":[3.25,8.0,4.25,9.0],"rotation":0,"texture":"#0","tintindex":0},"north":{"uv":[7.875,4.625,8.875,5.625],"rotation":0,"texture":"#0","tintindex":0},"west":{"uv":[2.75,6.75,3.875,7.75],"rotation":0,"texture":"#0","tintindex":0},"up":{"uv":[5.0,7.875,4.0,6.75],"rotation":0,"texture":"#0","tintindex":0},"down":{"uv":[6.125,6.75,5.125,7.875],"rotation":0,"texture":"#0","tintindex":0}}},{"from":[2.5105128,6.8208356,7.3560047],"to":[5.9390845,6.8208356,14.213148],"rotation":{"angle":22.5,"axis":"z","origin":[6.0777364,6.8208356,10.784576]},"faces":{"east":{"uv":[8.875,8.625,10.375,8.625],"rotation":0,"texture":"#0","tintindex":0},"south":{"uv":[8.875,8.75,9.625,8.75],"rotation":0,"texture":"#0","tintindex":0},"north":{"uv":[6.75,5.5,7.5,5.5],"rotation":0,"texture":"#0","tintindex":0},"west":{"uv":[8.875,8.875,10.375,8.875],"rotation":0,"texture":"#0","tintindex":0},"up":{"uv":[8.0,8.125,7.25,6.625],"rotation":0,"texture":"#0","tintindex":0},"down":{"uv":[8.25,3.0,7.5,4.5],"rotation":0,"texture":"#0","tintindex":0}}},{"from":[2.815649,0.9033346,7.3560047],"to":[2.815649,5.474764,14.213148],"rotation":{"angle":22.5,"axis":"z","origin":[2.8452878,5.380502,10.784576]},"faces":{"east":{"uv":[3.5,4.5,5.0,5.5],"rotation":0,"texture":"#0","tintindex":0},"south":{"uv":[6.0,8.875,6.0,9.875],"rotation":0,"texture":"#0","tintindex":0},"north":{"uv":[5.875,8.875,5.875,9.875],"rotation":0,"texture":"#0","tintindex":0},"west":{"uv":[5.125,4.5,6.625,5.5],"rotation":0,"texture":"#0","tintindex":0},"up":{"uv":[6.125,10.375,6.125,8.875],"rotation":0,"texture":"#0","tintindex":0},"down":{"uv":[7.125,8.875,7.125,10.375],"rotation":0,"texture":"#0","tintindex":0}}},{"from":[2.914999,-2.0977325,7.3560047],"to":[2.914999,1.902267,14.213148],"rotation":{"angle":-45.0,"axis":"z","origin":[2.914999,-0.38344765,10.784576]},"faces":{"east":{"uv":[6.25,5.625,7.75,6.5],"rotation":0,"texture":"#0","tintindex":0},"south":{"uv":[7.75,4.625,7.75,5.5],"rotation":0,"texture":"#0","tintindex":0},"north":{"uv":[7.625,4.625,7.625,5.5],"rotation":0,"texture":"#0","tintindex":0},"west":{"uv":[6.5,0.0,8.0,0.875],"rotation":0,"texture":"#0","tintindex":0},"up":{"uv":[7.25,10.375,7.25,8.875],"rotation":0,"texture":"#0","tintindex":0},"down":{"uv":[7.375,8.875,7.375,10.375],"rotation":0,"texture":"#0","tintindex":0}}},{"from":[13.085001,-2.0977325,7.3560047],"to":[13.085001,1.902267,14.213148],"rotation":{"angle":45.0,"axis":"z","origin":[13.085001,-0.38344765,10.784576]},"faces":{"east":{"uv":[6.5,1.0,8.0,1.875],"rotation":0,"texture":"#0","tintindex":0},"south":{"uv":[7.625,8.875,7.625,9.75],"rotation":0,"texture":"#0","tintindex":0},"north":{"uv":[7.5,8.875,7.5,9.75],"rotation":0,"texture":"#0","tintindex":0},"west":{"uv":[6.5,2.0,8.0,2.875],"rotation":0,"texture":"#0","tintindex":0},"up":{"uv":[7.75,10.375,7.75,8.875],"rotation":0,"texture":"#0","tintindex":0},"down":{"uv":[6.25,9.0,6.25,10.5],"rotation":0,"texture":"#0","tintindex":0}}},{"from":[13.184351,0.9033346,7.3560047],"to":[13.184351,5.474764,14.213148],"rotation":{"angle":-22.5,"axis":"z","origin":[13.154713,5.380502,10.784576]},"faces":{"east":{"uv":[0.0,5.625,1.5,6.625],"rotation":0,"texture":"#0","tintindex":0},"south":{"uv":[6.375,9.0,6.375,10.0],"rotation":0,"texture":"#0","tintindex":0},"north":{"uv":[9.0,4.625,9.0,5.625],"rotation":0,"texture":"#0","tintindex":0},"west":{"uv":[1.625,5.625,3.125,6.625],"rotation":0,"texture":"#0","tintindex":0},"up":{"uv":[9.0,7.875,9.0,6.375],"rotation":0,"texture":"#0","tintindex":0},"down":{"uv":[6.5,9.0,6.5,10.5],"rotation":0,"texture":"#0","tintindex":0}}},{"from":[10.060915,6.8208356,7.3560047],"to":[13.489487,6.8208356,14.213148],"rotation":{"angle":-22.5,"axis":"z","origin":[9.922263,6.8208356,10.784576]},"faces":{"east":{"uv":[9.0,1.875,10.5,1.875],"rotation":0,"texture":"#0","tintindex":0},"south":{"uv":[9.0,2.0,9.75,2.0],"rotation":0,"texture":"#0","tintindex":0},"north":{"uv":[9.0,1.75,9.75,1.75],"rotation":0,"texture":"#0","tintindex":0},"west":{"uv":[9.0,2.125,10.5,2.125],"rotation":0,"texture":"#0","tintindex":0},"up":{"uv":[2.25,9.375,1.5,7.875],"rotation":0,"texture":"#0","tintindex":0},"down":{"uv":[3.125,7.875,2.375,9.375],"rotation":0,"texture":"#0","tintindex":0}}},{"from":[6.0,6.1023445,13.64172],"to":[10.0,10.673774,19.927433],"rotation":{"angle":45.0,"axis":"x","origin":[8.0,7.530916,9.927433]},"faces":{"east":{"uv":[3.25,5.625,4.625,6.625],"rotation":0,"texture":"#0","tintindex":0},"south":{"uv":[8.125,0.625,9.0,1.625],"rotation":0,"texture":"#0","tintindex":0},"north":{"uv":[4.375,8.0,5.25,9.0],"rotation":0,"texture":"#0","tintindex":0},"west":{"uv":[4.75,5.625,6.125,6.625],"rotation":0,"texture":"#0","tintindex":0},"up":{"uv":[7.375,4.375,6.5,3.0],"rotation":0,"texture":"#0","tintindex":0},"down":{"uv":[7.125,6.625,6.25,8.0],"rotation":0,"texture":"#0","tintindex":0}}},{"from":[6.5714283,4.9738455,7.1252584],"to":[9.428572,7.2595596,15.696688],"rotation":{"angle":22.5,"axis":"x","origin":[7.714286,6.1167026,12.55383]},"faces":{"east":{"uv":[7.875,5.75,9.75,6.25],"rotation":0,"texture":"#0","tintindex":0},"south":{"uv":[7.125,8.25,7.75,8.75],"rotation":0,"texture":"#0","tintindex":0},"north":{"uv":[8.125,8.125,8.75,8.625],"rotation":0,"texture":"#0","tintindex":0},"west":{"uv":[8.125,0.0,10.0,0.5],"rotation":0,"texture":"#0","tintindex":0},"up":{"uv":[0.625,8.625,0.0,6.75],"rotation":0,"texture":"#0","tintindex":0},"down":{"uv":[1.375,6.75,0.75,8.625],"rotation":0,"texture":"#0","tintindex":0}}}],"display":{"head":{"translation":[0.0,-6.4,0.0],"scale":[4.0,4.0,4.0]}}}