{"textures":{"0":"modelengine:entity/awakened_shrub"},"elements":[{"from":[4.8571424,7.512112,4.965337],"to":[11.142858,12.083542,11.251051],"rotation":{"angle":0.0,"axis":"y","origin":[8.0,8.654969,8.108194]},"faces":{"east":{"uv":[3.0,2.25,5.75,4.25],"rotation":0,"texture":"#0","tintindex":0},"south":{"uv":[3.0,4.5,5.75,6.5],"rotation":0,"texture":"#0","tintindex":0},"north":{"uv":[3.0,0.0,5.75,2.0],"rotation":0,"texture":"#0","tintindex":0},"west":{"uv":[0.0,6.0,2.75,8.0],"rotation":0,"texture":"#0","tintindex":0},"up":{"uv":[2.75,2.75,0.0,0.0],"rotation":0,"texture":"#0","tintindex":0},"down":{"uv":[2.75,3.0,0.0,5.75],"rotation":0,"texture":"#0","tintindex":0}}},{"from":[5.428571,8.083541,5.536765],"to":[10.571428,11.512113,10.679623],"rotation":{"angle":0.0,"axis":"y","origin":[8.0,8.654969,8.108194]},"faces":{"east":{"uv":[8.0,7.0,10.25,8.5],"rotation":0,"texture":"#0","tintindex":0},"south":{"uv":[0.0,8.25,2.25,9.75],"rotation":0,"texture":"#0","tintindex":0},"north":{"uv":[5.5,7.0,7.75,8.5],"rotation":0,"texture":"#0","tintindex":0},"west":{"uv":[8.5,0.0,10.75,1.5],"rotation":0,"texture":"#0","tintindex":0},"up":{"uv":[8.25,2.25,6.0,0.0],"rotation":0,"texture":"#0","tintindex":0},"down":{"uv":[8.25,2.25,6.0,0.0],"rotation":0,"texture":"#0","tintindex":0}}},{"from":[2.8224797,7.512112,9.571428],"to":[5.108194,12.083542,9.571428],"rotation":{"angle":45.0,"axis":"y","origin":[4.251051,9.797827,9.571428]},"faces":{"east":{"uv":[9.75,11.75,9.75,13.75],"rotation":0,"texture":"#0","tintindex":0},"south":{"uv":[7.5,8.75,6.5,10.75],"rotation":0,"texture":"#0","tintindex":0},"north":{"uv":[6.5,8.75,7.5,10.75],"rotation":0,"texture":"#0","tintindex":0},"west":{"uv":[10.0,11.75,10.0,13.75],"rotation":0,"texture":"#0","tintindex":0},"up":{"uv":[9.5,6.75,8.5,6.75],"rotation":0,"texture":"#0","tintindex":0},"down":{"uv":[2.25,10.0,1.25,10.0],"rotation":0,"texture":"#0","tintindex":0}}},{"from":[10.891806,7.512112,9.571428],"to":[13.177521,12.083542,9.571428],"rotation":{"angle":-45.0,"axis":"y","origin":[11.748949,9.797827,9.571428]},"faces":{"east":{"uv":[10.0,11.75,10.0,13.75],"rotation":0,"texture":"#0","tintindex":0},"south":{"uv":[6.5,8.75,7.5,10.75],"rotation":0,"texture":"#0","tintindex":0},"north":{"uv":[7.5,8.75,6.5,10.75],"rotation":0,"texture":"#0","tintindex":0},"west":{"uv":[9.75,11.75,9.75,13.75],"rotation":0,"texture":"#0","tintindex":0},"up":{"uv":[8.5,6.75,9.5,6.75],"rotation":0,"texture":"#0","tintindex":0},"down":{"uv":[1.25,10.0,2.25,10.0],"rotation":0,"texture":"#0","tintindex":0}}},{"from":[4.8571424,11.833061,9.571428],"to":[11.142858,14.118776,9.571428],"rotation":{"angle":45.0,"axis":"x","origin":[8.0,12.690205,9.571428]},"faces":{"east":{"uv":[0.75,12.25,0.75,13.25],"rotation":0,"texture":"#0","tintindex":0},"south":{"uv":[11.25,1.75,8.5,2.75],"rotation":0,"texture":"#0","tintindex":0},"north":{"uv":[8.5,1.75,11.25,2.75],"rotation":0,"texture":"#0","tintindex":0},"west":{"uv":[1.0,12.25,1.0,13.25],"rotation":0,"texture":"#0","tintindex":0},"up":{"uv":[13.25,8.25,10.5,8.25],"rotation":0,"texture":"#0","tintindex":0},"down":{"uv":[13.25,8.5,10.5,8.5],"rotation":0,"texture":"#0","tintindex":0}}},{"from":[2.8224797,7.512112,6.714286],"to":[5.108194,12.083542,6.714286],"rotation":{"angle":45.0,"axis":"y","origin":[4.251051,9.797827,6.714286]},"faces":{"east":{"uv":[9.75,11.75,9.75,13.75],"rotation":0,"texture":"#0","tintindex":0},"south":{"uv":[7.5,8.75,6.5,10.75],"rotation":0,"texture":"#0","tintindex":0},"north":{"uv":[6.5,8.75,7.5,10.75],"rotation":0,"texture":"#0","tintindex":0},"west":{"uv":[10.0,11.75,10.0,13.75],"rotation":0,"texture":"#0","tintindex":0},"up":{"uv":[9.5,6.75,8.5,6.75],"rotation":0,"texture":"#0","tintindex":0},"down":{"uv":[2.25,10.0,1.25,10.0],"rotation":0,"texture":"#0","tintindex":0}}},{"from":[10.891806,7.512112,6.714286],"to":[13.177521,12.083542,6.714286],"rotation":{"angle":-45.0,"axis":"y","origin":[11.748949,9.797827,6.714286]},"faces":{"east":{"uv":[10.0,11.75,10.0,13.75],"rotation":0,"texture":"#0","tintindex":0},"south":{"uv":[6.5,8.75,7.5,10.75],"rotation":0,"texture":"#0","tintindex":0},"north":{"uv":[7.5,8.75,6.5,10.75],"rotation":0,"texture":"#0","tintindex":0},"west":{"uv":[9.75,11.75,9.75,13.75],"rotation":0,"texture":"#0","tintindex":0},"up":{"uv":[8.5,6.75,9.5,6.75],"rotation":0,"texture":"#0","tintindex":0},"down":{"uv":[1.25,10.0,2.25,10.0],"rotation":0,"texture":"#0","tintindex":0}}},{"from":[4.8571424,11.833061,6.714286],"to":[11.142858,14.118776,6.714286],"rotation":{"angle":45.0,"axis":"x","origin":[8.0,12.690205,6.714286]},"faces":{"east":{"uv":[0.75,12.25,0.75,13.25],"rotation":0,"texture":"#0","tintindex":0},"south":{"uv":[11.25,1.75,8.5,2.75],"rotation":0,"texture":"#0","tintindex":0},"north":{"uv":[8.5,1.75,11.25,2.75],"rotation":0,"texture":"#0","tintindex":0},"west":{"uv":[1.0,12.25,1.0,13.25],"rotation":0,"texture":"#0","tintindex":0},"up":{"uv":[13.25,8.25,10.5,8.25],"rotation":0,"texture":"#0","tintindex":0},"down":{"uv":[13.25,8.5,10.5,8.5],"rotation":0,"texture":"#0","tintindex":0}}}],"display":{"head":{"translation":[0.0,-6.4,0.0],"scale":[4.0,4.0,4.0]}}}