{"textures":{"0":"modelengine:entity/awakened_shrub"},"elements":[{"from":[5.428571,7.367857,6.0245104],"to":[10.571428,9.653571,10.02451],"rotation":{"angle":0.0,"axis":"y","origin":[8.0,10.782143,8.02451]},"faces":{"east":{"uv":[5.0,10.25,3.25,11.25],"rotation":0,"texture":"#0","tintindex":0},"south":{"uv":[8.5,4.25,10.75,5.25],"rotation":0,"texture":"#0","tintindex":0},"north":{"uv":[8.5,4.25,10.75,5.25],"rotation":0,"texture":"#0","tintindex":0},"west":{"uv":[3.25,10.25,5.0,11.25],"rotation":0,"texture":"#0","tintindex":0},"up":{"uv":[8.25,6.75,6.0,5.0],"rotation":0,"texture":"#0","tintindex":0},"down":{"uv":[8.25,5.0,6.0,6.75],"rotation":0,"texture":"#0","tintindex":0}}},{"from":[10.236693,7.925,8.546918],"to":[12.522408,10.210714,8.546918],"rotation":{"angle":-45.0,"axis":"y","origin":[11.379551,9.067857,8.546918]},"faces":{"east":{"uv":[4.75,12.5,4.75,13.5],"rotation":0,"texture":"#0","tintindex":0},"south":{"uv":[6.5,11.0,7.5,12.0],"rotation":0,"texture":"#0","tintindex":0},"north":{"uv":[7.5,11.0,6.5,12.0],"rotation":0,"texture":"#0","tintindex":0},"west":{"uv":[4.5,12.5,4.5,13.5],"rotation":0,"texture":"#0","tintindex":0},"up":{"uv":[12.25,10.25,13.25,10.25],"rotation":0,"texture":"#0","tintindex":0},"down":{"uv":[12.25,10.5,13.25,10.5],"rotation":0,"texture":"#0","tintindex":0}}},{"from":[3.477592,7.925,8.546918],"to":[5.7633066,10.210714,8.546918],"rotation":{"angle":45.0,"axis":"y","origin":[4.620449,9.067857,8.546918]},"faces":{"east":{"uv":[4.5,12.5,4.5,13.5],"rotation":0,"texture":"#0","tintindex":0},"south":{"uv":[7.5,11.0,6.5,12.0],"rotation":0,"texture":"#0","tintindex":0},"north":{"uv":[6.5,11.0,7.5,12.0],"rotation":0,"texture":"#0","tintindex":0},"west":{"uv":[4.75,12.5,4.75,13.5],"rotation":0,"texture":"#0","tintindex":0},"up":{"uv":[13.25,10.25,12.25,10.25],"rotation":0,"texture":"#0","tintindex":0},"down":{"uv":[13.25,10.5,12.25,10.5],"rotation":0,"texture":"#0","tintindex":0}}},{"from":[6.0,7.925,6.5959387],"to":[10.0,9.639286,9.453082],"rotation":{"angle":0.0,"axis":"y","origin":[8.0,10.782143,8.02451]},"faces":{"east":{"uv":[12.75,1.5,11.5,2.25],"rotation":0,"texture":"#0","tintindex":0},"south":{"uv":[10.25,8.75,12.0,9.5],"rotation":0,"texture":"#0","tintindex":0},"north":{"uv":[10.25,8.75,12.0,9.5],"rotation":0,"texture":"#0","tintindex":0},"west":{"uv":[11.5,1.5,12.75,2.25],"rotation":0,"texture":"#0","tintindex":0},"up":{"uv":[4.25,10.0,2.5,8.75],"rotation":0,"texture":"#0","tintindex":0},"down":{"uv":[4.25,8.75,2.5,10.0],"rotation":0,"texture":"#0","tintindex":0}}}],"display":{"head":{"translation":[0.0,-6.4,0.0],"scale":[4.0,4.0,4.0]}}}