{"textures":{"0":"modelengine:entity/nocsy_sewer_boss"},"elements":[{"from":[6.857143,6.857143,1.7142854],"to":[9.142858,9.142858,8.0],"rotation":{"angle":0.0,"axis":"y","origin":[8.285714,12.857143,7.714286]},"faces":{"east":{"uv":[5.6875,5.875,6.375,6.125],"rotation":0,"texture":"#0","tintindex":0},"south":{"uv":[8.5,4.125,8.75,4.375],"rotation":0,"texture":"#0","tintindex":0},"north":{"uv":[8.4375,8.25,8.6875,8.5],"rotation":0,"texture":"#0","tintindex":0},"west":{"uv":[5.9375,1.5,6.625,1.75],"rotation":0,"texture":"#0","tintindex":0},"up":{"uv":[0.25,6.4375,0.0,5.75],"rotation":0,"texture":"#0","tintindex":0},"down":{"uv":[6.25,0.6875,6.0,1.375],"rotation":0,"texture":"#0","tintindex":0}}},{"from":[6.5714283,6.0,0.0],"to":[9.428572,8.285714,2.8571424],"rotation":{"angle":0.0,"axis":"y","origin":[8.0,8.0,4.8571424]},"faces":{"east":{"uv":[8.0625,0.75,8.375,1.0],"rotation":0,"texture":"#0","tintindex":0},"south":{"uv":[3.625,8.0625,3.9375,8.3125],"rotation":0,"texture":"#0","tintindex":0},"north":{"uv":[6.5625,2.5625,6.875,2.8125],"rotation":0,"texture":"#0","tintindex":0},"west":{"uv":[8.0625,3.875,8.375,4.125],"rotation":0,"texture":"#0","tintindex":0},"up":{"uv":[2.625,8.0625,2.3125,7.75],"rotation":0,"texture":"#0","tintindex":0},"down":{"uv":[4.625,7.75,4.3125,8.0625],"rotation":0,"texture":"#0","tintindex":0}}},{"from":[6.2914286,5.8482428,-1.9454384],"to":[7.4228573,7.5511,0.9002757],"rotation":{"angle":22.5,"axis":"x","origin":[6.857143,6.6411066,0.42954636]},"faces":{"east":{"uv":[3.1875,8.625,3.5,8.8125],"rotation":0,"texture":"#0","tintindex":0},"south":{"uv":[0.875,9.5625,1.0,9.75],"rotation":0,"texture":"#0","tintindex":0},"north":{"uv":[6.875,8.4375,7.0,8.625],"rotation":0,"texture":"#0","tintindex":0},"west":{"uv":[0.25,8.6875,0.5625,8.875],"rotation":0,"texture":"#0","tintindex":0},"up":{"uv":[4.625,7.0,4.5,6.6875],"rotation":0,"texture":"#0","tintindex":0},"down":{"uv":[6.8125,6.125,6.6875,6.4375],"rotation":0,"texture":"#0","tintindex":0}}},{"from":[6.2799997,7.983907,0.5044303],"to":[8.005714,9.709621,3.373002],"rotation":{"angle":45.0,"axis":"x","origin":[6.857143,8.154826,2.0471582]},"faces":{"east":{"uv":[8.6875,0.25,9.0,0.4375],"rotation":0,"texture":"#0","tintindex":0},"south":{"uv":[9.3125,8.3125,9.5,8.5],"rotation":0,"texture":"#0","tintindex":0},"north":{"uv":[9.3125,8.0625,9.5,8.25],"rotation":0,"texture":"#0","tintindex":0},"west":{"uv":[0.625,8.6875,0.9375,8.875],"rotation":0,"texture":"#0","tintindex":0},"up":{"uv":[7.875,8.75,7.6875,8.4375],"rotation":0,"texture":"#0","tintindex":0},"down":{"uv":[4.4375,8.5625,4.25,8.875],"rotation":0,"texture":"#0","tintindex":0}}},{"from":[6.2914286,6.5610666,2.0170674],"to":[7.4228573,8.835353,3.719924],"rotation":{"angle":22.5,"axis":"x","origin":[6.857143,7.69821,2.5827813]},"faces":{"east":{"uv":[9.125,2.25,9.3125,2.5],"rotation":0,"texture":"#0","tintindex":0},"south":{"uv":[7.9375,9.375,8.0625,9.625],"rotation":0,"texture":"#0","tintindex":0},"north":{"uv":[7.75,9.375,7.875,9.625],"rotation":0,"texture":"#0","tintindex":0},"west":{"uv":[9.125,2.5625,9.3125,2.8125],"rotation":0,"texture":"#0","tintindex":0},"up":{"uv":[1.625,9.75,1.5,9.5625],"rotation":0,"texture":"#0","tintindex":0},"down":{"uv":[9.6875,2.3125,9.5625,2.5],"rotation":0,"texture":"#0","tintindex":0}}},{"from":[6.285714,6.8143706,-2.0755358],"to":[7.428571,9.671514,-0.36124992],"rotation":{"angle":0.0,"axis":"y","origin":[6.857143,6.6411066,0.42954636]},"faces":{"east":{"uv":[5.0,8.625,5.1875,8.9375],"rotation":0,"texture":"#0","tintindex":0},"south":{"uv":[9.125,8.0625,9.25,8.375],"rotation":0,"texture":"#0","tintindex":0},"north":{"uv":[4.0625,7.125,4.1875,7.4375],"rotation":0,"texture":"#0","tintindex":0},"west":{"uv":[1.0,8.6875,1.1875,9.0],"rotation":0,"texture":"#0","tintindex":0},"up":{"uv":[9.6875,2.75,9.5625,2.5625],"rotation":0,"texture":"#0","tintindex":0},"down":{"uv":[4.5625,9.5625,4.4375,9.75],"rotation":0,"texture":"#0","tintindex":0}}},{"from":[8.571428,6.9021153,-2.0922728],"to":[9.714286,9.759258,-0.37798595],"rotation":{"angle":22.5,"axis":"x","origin":[9.142858,6.526821,0.37240362]},"faces":{"east":{"uv":[1.5625,8.6875,1.75,9.0],"rotation":0,"texture":"#0","tintindex":0},"south":{"uv":[9.1875,4.0,9.3125,4.3125],"rotation":0,"texture":"#0","tintindex":0},"north":{"uv":[0.625,9.1875,0.75,9.5],"rotation":0,"texture":"#0","tintindex":0},"west":{"uv":[1.8125,8.6875,2.0,9.0],"rotation":0,"texture":"#0","tintindex":0},"up":{"uv":[5.125,9.75,5.0,9.5625],"rotation":0,"texture":"#0","tintindex":0},"down":{"uv":[9.6875,6.0625,9.5625,6.25],"rotation":0,"texture":"#0","tintindex":0}}},{"from":[9.142858,8.735203,-0.6235676],"to":[9.142858,10.449489,2.2335753],"rotation":{"angle":-22.5,"axis":"x","origin":[9.714286,10.392345,0.23357534]},"faces":{"east":{"uv":[2.4375,8.6875,2.75,8.875],"rotation":0,"texture":"#0","tintindex":0},"south":{"uv":[7.75,9.6875,7.75,9.875],"rotation":0,"texture":"#0","tintindex":0},"north":{"uv":[7.4375,9.6875,7.4375,9.875],"rotation":0,"texture":"#0","tintindex":0},"west":{"uv":[2.8125,8.6875,3.125,8.875],"rotation":0,"texture":"#0","tintindex":0},"up":{"uv":[7.8125,10.0,7.8125,9.6875],"rotation":0,"texture":"#0","tintindex":0},"down":{"uv":[7.875,9.6875,7.875,10.0],"rotation":0,"texture":"#0","tintindex":0}}},{"from":[8.0,9.306631,-0.90928173],"to":[8.0,11.020917,1.9478612],"rotation":{"angle":-45.0,"axis":"x","origin":[9.714286,10.392345,0.23357534]},"faces":{"east":{"uv":[3.5625,8.6875,3.875,8.875],"rotation":0,"texture":"#0","tintindex":0},"south":{"uv":[8.0,9.6875,8.0,9.875],"rotation":0,"texture":"#0","tintindex":0},"north":{"uv":[7.9375,9.6875,7.9375,9.875],"rotation":0,"texture":"#0","tintindex":0},"west":{"uv":[8.6875,4.9375,9.0,5.125],"rotation":0,"texture":"#0","tintindex":0},"up":{"uv":[8.0625,10.0,8.0625,9.6875],"rotation":0,"texture":"#0","tintindex":0},"down":{"uv":[8.125,9.6875,8.125,10.0],"rotation":0,"texture":"#0","tintindex":0}}},{"from":[6.5142856,9.535202,-2.0521383],"to":[6.5142856,11.249489,0.80500364],"rotation":{"angle":-45.0,"axis":"x","origin":[9.714286,10.392345,0.23357534]},"faces":{"east":{"uv":[5.25,8.6875,5.5625,8.875],"rotation":0,"texture":"#0","tintindex":0},"south":{"uv":[8.25,9.6875,8.25,9.875],"rotation":0,"texture":"#0","tintindex":0},"north":{"uv":[8.1875,9.6875,8.1875,9.875],"rotation":0,"texture":"#0","tintindex":0},"west":{"uv":[5.625,8.6875,5.9375,8.875],"rotation":0,"texture":"#0","tintindex":0},"up":{"uv":[8.5625,10.0,8.5625,9.6875],"rotation":0,"texture":"#0","tintindex":0},"down":{"uv":[8.625,9.6875,8.625,10.0],"rotation":0,"texture":"#0","tintindex":0}}},{"from":[7.142857,8.392345,-0.73785305],"to":[7.142857,10.106631,2.1192899],"rotation":{"angle":0.0,"axis":"y","origin":[9.714286,10.392345,0.23357534]},"faces":{"east":{"uv":[6.0,8.6875,6.3125,8.875],"rotation":0,"texture":"#0","tintindex":0},"south":{"uv":[8.75,9.6875,8.75,9.875],"rotation":0,"texture":"#0","tintindex":0},"north":{"uv":[8.6875,9.6875,8.6875,9.875],"rotation":0,"texture":"#0","tintindex":0},"west":{"uv":[6.875,8.6875,7.1875,8.875],"rotation":0,"texture":"#0","tintindex":0},"up":{"uv":[8.8125,10.0,8.8125,9.6875],"rotation":0,"texture":"#0","tintindex":0},"down":{"uv":[8.875,9.6875,8.875,10.0],"rotation":0,"texture":"#0","tintindex":0}}},{"from":[7.4285717,6.8365126,-2.3649368],"to":[8.571428,9.693655,-0.65065193],"rotation":{"angle":22.5,"axis":"x","origin":[8.0,6.461218,0.0997386]},"faces":{"east":{"uv":[7.9375,8.6875,8.125,9.0],"rotation":0,"texture":"#0","tintindex":0},"south":{"uv":[9.1875,5.5,9.3125,5.8125],"rotation":0,"texture":"#0","tintindex":0},"north":{"uv":[9.1875,4.375,9.3125,4.6875],"rotation":0,"texture":"#0","tintindex":0},"west":{"uv":[8.1875,8.6875,8.375,9.0],"rotation":0,"texture":"#0","tintindex":0},"up":{"uv":[6.375,9.75,6.25,9.5625],"rotation":0,"texture":"#0","tintindex":0},"down":{"uv":[6.5625,9.5625,6.4375,9.75],"rotation":0,"texture":"#0","tintindex":0}}},{"from":[8.577143,6.0960746,-0.21834564],"to":[9.708571,8.94179,1.4845109],"rotation":{"angle":-45.0,"axis":"x","origin":[9.142858,6.526821,0.37240362]},"faces":{"east":{"uv":[0.0,8.75,0.1875,9.0625],"rotation":0,"texture":"#0","tintindex":0},"south":{"uv":[8.375,9.1875,8.5,9.5],"rotation":0,"texture":"#0","tintindex":0},"north":{"uv":[7.5625,9.1875,7.6875,9.5],"rotation":0,"texture":"#0","tintindex":0},"west":{"uv":[8.75,0.5,8.9375,0.8125],"rotation":0,"texture":"#0","tintindex":0},"up":{"uv":[9.6875,6.9375,9.5625,6.75],"rotation":0,"texture":"#0","tintindex":0},"down":{"uv":[9.6875,7.0,9.5625,7.1875],"rotation":0,"texture":"#0","tintindex":0}}},{"from":[7.4342856,6.030472,-0.49101067],"to":[8.565714,8.876186,1.2118464],"rotation":{"angle":-45.0,"axis":"x","origin":[8.0,6.461218,0.0997386]},"faces":{"east":{"uv":[8.75,1.125,8.9375,1.4375],"rotation":0,"texture":"#0","tintindex":0},"south":{"uv":[9.25,0.5,9.375,0.8125],"rotation":0,"texture":"#0","tintindex":0},"north":{"uv":[9.1875,8.875,9.3125,9.1875],"rotation":0,"texture":"#0","tintindex":0},"west":{"uv":[1.25,8.75,1.4375,9.0625],"rotation":0,"texture":"#0","tintindex":0},"up":{"uv":[9.6875,7.4375,9.5625,7.25],"rotation":0,"texture":"#0","tintindex":0},"down":{"uv":[7.625,9.5625,7.5,9.75],"rotation":0,"texture":"#0","tintindex":0}}}],"display":{"head":{"translation":[0.0,-6.4,0.0],"scale":[4.0,4.0,4.0]}}}