{"textures":{"0":"modelengine:entity/ice_pillar"},"elements":[{"from":[6.285714,6.285714,4.285714],"to":[9.714286,9.714286,11.714286],"rotation":{"angle":0.0,"axis":"y","origin":[8.0,6.0,7.428571]},"faces":{"east":{"uv":[0.0,0.0,6.5,3.0],"rotation":0,"texture":"#0","tintindex":0},"south":{"uv":[6.5,0.0,9.5,3.0],"rotation":0,"texture":"#0","tintindex":0},"north":{"uv":[6.0,6.0,9.0,9.0],"rotation":0,"texture":"#0","tintindex":0},"west":{"uv":[0.0,3.0,6.5,6.0],"rotation":0,"texture":"#0","tintindex":0},"up":{"uv":[0.0,3.0,6.5,6.0],"rotation":90,"texture":"#0","tintindex":0},"down":{"uv":[0.0,3.0,6.5,6.0],"rotation":270,"texture":"#0","tintindex":0}}}],"display":{"head":{"translation":[0.0,-6.4,0.0],"scale":[4.0,4.0,4.0]}}}