{"textures":{"0":"modelengine:entity/vine_root"},"elements":[{"from":[10.260062,6.5302687,7.19781],"to":[11.974348,11.673126,8.912096],"rotation":{"angle":-45.0,"axis":"z","origin":[10.185832,12.033071,4.3873014]},"faces":{"east":{"uv":[0.0,2.5,0.75,4.75],"rotation":0,"texture":"#0","tintindex":0},"south":{"uv":[0.0,0.0,0.75,2.25],"rotation":0,"texture":"#0","tintindex":0},"north":{"uv":[2.0,0.0,2.75,2.25],"rotation":0,"texture":"#0","tintindex":0},"west":{"uv":[1.0,0.0,1.75,2.25],"rotation":0,"texture":"#0","tintindex":0},"up":{"uv":[0.75,5.75,0.0,5.0],"rotation":180,"texture":"#0","tintindex":0},"down":{"uv":[2.75,7.0,2.0,7.75],"rotation":180,"texture":"#0","tintindex":0}}},{"from":[10.2408,11.852508,3.5193582],"to":[11.955086,13.566793,8.662215],"rotation":{"angle":22.5,"axis":"x","origin":[10.185832,12.033071,4.3873014]},"faces":{"east":{"uv":[3.0,0.0,5.25,0.75],"rotation":0,"texture":"#0","tintindex":0},"south":{"uv":[3.0,7.0,3.75,7.75],"rotation":0,"texture":"#0","tintindex":0},"north":{"uv":[7.25,3.0,8.0,3.75],"rotation":0,"texture":"#0","tintindex":0},"west":{"uv":[1.0,2.5,3.25,3.25],"rotation":0,"texture":"#0","tintindex":0},"up":{"uv":[1.75,5.75,1.0,3.5],"rotation":180,"texture":"#0","tintindex":0},"down":{"uv":[4.25,1.0,3.5,3.25],"rotation":180,"texture":"#0","tintindex":0}}},{"from":[10.347462,12.193016,0.694983],"to":[12.061748,13.907301,4.694983],"rotation":{"angle":22.5,"axis":"y","origin":[10.185832,12.033071,4.3873014]},"faces":{"east":{"uv":[6.0,6.5,7.75,7.25],"rotation":0,"texture":"#0","tintindex":0},"south":{"uv":[7.25,4.0,8.0,4.75],"rotation":0,"texture":"#0","tintindex":0},"north":{"uv":[7.25,5.0,8.0,5.75],"rotation":0,"texture":"#0","tintindex":0},"west":{"uv":[4.0,6.5,5.75,7.25],"rotation":0,"texture":"#0","tintindex":0},"up":{"uv":[0.75,8.75,0.0,7.0],"rotation":180,"texture":"#0","tintindex":0},"down":{"uv":[1.75,7.0,1.0,8.75],"rotation":180,"texture":"#0","tintindex":0}}},{"from":[4.8171062,11.531296,-0.13749313],"to":[9.388535,13.245583,1.5767927],"rotation":{"angle":-45.0,"axis":"z","origin":[10.185832,12.033071,4.3873014]},"faces":{"east":{"uv":[5.0,7.5,5.75,8.25],"rotation":0,"texture":"#0","tintindex":0},"south":{"uv":[5.0,3.5,7.0,4.25],"rotation":0,"texture":"#0","tintindex":0},"north":{"uv":[5.0,4.5,7.0,5.25],"rotation":0,"texture":"#0","tintindex":0},"west":{"uv":[4.0,7.5,4.75,8.25],"rotation":0,"texture":"#0","tintindex":0},"up":{"uv":[7.5,0.75,5.5,0.0],"rotation":180,"texture":"#0","tintindex":0},"down":{"uv":[7.5,1.0,5.5,1.75],"rotation":180,"texture":"#0","tintindex":0}}}],"display":{"head":{"translation":[0.0,-6.4,0.0],"scale":[4.0,4.0,4.0]}}}