{"textures":{"0":"modelengine:entity/bug_swarm"},"elements":[{"from":[6.857143,6.3657465,6.3621325],"to":[9.142858,8.651461,10.362133],"rotation":{"angle":0.0,"axis":"y","origin":[8.0,7.9908247,9.331449]},"faces":{"east":{"uv":[0.0,2.75,1.75,3.75],"rotation":0,"texture":"#0","tintindex":0},"south":{"uv":[2.0,6.5,3.0,7.5],"rotation":0,"texture":"#0","tintindex":0},"north":{"uv":[6.25,5.25,7.25,6.25],"rotation":0,"texture":"#0","tintindex":0},"west":{"uv":[2.0,2.75,3.75,3.75],"rotation":0,"texture":"#0","tintindex":0},"up":{"uv":[1.0,5.75,0.0,4.0],"rotation":0,"texture":"#0","tintindex":0},"down":{"uv":[2.25,4.0,1.25,5.75],"rotation":0,"texture":"#0","tintindex":0}}}],"display":{"head":{"translation":[0.0,-6.4,0.0],"scale":[4.0,4.0,4.0]}}}