{"textures":{"0":"modelengine:entity/bug_swarm"},"elements":[{"from":[7.2823334,5.41364,6.0],"to":[7.2823334,7.699354,10.0],"rotation":{"angle":22.5,"axis":"z","origin":[6.848362,9.638083,8.969316]},"faces":{"east":{"uv":[5.75,2.75,4.0,3.75],"rotation":0,"texture":"#0","tintindex":0},"south":{"uv":[1.25,7.0,1.25,8.0],"rotation":0,"texture":"#0","tintindex":0},"north":{"uv":[6.0,2.5,6.0,3.5],"rotation":0,"texture":"#0","tintindex":0},"west":{"uv":[4.0,2.75,5.75,3.75],"rotation":0,"texture":"#0","tintindex":0},"up":{"uv":[1.5,8.75,1.5,7.0],"rotation":0,"texture":"#0","tintindex":0},"down":{"uv":[1.75,7.0,1.75,8.75],"rotation":0,"texture":"#0","tintindex":0}}}],"display":{"head":{"translation":[0.0,-6.4,0.0],"scale":[4.0,4.0,4.0]}}}