{"textures":{"0":"modelengine:entity/frost_moth"},"elements":[{"from":[7.0,8.815604,3.3863802],"to":[9.0,11.101318,6.243523],"rotation":{"angle":0.0,"axis":"y","origin":[9.285714,9.672747,5.9578085]},"faces":{"east":{"uv":[4.5,3.0,5.75,4.0],"rotation":0,"texture":"#0","tintindex":0},"south":{"uv":[6.25,4.0,7.125,5.0],"rotation":0,"texture":"#0","tintindex":0},"north":{"uv":[6.0,6.0,6.875,7.0],"rotation":0,"texture":"#0","tintindex":0},"west":{"uv":[5.0,4.0,6.25,5.0],"rotation":0,"texture":"#0","tintindex":0},"up":{"uv":[5.875,6.25,5.0,5.0],"rotation":0,"texture":"#0","tintindex":0},"down":{"uv":[0.875,5.25,0.0,6.5],"rotation":0,"texture":"#0","tintindex":0}}},{"from":[7.285714,9.3870325,2.8149514],"to":[8.714286,11.3870325,5.6720943],"rotation":{"angle":0.0,"axis":"y","origin":[9.571428,9.672747,5.9578085]},"faces":{"east":{"uv":[5.25,0.0,6.5,0.875],"rotation":0,"texture":"#0","tintindex":0},"south":{"uv":[0.75,7.0,1.375,7.875],"rotation":0,"texture":"#0","tintindex":0},"north":{"uv":[6.75,2.75,7.375,3.625],"rotation":0,"texture":"#0","tintindex":0},"west":{"uv":[3.75,5.5,5.0,6.375],"rotation":0,"texture":"#0","tintindex":0},"up":{"uv":[3.625,7.25,3.0,6.0],"rotation":0,"texture":"#0","tintindex":0},"down":{"uv":[5.625,6.25,5.0,7.5],"rotation":0,"texture":"#0","tintindex":0}}},{"from":[7.142857,11.244176,3.5292373],"to":[7.142857,13.815604,6.38638],"rotation":{"angle":22.5,"axis":"x","origin":[7.0,12.387033,4.243523]},"faces":{"east":{"uv":[9.5,2.25,8.25,3.375],"rotation":0,"texture":"#0","tintindex":0},"south":{"uv":[0.0,0.0,0.0,1.125],"rotation":0,"texture":"#0","tintindex":0},"north":{"uv":[0.0,0.0,0.0,1.125],"rotation":0,"texture":"#0","tintindex":0},"west":{"uv":[8.25,2.25,9.5,3.375],"rotation":0,"texture":"#0","tintindex":0},"up":{"uv":[0.0,1.25,0.0,0.0],"rotation":0,"texture":"#0","tintindex":0},"down":{"uv":[0.0,0.0,0.0,1.25],"rotation":0,"texture":"#0","tintindex":0}}},{"from":[8.857143,11.244176,3.5292373],"to":[8.857143,13.815604,6.38638],"rotation":{"angle":22.5,"axis":"x","origin":[9.0,12.387033,4.243523]},"faces":{"east":{"uv":[9.5,2.25,8.25,3.375],"rotation":0,"texture":"#0","tintindex":0},"south":{"uv":[0.0,0.0,0.0,1.125],"rotation":0,"texture":"#0","tintindex":0},"north":{"uv":[0.0,0.0,0.0,1.125],"rotation":0,"texture":"#0","tintindex":0},"west":{"uv":[8.25,2.25,9.5,3.375],"rotation":0,"texture":"#0","tintindex":0},"up":{"uv":[0.0,1.25,0.0,0.0],"rotation":0,"texture":"#0","tintindex":0},"down":{"uv":[0.0,0.0,0.0,1.25],"rotation":0,"texture":"#0","tintindex":0}}},{"from":[6.5714283,8.958461,4.100666],"to":[7.714286,10.3870325,5.5292373],"rotation":{"angle":-45.0,"axis":"x","origin":[6.857143,9.3870325,4.5292373]},"faces":{"east":{"uv":[7.0,5.5,7.625,6.125],"rotation":0,"texture":"#0","tintindex":0},"south":{"uv":[7.75,0.0,8.25,0.625],"rotation":0,"texture":"#0","tintindex":0},"north":{"uv":[5.0,7.5,5.5,8.125],"rotation":0,"texture":"#0","tintindex":0},"west":{"uv":[5.75,7.0,6.375,7.625],"rotation":0,"texture":"#0","tintindex":0},"up":{"uv":[8.25,4.375,7.75,3.75],"rotation":0,"texture":"#0","tintindex":0},"down":{"uv":[6.0,7.75,5.5,8.375],"rotation":0,"texture":"#0","tintindex":0}}},{"from":[8.285714,8.958461,4.100666],"to":[9.428572,10.3870325,5.5292373],"rotation":{"angle":-45.0,"axis":"x","origin":[9.142858,9.3870325,4.5292373]},"faces":{"east":{"uv":[7.0,6.25,7.625,6.875],"rotation":0,"texture":"#0","tintindex":0},"south":{"uv":[6.0,7.75,6.5,8.375],"rotation":0,"texture":"#0","tintindex":0},"north":{"uv":[7.75,5.5,8.25,6.125],"rotation":0,"texture":"#0","tintindex":0},"west":{"uv":[6.5,7.0,7.125,7.625],"rotation":0,"texture":"#0","tintindex":0},"up":{"uv":[8.25,6.875,7.75,6.25],"rotation":0,"texture":"#0","tintindex":0},"down":{"uv":[7.0,7.75,6.5,8.375],"rotation":0,"texture":"#0","tintindex":0}}},{"from":[7.142857,8.402395,4.6222024],"to":[8.857143,10.688109,6.3364882],"rotation":{"angle":45.0,"axis":"x","origin":[8.571428,4.973823,8.050774]},"faces":{"east":{"uv":[0.75,1.75,1.5,2.75],"rotation":0,"texture":"#0","tintindex":0},"south":{"uv":[8.25,3.5,9.0,4.5],"rotation":0,"texture":"#0","tintindex":0},"north":{"uv":[8.25,3.5,9.0,4.5],"rotation":0,"texture":"#0","tintindex":0},"west":{"uv":[8.25,3.5,9.0,4.5],"rotation":0,"texture":"#0","tintindex":0},"up":{"uv":[0.75,3.5,0.0,2.75],"rotation":0,"texture":"#0","tintindex":0},"down":{"uv":[1.5,2.75,0.75,3.5],"rotation":0,"texture":"#0","tintindex":0}}},{"from":[5.714286,6.688109,4.336488],"to":[10.285714,10.688109,7.193631],"rotation":{"angle":22.5,"axis":"x","origin":[7.142857,7.2595377,8.050774]},"faces":{"east":{"uv":[2.0,2.5,3.25,4.25],"rotation":0,"texture":"#0","tintindex":0},"south":{"uv":[0.0,0.0,2.0,1.75],"rotation":0,"texture":"#0","tintindex":0},"north":{"uv":[0.0,0.0,2.0,1.75],"rotation":0,"texture":"#0","tintindex":0},"west":{"uv":[3.25,2.5,4.5,4.25],"rotation":0,"texture":"#0","tintindex":0},"up":{"uv":[4.0,1.25,2.0,0.0],"rotation":0,"texture":"#0","tintindex":0},"down":{"uv":[4.0,1.25,2.0,2.5],"rotation":0,"texture":"#0","tintindex":0}}},{"from":[6.5714283,6.688109,7.193631],"to":[9.428572,10.688109,10.050774],"rotation":{"angle":-45.0,"axis":"x","origin":[8.0,7.2595377,8.050774]},"faces":{"east":{"uv":[4.0,0.0,5.25,1.75],"rotation":0,"texture":"#0","tintindex":0},"south":{"uv":[1.25,4.25,2.5,6.0],"rotation":0,"texture":"#0","tintindex":0},"north":{"uv":[0.0,3.5,1.25,5.25],"rotation":0,"texture":"#0","tintindex":0},"west":{"uv":[2.5,4.25,3.75,6.0],"rotation":0,"texture":"#0","tintindex":0},"up":{"uv":[5.0,5.5,3.75,4.25],"rotation":0,"texture":"#0","tintindex":0},"down":{"uv":[5.75,1.75,4.5,3.0],"rotation":0,"texture":"#0","tintindex":0}}}],"display":{"head":{"translation":[0.0,-6.4,0.0],"scale":[4.0,4.0,4.0]}}}