{"textures":{"0":"modelengine:entity/nocsy_sewer_rat"},"elements":[{"from":[7.1453924,5.80198,6.671893],"to":[8.859678,9.230552,8.386179],"rotation":{"angle":0.0,"axis":"y","origin":[10.857143,12.032512,8.561236]},"faces":{"east":{"uv":[8.75,9.5,9.125,10.25],"rotation":0,"texture":"#0","tintindex":0},"south":{"uv":[9.875,8.0,10.25,8.75],"rotation":0,"texture":"#0","tintindex":0},"north":{"uv":[1.5,7.375,1.875,8.125],"rotation":0,"texture":"#0","tintindex":0},"west":{"uv":[9.875,8.875,10.25,9.625],"rotation":0,"texture":"#0","tintindex":0},"up":{"uv":[11.375,2.5,11.0,2.125],"rotation":0,"texture":"#0","tintindex":0},"down":{"uv":[11.5,0.5,11.125,0.875],"rotation":0,"texture":"#0","tintindex":0}}},{"from":[6.456547,5.808468,5.101965],"to":[7.599404,6.951325,7.959108],"rotation":{"angle":22.5,"axis":"y","origin":[8.0,6.379896,6.5291014]},"faces":{"east":{"uv":[5.625,10.375,6.25,10.625],"rotation":0,"texture":"#0","tintindex":0},"south":{"uv":[11.25,5.625,11.5,5.875],"rotation":0,"texture":"#0","tintindex":0},"north":{"uv":[11.25,5.25,11.5,5.5],"rotation":0,"texture":"#0","tintindex":0},"west":{"uv":[10.375,7.875,11.0,8.125],"rotation":0,"texture":"#0","tintindex":0},"up":{"uv":[2.75,6.0,2.5,5.375],"rotation":0,"texture":"#0","tintindex":0},"down":{"uv":[2.25,6.375,2.0,7.0],"rotation":0,"texture":"#0","tintindex":0}}},{"from":[8.667277,5.8109603,7.2981095],"to":[9.810135,6.9538174,10.155252],"rotation":{"angle":-22.5,"axis":"y","origin":[13.714286,6.379896,6.5291014]},"faces":{"east":{"uv":[10.375,8.25,11.0,8.5],"rotation":0,"texture":"#0","tintindex":0},"south":{"uv":[7.875,11.25,8.125,11.5],"rotation":0,"texture":"#0","tintindex":0},"north":{"uv":[7.5,11.25,7.75,11.5],"rotation":0,"texture":"#0","tintindex":0},"west":{"uv":[10.375,8.625,11.0,8.875],"rotation":0,"texture":"#0","tintindex":0},"up":{"uv":[8.0,7.375,7.75,6.75],"rotation":0,"texture":"#0","tintindex":0},"down":{"uv":[0.625,10.25,0.375,10.875],"rotation":0,"texture":"#0","tintindex":0}}},{"from":[7.362905,5.7914996,5.1228952],"to":[8.505762,6.9343567,7.980038],"rotation":{"angle":0.0,"axis":"y","origin":[13.714286,6.379896,6.5291014]},"faces":{"east":{"uv":[10.375,9.0,11.0,9.25],"rotation":0,"texture":"#0","tintindex":0},"south":{"uv":[10.125,11.25,10.375,11.5],"rotation":0,"texture":"#0","tintindex":0},"north":{"uv":[8.25,11.25,8.5,11.5],"rotation":0,"texture":"#0","tintindex":0},"west":{"uv":[10.375,9.375,11.0,9.625],"rotation":0,"texture":"#0","tintindex":0},"up":{"uv":[3.5,11.0,3.25,10.375],"rotation":0,"texture":"#0","tintindex":0},"down":{"uv":[6.625,10.375,6.375,11.0],"rotation":0,"texture":"#0","tintindex":0}}}],"display":{"head":{"translation":[0.0,-6.4,0.0],"scale":[4.0,4.0,4.0]}}}