{"textures":{"0":"modelengine:entity/nocsy_sewer_rat"},"elements":[{"from":[8.0,6.2111278,7.1379685],"to":[10.285714,9.068271,9.995111],"rotation":{"angle":0.0,"axis":"y","origin":[5.428571,8.782557,9.709397]},"faces":{"east":{"uv":[9.0,1.5,9.625,2.125],"rotation":0,"texture":"#0","tintindex":0},"south":{"uv":[9.875,4.75,10.375,5.375],"rotation":0,"texture":"#0","tintindex":0},"north":{"uv":[9.75,2.25,10.25,2.875],"rotation":0,"texture":"#0","tintindex":0},"west":{"uv":[9.0,2.25,9.625,2.875],"rotation":0,"texture":"#0","tintindex":0},"up":{"uv":[10.375,6.125,9.875,5.5],"rotation":0,"texture":"#0","tintindex":0},"down":{"uv":[7.375,9.875,6.875,10.5],"rotation":0,"texture":"#0","tintindex":0}}}],"display":{"head":{"translation":[0.0,-6.4,0.0],"scale":[4.0,4.0,4.0]}}}