{"textures":{"0":"modelengine:entity/nocsy_sewer_rat"},"elements":[{"from":[7.428571,7.428571,8.0],"to":[8.571428,8.571428,12.571428],"rotation":{"angle":0.0,"axis":"y","origin":[8.285714,10.314582,5.2261844]},"faces":{"east":{"uv":[7.75,0.5,8.75,0.75],"rotation":0,"texture":"#0","tintindex":0},"south":{"uv":[11.25,4.875,11.5,5.125],"rotation":0,"texture":"#0","tintindex":0},"north":{"uv":[11.25,4.5,11.5,4.75],"rotation":0,"texture":"#0","tintindex":0},"west":{"uv":[10.25,6.25,11.25,6.5],"rotation":0,"texture":"#0","tintindex":0},"up":{"uv":[4.125,10.625,3.875,9.625],"rotation":0,"texture":"#0","tintindex":0},"down":{"uv":[0.25,10.25,0.0,11.25],"rotation":0,"texture":"#0","tintindex":0}}}],"display":{"head":{"translation":[0.0,-6.4,0.0],"scale":[4.0,4.0,4.0]}}}