{"textures":{"0":"modelengine:entity/frostbear"},"elements":[{"from":[2.5714283,6.7393694,-2.1815128],"to":[13.428572,15.882227,9.818488],"rotation":{"angle":22.5,"axis":"x","origin":[8.0,13.596512,1.532774]},"faces":{"east":{"uv":[0.0,1.3125,1.3125,2.3125],"rotation":0,"texture":"#0","tintindex":0},"south":{"uv":[1.1875,2.3125,2.375,3.3125],"rotation":0,"texture":"#0","tintindex":0},"north":{"uv":[0.0,2.3125,1.1875,3.3125],"rotation":0,"texture":"#0","tintindex":0},"west":{"uv":[1.3125,1.3125,2.625,2.3125],"rotation":0,"texture":"#0","tintindex":0},"up":{"uv":[1.1875,1.3125,0.0,0.0],"rotation":0,"texture":"#0","tintindex":0},"down":{"uv":[2.375,0.0,1.1875,1.3125],"rotation":0,"texture":"#0","tintindex":0}}},{"from":[-0.57142925,12.906183,-2.9163408],"to":[16.57143,20.906185,-2.9163408],"rotation":{"angle":22.5,"axis":"x","origin":[4.8571424,12.906183,-2.7734842]},"faces":{"east":{"uv":[0.0,0.0,0.0,0.875],"rotation":0,"texture":"#0","tintindex":0},"south":{"uv":[6.125,2.6875,8.0,3.5625],"rotation":0,"texture":"#0","tintindex":0},"north":{"uv":[6.125,2.6875,8.0,3.5625],"rotation":0,"texture":"#0","tintindex":0},"west":{"uv":[0.0,0.0,0.0,0.875],"rotation":0,"texture":"#0","tintindex":0},"up":{"uv":[1.875,0.0,0.0,0.0],"rotation":0,"texture":"#0","tintindex":0},"down":{"uv":[1.875,0.0,0.0,0.0],"rotation":0,"texture":"#0","tintindex":0}}},{"from":[6.0,16.21262,4.8717775],"to":[10.0,24.21262,8.300349],"rotation":{"angle":22.5,"axis":"x","origin":[8.0,19.641191,1.8717775]},"faces":{"east":{"uv":[3.875,5.8125,4.25,6.6875],"rotation":0,"texture":"#0","tintindex":0},"south":{"uv":[1.5625,4.3125,2.0,5.1875],"rotation":0,"texture":"#0","tintindex":0},"north":{"uv":[1.5625,4.3125,2.0,5.1875],"rotation":0,"texture":"#0","tintindex":0},"west":{"uv":[1.8125,6.0625,2.1875,6.9375],"rotation":0,"texture":"#0","tintindex":0},"up":{"uv":[6.9375,6.5625,6.5,6.1875],"rotation":0,"texture":"#0","tintindex":0},"down":{"uv":[6.9375,6.5625,6.5,6.9375],"rotation":0,"texture":"#0","tintindex":0}}},{"from":[2.5714283,16.21262,3.5860634],"to":[4.8571424,23.069763,5.8717775],"rotation":{"angle":45.0,"axis":"z","origin":[8.0,17.926907,2.4432058]},"faces":{"east":{"uv":[4.5625,6.625,4.8125,7.375],"rotation":0,"texture":"#0","tintindex":0},"south":{"uv":[4.3125,6.625,4.5625,7.375],"rotation":0,"texture":"#0","tintindex":0},"north":{"uv":[4.5625,6.625,4.8125,7.375],"rotation":0,"texture":"#0","tintindex":0},"west":{"uv":[4.5625,6.625,4.8125,7.375],"rotation":0,"texture":"#0","tintindex":0},"up":{"uv":[4.1875,2.375,3.9375,2.125],"rotation":0,"texture":"#0","tintindex":0},"down":{"uv":[4.4375,0.3125,4.1875,0.5625],"rotation":0,"texture":"#0","tintindex":0}}},{"from":[6.857143,11.968672,5.9672327],"to":[9.142858,14.254386,9.395804],"rotation":{"angle":-22.5,"axis":"x","origin":[8.0,14.825815,7.6815186]},"faces":{"east":{"uv":[6.8125,0.75,7.1875,1.0],"rotation":0,"texture":"#0","tintindex":0},"south":{"uv":[6.875,5.9375,7.125,6.1875],"rotation":0,"texture":"#0","tintindex":0},"north":{"uv":[6.5,1.1875,6.75,1.4375],"rotation":0,"texture":"#0","tintindex":0},"west":{"uv":[6.875,2.125,7.25,2.375],"rotation":0,"texture":"#0","tintindex":0},"up":{"uv":[6.8125,0.75,7.1875,1.0],"rotation":270,"texture":"#0","tintindex":0},"down":{"uv":[6.8125,0.75,7.1875,1.0],"rotation":90,"texture":"#0","tintindex":0}}},{"from":[6.285714,13.355476,-0.41393661],"to":[9.714286,20.21262,3.0146346],"rotation":{"angle":0.0,"axis":"y","origin":[8.285714,17.926907,1.8717775]},"faces":{"east":{"uv":[6.4375,0.4375,6.8125,1.1875],"rotation":0,"texture":"#0","tintindex":0},"south":{"uv":[6.125,6.5,6.5,7.25],"rotation":0,"texture":"#0","tintindex":0},"north":{"uv":[6.125,6.5,6.5,7.25],"rotation":0,"texture":"#0","tintindex":0},"west":{"uv":[6.125,6.5,6.5,7.25],"rotation":0,"texture":"#0","tintindex":0},"up":{"uv":[3.75,0.8125,3.375,0.4375],"rotation":0,"texture":"#0","tintindex":0},"down":{"uv":[3.0,3.6875,2.625,4.0625],"rotation":0,"texture":"#0","tintindex":0}}},{"from":[10.0,2.221229,9.488096],"to":[12.285715,4.5069437,16.345238],"rotation":{"angle":-22.5,"axis":"x","origin":[8.0,-4.0644855,-18.511906]},"faces":{"east":{"uv":[6.6875,5.1875,7.4375,5.4375],"rotation":0,"texture":"#0","tintindex":0},"south":{"uv":[6.25,1.1875,6.5,1.4375],"rotation":0,"texture":"#0","tintindex":0},"north":{"uv":[2.875,5.6875,3.125,5.9375],"rotation":0,"texture":"#0","tintindex":0},"west":{"uv":[6.6875,5.1875,7.4375,5.4375],"rotation":180,"texture":"#0","tintindex":0},"up":{"uv":[6.6875,5.1875,7.4375,5.4375],"rotation":270,"texture":"#0","tintindex":0},"down":{"uv":[6.6875,5.1875,7.4375,5.4375],"rotation":90,"texture":"#0","tintindex":0}}},{"from":[11.142858,16.21262,3.5860634],"to":[13.428572,23.069763,5.8717775],"rotation":{"angle":-45.0,"axis":"z","origin":[8.0,17.926907,2.4432058]},"faces":{"east":{"uv":[4.8125,6.625,4.5625,7.375],"rotation":0,"texture":"#0","tintindex":0},"south":{"uv":[4.5625,6.625,4.3125,7.375],"rotation":0,"texture":"#0","tintindex":0},"north":{"uv":[4.8125,6.625,4.5625,7.375],"rotation":0,"texture":"#0","tintindex":0},"west":{"uv":[4.8125,6.625,4.5625,7.375],"rotation":0,"texture":"#0","tintindex":0},"up":{"uv":[3.9375,2.375,4.1875,2.125],"rotation":0,"texture":"#0","tintindex":0},"down":{"uv":[4.1875,0.3125,4.4375,0.5625],"rotation":0,"texture":"#0","tintindex":0}}},{"from":[10.0,13.926905,0.72892],"to":[12.285715,20.784048,3.0146346],"rotation":{"angle":-22.5,"axis":"z","origin":[8.0,16.21262,2.4432058]},"faces":{"east":{"uv":[1.375,6.6875,1.125,7.4375],"rotation":0,"texture":"#0","tintindex":0},"south":{"uv":[1.375,6.6875,1.125,7.4375],"rotation":0,"texture":"#0","tintindex":0},"north":{"uv":[1.375,6.6875,1.125,7.4375],"rotation":0,"texture":"#0","tintindex":0},"west":{"uv":[1.375,6.6875,1.125,7.4375],"rotation":0,"texture":"#0","tintindex":0},"up":{"uv":[4.1875,2.375,4.4375,2.125],"rotation":0,"texture":"#0","tintindex":0},"down":{"uv":[0.625,5.625,0.875,5.875],"rotation":0,"texture":"#0","tintindex":0}}},{"from":[3.7142854,2.221229,9.488096],"to":[6.0,4.5069437,16.345238],"rotation":{"angle":-22.5,"axis":"x","origin":[8.0,-4.0644855,-18.511906]},"faces":{"east":{"uv":[7.4375,5.1875,6.6875,5.4375],"rotation":180,"texture":"#0","tintindex":0},"south":{"uv":[6.5,1.1875,6.25,1.4375],"rotation":0,"texture":"#0","tintindex":0},"north":{"uv":[3.125,5.6875,2.875,5.9375],"rotation":0,"texture":"#0","tintindex":0},"west":{"uv":[7.4375,5.1875,6.6875,5.4375],"rotation":0,"texture":"#0","tintindex":0},"up":{"uv":[6.6875,5.4375,7.4375,5.1875],"rotation":270,"texture":"#0","tintindex":0},"down":{"uv":[6.6875,5.4375,7.4375,5.1875],"rotation":90,"texture":"#0","tintindex":0}}},{"from":[3.7142854,13.926905,0.72892],"to":[6.0,20.784048,3.0146346],"rotation":{"angle":22.5,"axis":"z","origin":[8.0,16.21262,2.4432058]},"faces":{"east":{"uv":[1.125,6.6875,1.375,7.4375],"rotation":0,"texture":"#0","tintindex":0},"south":{"uv":[1.125,6.6875,1.375,7.4375],"rotation":0,"texture":"#0","tintindex":0},"north":{"uv":[1.125,6.6875,1.375,7.4375],"rotation":0,"texture":"#0","tintindex":0},"west":{"uv":[1.125,6.6875,1.375,7.4375],"rotation":0,"texture":"#0","tintindex":0},"up":{"uv":[4.4375,2.375,4.1875,2.125],"rotation":0,"texture":"#0","tintindex":0},"down":{"uv":[0.875,5.625,0.625,5.875],"rotation":0,"texture":"#0","tintindex":0}}},{"from":[2.5714283,2.1847415,-3.998847],"to":[13.428572,7.8990273,-3.998847],"rotation":{"angle":-22.5,"axis":"x","origin":[8.0,5.0418844,-3.998847]},"faces":{"east":{"uv":[5.5625,1.5,6.75,2.125],"rotation":0,"texture":"#0","tintindex":0},"south":{"uv":[5.5625,1.5,6.75,2.125],"rotation":0,"texture":"#0","tintindex":0},"north":{"uv":[5.5625,1.5,6.75,2.125],"rotation":0,"texture":"#0","tintindex":0},"west":{"uv":[5.5625,1.5,6.75,2.125],"rotation":0,"texture":"#0","tintindex":0},"up":{"uv":[5.5625,1.5,6.75,2.125],"rotation":0,"texture":"#0","tintindex":0},"down":{"uv":[5.5625,1.5,6.75,2.125],"rotation":0,"texture":"#0","tintindex":0}}},{"from":[2.5714283,7.1918974,-2.9163408],"to":[13.428572,12.906183,-2.9163408],"rotation":{"angle":22.5,"axis":"x","origin":[8.0,12.906183,-2.7734842]},"faces":{"east":{"uv":[0.625,6.0625,1.8125,6.6875],"rotation":0,"texture":"#0","tintindex":0},"south":{"uv":[0.625,6.0625,1.8125,6.6875],"rotation":0,"texture":"#0","tintindex":0},"north":{"uv":[0.625,6.0625,1.8125,6.6875],"rotation":0,"texture":"#0","tintindex":0},"west":{"uv":[0.625,6.0625,1.8125,6.6875],"rotation":0,"texture":"#0","tintindex":0},"up":{"uv":[0.625,6.0625,1.8125,6.6875],"rotation":0,"texture":"#0","tintindex":0},"down":{"uv":[0.625,6.0625,1.8125,6.6875],"rotation":0,"texture":"#0","tintindex":0}}}],"display":{"head":{"translation":[0.0,-6.4,0.0],"scale":[4.0,4.0,4.0]}}}