{"textures":{"0":"modelengine:entity/nocsy_sewer_boss"},"elements":[{"from":[4.8571424,4.5714283,5.714286],"to":[11.142858,11.428572,10.857143],"rotation":{"angle":0.0,"axis":"y","origin":[8.571428,10.0,4.8571424]},"faces":{"east":{"uv":[3.625,0.0,4.1875,0.75],"rotation":0,"texture":"#0","tintindex":0},"south":{"uv":[2.875,0.8125,3.5625,1.5625],"rotation":0,"texture":"#0","tintindex":0},"north":{"uv":[2.875,0.0,3.5625,0.75],"rotation":0,"texture":"#0","tintindex":0},"west":{"uv":[3.625,0.8125,4.1875,1.5625],"rotation":0,"texture":"#0","tintindex":0},"up":{"uv":[0.6875,4.5,0.0,3.9375],"rotation":0,"texture":"#0","tintindex":0},"down":{"uv":[4.9375,0.0,4.25,0.5625],"rotation":0,"texture":"#0","tintindex":0}}},{"from":[4.9714284,4.685714,5.8285713],"to":[11.028572,11.314286,10.742857],"rotation":{"angle":0.0,"axis":"y","origin":[8.571428,10.0,4.8571424]},"faces":{"east":{"uv":[3.625,1.625,4.1875,2.375],"rotation":0,"texture":"#0","tintindex":0},"south":{"uv":[0.0,3.125,0.6875,3.875],"rotation":0,"texture":"#0","tintindex":0},"north":{"uv":[2.875,1.625,3.5625,2.375],"rotation":0,"texture":"#0","tintindex":0},"west":{"uv":[3.625,2.4375,4.1875,3.1875],"rotation":0,"texture":"#0","tintindex":0},"up":{"uv":[4.9375,1.1875,4.25,0.625],"rotation":0,"texture":"#0","tintindex":0},"down":{"uv":[1.4375,4.25,0.75,4.8125],"rotation":0,"texture":"#0","tintindex":0}}},{"from":[3.7999997,7.3714285,5.142857],"to":[11.8,9.657143,11.428572],"rotation":{"angle":-22.5,"axis":"z","origin":[8.0,8.0,8.0]},"faces":{"east":{"uv":[4.1875,5.875,4.875,6.125],"rotation":0,"texture":"#0","tintindex":0},"south":{"uv":[5.0625,3.75,5.9375,4.0],"rotation":0,"texture":"#0","tintindex":0},"north":{"uv":[5.0,1.5625,5.875,1.8125],"rotation":0,"texture":"#0","tintindex":0},"west":{"uv":[4.9375,5.875,5.625,6.125],"rotation":0,"texture":"#0","tintindex":0},"up":{"uv":[0.875,3.0625,0.0,2.375],"rotation":0,"texture":"#0","tintindex":0},"down":{"uv":[1.8125,2.8125,0.9375,3.5],"rotation":0,"texture":"#0","tintindex":0}}},{"from":[5.428571,11.428572,6.285714],"to":[10.571428,12.0,10.285714],"rotation":{"angle":0.0,"axis":"y","origin":[8.571428,10.0,4.8571424]},"faces":{"east":{"uv":[6.5,5.4375,6.9375,5.5],"rotation":0,"texture":"#0","tintindex":0},"south":{"uv":[6.5,3.3125,7.0625,3.375],"rotation":0,"texture":"#0","tintindex":0},"north":{"uv":[5.625,2.1875,6.1875,2.25],"rotation":0,"texture":"#0","tintindex":0},"west":{"uv":[9.25,1.625,9.6875,1.6875],"rotation":0,"texture":"#0","tintindex":0},"up":{"uv":[4.75,4.9375,4.1875,4.5],"rotation":0,"texture":"#0","tintindex":0},"down":{"uv":[0.5625,4.5625,0.0,5.0],"rotation":0,"texture":"#0","tintindex":0}}},{"from":[4.8571424,12.0,5.714286],"to":[11.142858,13.714286,10.857143],"rotation":{"angle":0.0,"axis":"y","origin":[8.571428,10.0,4.8571424]},"faces":{"east":{"uv":[4.8125,7.6875,5.375,7.875],"rotation":0,"texture":"#0","tintindex":0},"south":{"uv":[7.0625,1.75,7.75,1.9375],"rotation":0,"texture":"#0","tintindex":0},"north":{"uv":[7.0625,1.125,7.75,1.3125],"rotation":0,"texture":"#0","tintindex":0},"west":{"uv":[7.6875,4.8125,8.25,5.0],"rotation":0,"texture":"#0","tintindex":0},"up":{"uv":[4.9375,1.8125,4.25,1.25],"rotation":0,"texture":"#0","tintindex":0},"down":{"uv":[2.1875,4.25,1.5,4.8125],"rotation":0,"texture":"#0","tintindex":0}}}],"display":{"head":{"translation":[0.0,-6.4,0.0],"scale":[4.0,4.0,4.0]}}}