{"textures":{"0":"modelengine:entity/nocsy_sewer_boss"},"elements":[{"from":[5.142857,6.5714283,6.0],"to":[8.571428,9.428572,9.428572],"rotation":{"angle":0.0,"axis":"y","origin":[6.857143,8.0,8.0]},"faces":{"east":{"uv":[5.8125,7.3125,6.1875,7.625],"rotation":0,"texture":"#0","tintindex":0},"south":{"uv":[7.3125,6.125,7.6875,6.4375],"rotation":0,"texture":"#0","tintindex":0},"north":{"uv":[5.375,7.3125,5.75,7.625],"rotation":0,"texture":"#0","tintindex":0},"west":{"uv":[6.25,7.3125,6.625,7.625],"rotation":0,"texture":"#0","tintindex":0},"up":{"uv":[2.9375,7.125,2.5625,6.75],"rotation":0,"texture":"#0","tintindex":0},"down":{"uv":[7.1875,4.0625,6.8125,4.4375],"rotation":0,"texture":"#0","tintindex":0}}},{"from":[4.811594,5.5820723,7.9661164],"to":[5.9544516,7.8677864,10.251831],"rotation":{"angle":45.0,"axis":"x","origin":[6.857143,8.0,7.714286]},"faces":{"east":{"uv":[8.4375,7.125,8.6875,7.375],"rotation":0,"texture":"#0","tintindex":0},"south":{"uv":[9.375,7.0625,9.5,7.3125],"rotation":0,"texture":"#0","tintindex":0},"north":{"uv":[9.375,6.125,9.5,6.375],"rotation":0,"texture":"#0","tintindex":0},"west":{"uv":[7.375,8.4375,7.625,8.6875],"rotation":0,"texture":"#0","tintindex":0},"up":{"uv":[9.5,7.625,9.375,7.375],"rotation":0,"texture":"#0","tintindex":0},"down":{"uv":[9.5,7.6875,9.375,7.9375],"rotation":0,"texture":"#0","tintindex":0}}},{"from":[5.142857,2.5714283,6.0],"to":[8.0,6.5714283,9.428572],"rotation":{"angle":0.0,"axis":"y","origin":[6.857143,8.0,8.0]},"faces":{"east":{"uv":[6.0625,2.9375,6.4375,3.375],"rotation":0,"texture":"#0","tintindex":0},"south":{"uv":[0.3125,7.0625,0.625,7.5],"rotation":0,"texture":"#0","tintindex":0},"north":{"uv":[3.375,7.0,3.6875,7.4375],"rotation":0,"texture":"#0","tintindex":0},"west":{"uv":[3.375,6.0625,3.75,6.5],"rotation":0,"texture":"#0","tintindex":0},"up":{"uv":[7.75,0.375,7.4375,0.0],"rotation":0,"texture":"#0","tintindex":0},"down":{"uv":[7.75,0.4375,7.4375,0.8125],"rotation":0,"texture":"#0","tintindex":0}}}],"display":{"head":{"translation":[0.0,-6.4,0.0],"scale":[4.0,4.0,4.0]}}}