{"textures":{"0":"modelengine:entity/nocsy_sewer_boss"},"elements":[{"from":[6.6285715,6.857143,8.0],"to":[8.342857,8.571428,14.857143],"rotation":{"angle":0.0,"axis":"y","origin":[8.0,8.0,5.714286]},"faces":{"east":{"uv":[6.4375,5.875,7.1875,6.0625],"rotation":0,"texture":"#0","tintindex":0},"south":{"uv":[0.8125,9.3125,1.0,9.5],"rotation":0,"texture":"#0","tintindex":0},"north":{"uv":[9.0625,9.25,9.25,9.4375],"rotation":0,"texture":"#0","tintindex":0},"west":{"uv":[6.5,5.1875,7.25,5.375],"rotation":0,"texture":"#0","tintindex":0},"up":{"uv":[5.1875,7.25,5.0,6.5],"rotation":0,"texture":"#0","tintindex":0},"down":{"uv":[4.4375,6.6875,4.25,7.4375],"rotation":0,"texture":"#0","tintindex":0}}},{"from":[6.5714283,6.8,11.3714285],"to":[8.4,8.6285715,12.628572],"rotation":{"angle":0.0,"axis":"y","origin":[8.0,8.0,5.714286]},"faces":{"east":{"uv":[4.0,5.5,4.125,5.6875],"rotation":0,"texture":"#0","tintindex":0},"south":{"uv":[4.4375,9.3125,4.625,9.5],"rotation":0,"texture":"#0","tintindex":0},"north":{"uv":[1.4375,9.3125,1.625,9.5],"rotation":0,"texture":"#0","tintindex":0},"west":{"uv":[4.3125,7.5,4.4375,7.6875],"rotation":0,"texture":"#0","tintindex":0},"up":{"uv":[9.625,3.1875,9.4375,3.0625],"rotation":0,"texture":"#0","tintindex":0},"down":{"uv":[9.625,3.25,9.4375,3.375],"rotation":0,"texture":"#0","tintindex":0}}}],"display":{"head":{"translation":[0.0,-6.4,0.0],"scale":[4.0,4.0,4.0]}}}