{
  "custom.iceshake": {
    "category": "neutral",
    "sounds": [
        "custom/iceshake"
    ]
  },
  "custom.icecoin": {
    "category": "neutral",
    "sounds": [
        "custom/icecoin"
    ]
  },
  "custom.iceimpact": {
    "category": "neutral",
    "sounds": [
        "custom/iceimpact"
    ]
  },
  "custom.icejoin": {
    "category": "neutral",
    "sounds": [
        "custom/icejoin"
    ]
  },
  "custom.onholdringtone": {
    "category": "neutral",
    "sounds": [
        "custom/onholdringtone"
    ]
  },
  "custom.policesiren": {
    "category": "neutral",
    "sounds": [
        "custom/policesiren"
    ]
  }
}
