{"textures":{"4":"modelengine:entity/smoke_frame5"},"elements":[{"from":[8.0,0.5714283,12.0],"to":[8.0,15.428572,32.0],"rotation":{"angle":0.0,"axis":"y","origin":[8.0,8.0,-10.57143]},"faces":{"east":{"uv":[0.0,0.0,8.75,6.5],"rotation":0,"texture":"#4","tintindex":0},"south":{"uv":[0.0,0.0,0.0,6.5],"rotation":0,"texture":"#4","tintindex":0},"north":{"uv":[0.0,0.0,0.0,6.5],"rotation":0,"texture":"#4","tintindex":0},"west":{"uv":[8.75,0.0,0.0,6.5],"rotation":0,"texture":"#4","tintindex":0},"up":{"uv":[0.0,8.75,0.0,0.0],"rotation":0,"texture":"#4","tintindex":0},"down":{"uv":[0.0,0.0,0.0,8.75],"rotation":0,"texture":"#4","tintindex":0}}}],"display":{"head":{"translation":[0.0,-6.4,74.28572],"scale":[4.0,4.0,4.0]}}}