{"textures":{"0":"modelengine:entity/frost_moth"},"elements":[{"from":[7.142857,6.7507076,7.489045],"to":[8.857143,9.036422,9.203331],"rotation":{"angle":22.5,"axis":"x","origin":[8.285714,9.036422,8.060473]},"faces":{"east":{"uv":[6.5,0.0,7.25,1.0],"rotation":0,"texture":"#0","tintindex":0},"south":{"uv":[3.75,6.5,4.5,7.5],"rotation":0,"texture":"#0","tintindex":0},"north":{"uv":[0.0,6.5,0.75,7.5],"rotation":0,"texture":"#0","tintindex":0},"west":{"uv":[6.75,1.0,7.5,2.0],"rotation":0,"texture":"#0","tintindex":0},"up":{"uv":[2.0,4.25,1.25,3.5],"rotation":0,"texture":"#0","tintindex":0},"down":{"uv":[7.5,2.0,6.75,2.75],"rotation":0,"texture":"#0","tintindex":0}}},{"from":[7.428571,6.58531,5.855913],"to":[8.571428,7.7281675,8.141627],"rotation":{"angle":0.0,"axis":"y","origin":[8.285714,8.871025,3.8559127]},"faces":{"east":{"uv":[1.5,7.0,2.5,7.5],"rotation":0,"texture":"#0","tintindex":0},"south":{"uv":[7.75,4.5,8.25,5.0],"rotation":0,"texture":"#0","tintindex":0},"north":{"uv":[7.25,4.5,7.75,5.0],"rotation":0,"texture":"#0","tintindex":0},"west":{"uv":[7.0,5.0,8.0,5.5],"rotation":0,"texture":"#0","tintindex":0},"up":{"uv":[5.0,7.5,4.5,6.5],"rotation":0,"texture":"#0","tintindex":0},"down":{"uv":[3.0,7.0,2.5,8.0],"rotation":0,"texture":"#0","tintindex":0}}},{"from":[7.714286,6.0138817,5.4273415],"to":[8.285714,6.58531,6.5701985],"rotation":{"angle":45.0,"axis":"x","origin":[8.285714,7.1567388,6.9987698]},"faces":{"east":{"uv":[4.5,4.0,5.0,4.25],"rotation":0,"texture":"#0","tintindex":0},"south":{"uv":[5.75,6.75,6.0,7.0],"rotation":0,"texture":"#0","tintindex":0},"north":{"uv":[1.0,5.75,1.25,6.0],"rotation":0,"texture":"#0","tintindex":0},"west":{"uv":[6.75,3.75,7.25,4.0],"rotation":0,"texture":"#0","tintindex":0},"up":{"uv":[1.25,5.75,1.0,5.25],"rotation":0,"texture":"#0","tintindex":0},"down":{"uv":[6.0,6.25,5.75,6.75],"rotation":0,"texture":"#0","tintindex":0}}}],"display":{"head":{"translation":[0.0,-6.4,0.0],"scale":[4.0,4.0,4.0]}}}