{"textures":{"0":"modelengine:entity/thorn_spitter"},"elements":[{"from":[1.2949605,9.1444435,4.0],"to":[8.152103,9.1444435,12.0],"rotation":{"angle":45.0,"axis":"z","origin":[6.5432754,15.535616,6.9241724]},"faces":{"east":{"uv":[5.0,12.875,3.25,12.875],"rotation":0,"texture":"#0","tintindex":0},"south":{"uv":[13.375,12.75,11.875,12.75],"rotation":0,"texture":"#0","tintindex":0},"north":{"uv":[14.25,10.25,12.75,10.25],"rotation":0,"texture":"#0","tintindex":0},"west":{"uv":[14.5,10.375,12.75,10.375],"rotation":0,"texture":"#0","tintindex":0},"up":{"uv":[0.0,1.75,1.5,0.0],"rotation":0,"texture":"#0","tintindex":0},"down":{"uv":[1.625,0.0,3.125,1.75],"rotation":0,"texture":"#0","tintindex":0}}},{"from":[13.063092,14.57583,4.0],"to":[19.920235,14.57583,12.0],"rotation":{"angle":-22.5,"axis":"z","origin":[6.5432754,15.535616,6.9241724]},"faces":{"east":{"uv":[14.625,12.125,12.875,12.125],"rotation":0,"texture":"#0","tintindex":0},"south":{"uv":[14.375,12.0,12.875,12.0],"rotation":0,"texture":"#0","tintindex":0},"north":{"uv":[13.375,12.875,11.875,12.875],"rotation":0,"texture":"#0","tintindex":0},"west":{"uv":[14.625,11.875,12.875,11.875],"rotation":0,"texture":"#0","tintindex":0},"up":{"uv":[0.0,3.625,1.5,1.875],"rotation":0,"texture":"#0","tintindex":0},"down":{"uv":[1.625,1.875,3.125,3.625],"rotation":0,"texture":"#0","tintindex":0}}}],"display":{"head":{"translation":[0.0,-6.4,0.0],"scale":[4.0,4.0,4.0]}}}