{"textures":{"0":"modelengine:entity/thorn_spitter"},"elements":[{"from":[5.714286,7.317666,9.254528],"to":[10.285714,13.60338,13.825956],"rotation":{"angle":22.5,"axis":"x","origin":[8.0,17.051735,8.238645]},"faces":{"east":{"uv":[7.125,7.625,8.125,9.0],"rotation":0,"texture":"#0","tintindex":0},"south":{"uv":[3.0,7.875,4.0,9.25],"rotation":0,"texture":"#0","tintindex":0},"north":{"uv":[6.0,7.625,7.0,9.0],"rotation":0,"texture":"#0","tintindex":0},"west":{"uv":[8.125,0.0,9.125,1.375],"rotation":0,"texture":"#0","tintindex":0},"up":{"uv":[10.375,3.375,9.375,2.375],"rotation":0,"texture":"#0","tintindex":0},"down":{"uv":[10.375,3.5,9.375,4.5],"rotation":0,"texture":"#0","tintindex":0}}}],"display":{"head":{"translation":[0.0,-6.4,0.0],"scale":[4.0,4.0,4.0]}}}