{"textures":{"0":"modelengine:entity/nocsy_sewer_boss"},"elements":[{"from":[6.857143,6.7574415,2.8593183],"to":[9.142858,9.043156,8.573604],"rotation":{"angle":0.0,"axis":"y","origin":[8.0,7.32887,5.716461]},"faces":{"east":{"uv":[6.125,0.0,6.75,0.25],"rotation":0,"texture":"#0","tintindex":0},"south":{"uv":[5.3125,8.375,5.5625,8.625],"rotation":0,"texture":"#0","tintindex":0},"north":{"uv":[3.625,8.375,3.875,8.625],"rotation":0,"texture":"#0","tintindex":0},"west":{"uv":[4.6875,6.1875,5.3125,6.4375],"rotation":0,"texture":"#0","tintindex":0},"up":{"uv":[5.625,6.8125,5.375,6.1875],"rotation":0,"texture":"#0","tintindex":0},"down":{"uv":[5.9375,6.1875,5.6875,6.8125],"rotation":0,"texture":"#0","tintindex":0}}}],"display":{"head":{"translation":[0.0,-6.4,0.0],"scale":[4.0,4.0,4.0]}}}