{"textures":{"0":"modelengine:entity/nocsy_sewer_boss"},"elements":[{"from":[7.428571,7.428571,7.428571],"to":[8.571428,8.571428,14.285715],"rotation":{"angle":0.0,"axis":"y","origin":[7.9428573,8.0,5.6]},"faces":{"east":{"uv":[7.8125,1.125,8.5625,1.25],"rotation":0,"texture":"#0","tintindex":0},"south":{"uv":[4.5,8.125,4.625,8.25],"rotation":0,"texture":"#0","tintindex":0},"north":{"uv":[4.625,5.0,4.75,5.125],"rotation":0,"texture":"#0","tintindex":0},"west":{"uv":[7.8125,1.75,8.5625,1.875],"rotation":0,"texture":"#0","tintindex":0},"up":{"uv":[3.3125,8.5625,3.1875,7.8125],"rotation":0,"texture":"#0","tintindex":0},"down":{"uv":[0.625,7.875,0.5,8.625],"rotation":0,"texture":"#0","tintindex":0}}}],"display":{"head":{"translation":[0.0,-6.4,0.0],"scale":[4.0,4.0,4.0]}}}