{"textures":{"particle":"minefreeze:item/hats/gfx_tax_hat"},"elements":[{"rotation":{"origin":[11.5,16,11.5],"angle":0,"axis":"y"},"from":[3.5,6,3.5],"to":[12.5,15,12.5],"faces":{"east":{"uv":[0.33333,8,3.33333,11],"texture":"#particle"},"south":{"uv":[0.33333,8,3.33333,11],"texture":"#particle"},"north":{"uv":[0.33333,8,3.33333,11],"texture":"#particle"},"west":{"uv":[0.33333,8,3.33333,11],"texture":"#particle"}}},{"rotation":{"origin":[11.5,15,11.5],"angle":0,"axis":"y"},"from":[3.5,5,1.5],"to":[12.5,6,14.5],"faces":{"south":{"uv":[4.33333,4.66667,7.33333,5],"texture":"#particle"},"north":{"uv":[4.33333,4.66667,7.33333,5],"texture":"#particle"},"up":{"uv":[7.33333,4.66667,4.33333,0.33333],"texture":"#particle"},"down":{"uv":[7.33333,9.33333,4.33333,5],"texture":"#particle"}}},{"rotation":{"origin":[3.2294,5.65328,8],"angle":-22.5,"axis":"z"},"from":[2.7294,5.15328,1.5],"to":[3.7294,6.15328,14.5],"faces":{"south":{"uv":[8.33333,4.66667,8,5],"texture":"#particle"},"north":{"uv":[8,4.66667,8.33333,5],"texture":"#particle"},"west":{"uv":[10,0.33333,14.33333,0.66667],"texture":"#particle"},"up":{"uv":[8.33333,4.66667,8,0.33333],"texture":"#particle"},"down":{"uv":[8.33333,9.33333,8,5],"texture":"#particle"}}},{"rotation":{"origin":[12.7706,5.65328,8],"angle":22.5,"axis":"z"},"from":[12.2706,5.15328,1.5],"to":[13.2706,6.15328,14.5],"faces":{"east":{"uv":[14.33333,0.33333,10,0.66667],"texture":"#particle"},"south":{"uv":[8,4.66667,8.33333,5],"texture":"#particle"},"north":{"uv":[8.33333,4.66667,8,5],"texture":"#particle"},"up":{"uv":[8,4.66667,8.33333,0.33333],"texture":"#particle"},"down":{"uv":[8,9.33333,8.33333,5],"texture":"#particle"}}},{"rotation":{"origin":[3.2294,5.65328,8],"angle":-22.5,"axis":"z"},"from":[1.7294,5.15328,2.5],"to":[2.7294,6.15328,13.5],"faces":{"south":{"uv":[9.33333,4,9,4.33333],"texture":"#particle"},"north":{"uv":[9,4,9.33333,4.33333],"texture":"#particle"},"west":{"uv":[10,1.33333,13.66667,1.66667],"texture":"#particle"},"up":{"uv":[9.33333,4,9,0.33333],"texture":"#particle"},"down":{"uv":[9.33333,8,9,4.33333],"texture":"#particle"}}},{"rotation":{"origin":[12.7706,5.65328,8],"angle":22.5,"axis":"z"},"from":[13.2706,5.15328,2.5],"to":[14.2706,6.15328,13.5],"faces":{"east":{"uv":[13.66667,1.33333,10,1.66667],"texture":"#particle"},"south":{"uv":[9,4,9.33333,4.33333],"texture":"#particle"},"north":{"uv":[9.33333,4,9,4.33333],"texture":"#particle"},"up":{"uv":[9,4,9.33333,0.33333],"texture":"#particle"},"down":{"uv":[9,8,9.33333,4.33333],"texture":"#particle"}}},{"rotation":{"origin":[12,17,11],"angle":0,"axis":"y"},"from":[3,15,3],"to":[13,16,13],"faces":{"east":{"uv":[0.33333,3.66667,3.66667,4],"texture":"#particle"},"south":{"uv":[0.33333,3.66667,3.66667,4],"texture":"#particle"},"north":{"uv":[0.33333,3.66667,3.66667,4],"texture":"#particle"},"west":{"uv":[0.33333,3.66667,3.66667,4],"texture":"#particle"},"up":{"uv":[3.66667,3.66667,0.33333,0.33333],"texture":"#particle"},"down":{"uv":[3.66667,7.33333,0.33333,4],"texture":"#particle"}}}],"display":{"head":{"translation":[0,6.45,0],"scale":[1.61,1.61,1.61]},"firstperson_righthand":{"rotation":[0,45,0],"translation":[1,2,0.5],"scale":[0.4,0.4,0.4]},"thirdperson_lefthand":{"rotation":[75,45,0],"translation":[0,2.5,-0.25],"scale":[0.55,0.55,0.55]},"firstperson_lefthand":{"rotation":[0,45,0],"translation":[1,2,0.5],"scale":[0.4,0.4,0.4]},"thirdperson_righthand":{"rotation":[75,45,0],"translation":[0,2.5,-0.25],"scale":[0.55,0.55,0.55]},"gui":{"rotation":[30,225,0],"translation":[0,-1.5,0],"scale":[0.8,0.8,0.8]},"fixed":{"translation":[0,-2.5,0]}}}