{"textures":{"0":"modelengine:entity/nocsy_skeleton_necromancer_skin"},"elements":[{"from":[7.714286,-1.3714285,4.3999996],"to":[7.714286,8.342857,11.257143],"rotation":{"angle":0.0,"axis":"y","origin":[7.6571426,3.371428,7.428571]},"faces":{"east":{"uv":[2.625,1.0625,3.375,2.125],"rotation":0,"texture":"#0","tintindex":0},"south":{"uv":[0.0,0.0,0.0,1.0625],"rotation":0,"texture":"#0","tintindex":0},"north":{"uv":[0.0,0.0,0.0,1.0625],"rotation":0,"texture":"#0","tintindex":0},"west":{"uv":[2.625,2.125,3.375,3.1875],"rotation":0,"texture":"#0","tintindex":0},"up":{"uv":[0.0,0.75,0.0,0.0],"rotation":0,"texture":"#0","tintindex":0},"down":{"uv":[0.0,0.0,0.0,0.75],"rotation":0,"texture":"#0","tintindex":0}}},{"from":[6.6857142,-7.257144,4.3999996],"to":[6.6857142,-1.5428581,11.257143],"rotation":{"angle":-22.5,"axis":"z","origin":[7.714286,-4.228572,7.257143]},"faces":{"east":{"uv":[5.125,0.0,5.875,0.625],"rotation":0,"texture":"#0","tintindex":0},"south":{"uv":[0.0,0.0,0.0,0.625],"rotation":0,"texture":"#0","tintindex":0},"north":{"uv":[0.0,0.0,0.0,0.625],"rotation":0,"texture":"#0","tintindex":0},"west":{"uv":[5.125,0.625,5.875,1.25],"rotation":0,"texture":"#0","tintindex":0},"up":{"uv":[0.0,0.75,0.0,0.0],"rotation":0,"texture":"#0","tintindex":0},"down":{"uv":[0.0,0.0,0.0,0.75],"rotation":0,"texture":"#0","tintindex":0}}}],"display":{"head":{"translation":[0.0,-6.4,0.0],"scale":[4.0,4.0,4.0]}}}