{"textures":{"0":"modelengine:entity/iceboar"},"elements":[{"from":[5.714286,5.740897,2.8915224],"to":[10.285714,12.026612,10.320094],"rotation":{"angle":22.5,"axis":"x","origin":[9.714286,8.026611,6.3200936]},"faces":{"east":{"uv":[3.0,0.0,4.625,1.375],"rotation":0,"texture":"#0","tintindex":0},"south":{"uv":[5.125,5.5,6.125,6.875],"rotation":0,"texture":"#0","tintindex":0},"north":{"uv":[1.25,5.25,2.25,6.625],"rotation":0,"texture":"#0","tintindex":0},"west":{"uv":[3.25,1.375,4.875,2.75],"rotation":0,"texture":"#0","tintindex":0},"up":{"uv":[5.125,6.0,4.125,4.375],"rotation":0,"texture":"#0","tintindex":0},"down":{"uv":[5.625,2.75,4.625,4.375],"rotation":0,"texture":"#0","tintindex":0}}},{"from":[5.142857,5.169469,8.605808],"to":[10.857143,10.312326,13.748666],"rotation":{"angle":-22.5,"axis":"x","origin":[8.0,7.7408977,11.462951]},"faces":{"east":{"uv":[5.625,2.25,6.75,3.375],"rotation":0,"texture":"#0","tintindex":0},"south":{"uv":[4.875,1.125,6.125,2.25],"rotation":0,"texture":"#0","tintindex":0},"north":{"uv":[4.625,0.0,5.875,1.125],"rotation":0,"texture":"#0","tintindex":0},"west":{"uv":[5.875,0.0,7.0,1.125],"rotation":0,"texture":"#0","tintindex":0},"up":{"uv":[6.375,5.5,5.125,4.375],"rotation":0,"texture":"#0","tintindex":0},"down":{"uv":[1.25,5.25,0.0,6.375],"rotation":0,"texture":"#0","tintindex":0}}}],"display":{"head":{"translation":[0.0,-6.4,0.0],"scale":[4.0,4.0,4.0]}}}