{"textures":{"0":"modelengine:entity/frost_moth"},"elements":[{"from":[8.0,6.6897755,7.261204],"to":[8.0,12.404061,12.97549],"rotation":{"angle":45.0,"axis":"x","origin":[6.714286,10.118347,10.118347]},"faces":{"east":{"uv":[4.25,8.5,1.75,11.0],"rotation":0,"texture":"#0","tintindex":0},"south":{"uv":[0.0,0.0,0.0,2.5],"rotation":0,"texture":"#0","tintindex":0},"north":{"uv":[0.0,0.0,0.0,2.5],"rotation":0,"texture":"#0","tintindex":0},"west":{"uv":[1.75,8.5,4.25,11.0],"rotation":0,"texture":"#0","tintindex":0},"up":{"uv":[0.0,2.5,0.0,5.0],"rotation":0,"texture":"#0","tintindex":0},"down":{"uv":[0.0,0.0,0.0,2.5],"rotation":0,"texture":"#0","tintindex":0}}}],"display":{"head":{"translation":[0.0,-6.4,0.0],"scale":[4.0,4.0,4.0]}}}