{"textures":{"0":"modelengine:entity/nocsy_sewer_mosquito"},"elements":[{"from":[-5.714287,8.0,3.142857],"to":[8.571428,8.0,12.857143],"rotation":{"angle":0.0,"axis":"y","origin":[9.428572,5.428571,6.857143]},"faces":{"east":{"uv":[8.875,4.25,11.0,4.25],"rotation":0,"texture":"#0","tintindex":0},"south":{"uv":[8.875,4.375,12.0,4.375],"rotation":0,"texture":"#0","tintindex":0},"north":{"uv":[8.875,4.125,12.0,4.125],"rotation":0,"texture":"#0","tintindex":0},"west":{"uv":[8.875,4.5,11.0,4.5],"rotation":0,"texture":"#0","tintindex":0},"up":{"uv":[3.125,4.375,0.0,2.25],"rotation":0,"texture":"#0","tintindex":0},"down":{"uv":[3.125,2.25,0.0,4.375],"rotation":0,"texture":"#0","tintindex":0}}}],"display":{"head":{"translation":[0.0,-6.4,0.0],"scale":[4.0,4.0,4.0]}}}