{"textures":{"0":"modelengine:entity/nocsy_sewer_rat"},"elements":[{"from":[5.428571,6.5714283,3.142857],"to":[9.428572,10.571428,7.714286],"rotation":{"angle":0.0,"axis":"y","origin":[8.0,8.0,8.0]},"faces":{"east":{"uv":[5.5,5.0,6.5,5.875],"rotation":0,"texture":"#0","tintindex":0},"south":{"uv":[1.0,6.375,1.875,7.25],"rotation":0,"texture":"#0","tintindex":0},"north":{"uv":[2.5,6.125,3.375,7.0],"rotation":0,"texture":"#0","tintindex":0},"west":{"uv":[5.625,0.0,6.625,0.875],"rotation":0,"texture":"#0","tintindex":0},"up":{"uv":[6.5,2.0,5.625,1.0],"rotation":0,"texture":"#0","tintindex":0},"down":{"uv":[6.5,2.125,5.625,3.125],"rotation":0,"texture":"#0","tintindex":0}}},{"from":[5.428571,6.2005115,5.3180275],"to":[9.428572,6.2005115,8.175171],"rotation":{"angle":22.5,"axis":"x","origin":[7.428571,7.5444827,6.0199485]},"faces":{"east":{"uv":[6.75,0.875,7.375,0.875],"rotation":0,"texture":"#0","tintindex":0},"south":{"uv":[1.875,11.625,2.75,11.625],"rotation":0,"texture":"#0","tintindex":0},"north":{"uv":[11.625,1.375,12.5,1.375],"rotation":0,"texture":"#0","tintindex":0},"west":{"uv":[11.625,3.0,12.25,3.0],"rotation":0,"texture":"#0","tintindex":0},"up":{"uv":[8.5,4.875,7.625,4.25],"rotation":0,"texture":"#0","tintindex":0},"down":{"uv":[8.5,4.25,7.625,4.875],"rotation":0,"texture":"#0","tintindex":0}}},{"from":[5.428571,10.941818,3.6039605],"to":[9.428572,10.941818,6.4611034],"rotation":{"angle":-22.5,"axis":"x","origin":[7.428571,9.597847,4.3058815]},"faces":{"east":{"uv":[11.625,3.25,12.25,3.25],"rotation":0,"texture":"#0","tintindex":0},"south":{"uv":[11.625,3.375,12.5,3.375],"rotation":0,"texture":"#0","tintindex":0},"north":{"uv":[11.625,3.125,12.5,3.125],"rotation":0,"texture":"#0","tintindex":0},"west":{"uv":[11.625,3.5,12.25,3.5],"rotation":0,"texture":"#0","tintindex":0},"up":{"uv":[5.25,8.25,4.375,7.625],"rotation":0,"texture":"#0","tintindex":0},"down":{"uv":[5.25,7.625,4.375,8.25],"rotation":0,"texture":"#0","tintindex":0}}},{"from":[5.428571,10.067113,5.7156854],"to":[9.428572,10.067113,8.572828],"rotation":{"angle":-22.5,"axis":"x","origin":[7.428571,9.597847,4.3058815]},"faces":{"east":{"uv":[11.625,3.75,12.25,3.75],"rotation":0,"texture":"#0","tintindex":0},"south":{"uv":[3.875,11.625,4.75,11.625],"rotation":0,"texture":"#0","tintindex":0},"north":{"uv":[11.625,3.625,12.5,3.625],"rotation":0,"texture":"#0","tintindex":0},"west":{"uv":[11.625,3.875,12.25,3.875],"rotation":0,"texture":"#0","tintindex":0},"up":{"uv":[6.25,8.25,5.375,7.625],"rotation":0,"texture":"#0","tintindex":0},"down":{"uv":[6.25,7.625,5.375,8.25],"rotation":0,"texture":"#0","tintindex":0}}},{"from":[4.4016256,6.5714283,3.7342343],"to":[4.4016256,10.571428,6.5913773],"rotation":{"angle":-22.5,"axis":"y","origin":[6.4016256,8.571428,6.0199485]},"faces":{"east":{"uv":[8.375,5.75,7.75,6.625],"rotation":0,"texture":"#0","tintindex":0},"south":{"uv":[9.875,11.375,9.875,12.25],"rotation":0,"texture":"#0","tintindex":0},"north":{"uv":[9.0,11.125,9.0,12.0],"rotation":0,"texture":"#0","tintindex":0},"west":{"uv":[7.75,5.75,8.375,6.625],"rotation":0,"texture":"#0","tintindex":0},"up":{"uv":[2.875,6.0,2.875,5.375],"rotation":0,"texture":"#0","tintindex":0},"down":{"uv":[2.375,6.375,2.375,7.0],"rotation":0,"texture":"#0","tintindex":0}}},{"from":[5.4950066,6.5714283,6.37389],"to":[5.4950066,10.571428,9.231033],"rotation":{"angle":-22.5,"axis":"y","origin":[6.4016256,8.571428,6.0199485]},"faces":{"east":{"uv":[4.125,7.875,3.5,8.75],"rotation":0,"texture":"#0","tintindex":0},"south":{"uv":[6.625,11.5,6.625,12.375],"rotation":0,"texture":"#0","tintindex":0},"north":{"uv":[10.0,11.375,10.0,12.25],"rotation":0,"texture":"#0","tintindex":0},"west":{"uv":[3.5,7.875,4.125,8.75],"rotation":0,"texture":"#0","tintindex":0},"up":{"uv":[6.625,7.5,6.625,6.875],"rotation":0,"texture":"#0","tintindex":0},"down":{"uv":[0.75,7.875,0.75,8.5],"rotation":0,"texture":"#0","tintindex":0}}},{"from":[9.362136,6.5714283,6.37389],"to":[9.362136,10.571428,9.231033],"rotation":{"angle":22.5,"axis":"y","origin":[8.455518,8.571428,6.0199485]},"faces":{"east":{"uv":[4.125,7.875,3.5,8.75],"rotation":0,"texture":"#0","tintindex":0},"south":{"uv":[6.625,11.5,6.625,12.375],"rotation":0,"texture":"#0","tintindex":0},"north":{"uv":[10.0,11.375,10.0,12.25],"rotation":0,"texture":"#0","tintindex":0},"west":{"uv":[3.5,7.875,4.125,8.75],"rotation":0,"texture":"#0","tintindex":0},"up":{"uv":[6.625,7.5,6.625,6.875],"rotation":0,"texture":"#0","tintindex":0},"down":{"uv":[0.75,7.875,0.75,8.5],"rotation":0,"texture":"#0","tintindex":0}}},{"from":[10.455518,6.5714283,3.7342343],"to":[10.455518,10.571428,6.5913773],"rotation":{"angle":22.5,"axis":"y","origin":[8.455518,8.571428,6.0199485]},"faces":{"east":{"uv":[8.375,5.75,7.75,6.625],"rotation":0,"texture":"#0","tintindex":0},"south":{"uv":[9.875,11.375,9.875,12.25],"rotation":0,"texture":"#0","tintindex":0},"north":{"uv":[9.0,11.125,9.0,12.0],"rotation":0,"texture":"#0","tintindex":0},"west":{"uv":[7.75,5.75,8.375,6.625],"rotation":0,"texture":"#0","tintindex":0},"up":{"uv":[2.875,6.0,2.875,5.375],"rotation":0,"texture":"#0","tintindex":0},"down":{"uv":[2.375,6.375,2.375,7.0],"rotation":0,"texture":"#0","tintindex":0}}},{"from":[5.3142858,8.057143,2.9142857],"to":[6.457143,9.2,3.485714],"rotation":{"angle":0.0,"axis":"y","origin":[8.0,8.0,8.0]},"faces":{"east":{"uv":[1.25,4.625,1.375,4.875],"rotation":0,"texture":"#0","tintindex":0},"south":{"uv":[8.875,8.25,9.125,8.5],"rotation":0,"texture":"#0","tintindex":0},"north":{"uv":[8.25,3.125,8.5,3.375],"rotation":0,"texture":"#0","tintindex":0},"west":{"uv":[1.25,5.0,1.375,5.25],"rotation":0,"texture":"#0","tintindex":0},"up":{"uv":[9.5,6.625,9.25,6.5],"rotation":0,"texture":"#0","tintindex":0},"down":{"uv":[10.125,6.25,9.875,6.375],"rotation":0,"texture":"#0","tintindex":0}}},{"from":[5.642857,8.228572,2.871428],"to":[6.214286,8.8,2.871428],"rotation":{"angle":0.0,"axis":"y","origin":[8.0,8.0,8.0]},"faces":{"east":{"uv":[1.25,4.625,1.375,4.875],"rotation":0,"texture":"#0","tintindex":0},"south":{"uv":[12.0,3.75,11.875,3.875],"rotation":0,"texture":"#0","tintindex":0},"north":{"uv":[11.875,3.75,12.0,3.875],"rotation":0,"texture":"#0","tintindex":0},"west":{"uv":[1.0,12.5,1.125,12.75],"rotation":0,"texture":"#0","tintindex":0},"up":{"uv":[9.5,6.625,9.25,6.5],"rotation":0,"texture":"#0","tintindex":0},"down":{"uv":[10.125,6.25,9.875,6.375],"rotation":0,"texture":"#0","tintindex":0}}},{"from":[8.642858,8.228572,2.871428],"to":[9.214286,8.8,2.871428],"rotation":{"angle":0.0,"axis":"y","origin":[6.857143,8.0,8.0]},"faces":{"east":{"uv":[1.125,12.5,1.0,12.75],"rotation":0,"texture":"#0","tintindex":0},"south":{"uv":[11.875,3.75,12.0,3.875],"rotation":0,"texture":"#0","tintindex":0},"north":{"uv":[12.0,3.75,11.875,3.875],"rotation":0,"texture":"#0","tintindex":0},"west":{"uv":[1.375,4.625,1.25,4.875],"rotation":0,"texture":"#0","tintindex":0},"up":{"uv":[9.25,6.625,9.5,6.5],"rotation":0,"texture":"#0","tintindex":0},"down":{"uv":[9.875,6.25,10.125,6.375],"rotation":0,"texture":"#0","tintindex":0}}},{"from":[4.9313974,8.986457,2.7999997],"to":[6.6456833,9.557885,3.9428568],"rotation":{"angle":-22.5,"axis":"z","origin":[5.7885404,9.272171,3.371428]},"faces":{"east":{"uv":[11.0,6.0,11.25,6.125],"rotation":0,"texture":"#0","tintindex":0},"south":{"uv":[11.375,6.375,11.75,6.5],"rotation":0,"texture":"#0","tintindex":0},"north":{"uv":[10.5,6.0,10.875,6.125],"rotation":0,"texture":"#0","tintindex":0},"west":{"uv":[11.5,10.5,11.75,10.625],"rotation":0,"texture":"#0","tintindex":0},"up":{"uv":[9.75,5.0,9.375,4.75],"rotation":0,"texture":"#0","tintindex":0},"down":{"uv":[6.625,11.125,6.25,11.375],"rotation":0,"texture":"#0","tintindex":0}}},{"from":[6.4681096,8.592602,2.7999997],"to":[7.0395384,9.16403,3.9428568],"rotation":{"angle":22.5,"axis":"z","origin":[6.753824,8.306888,3.371428]},"faces":{"east":{"uv":[11.25,11.5,11.5,11.625],"rotation":0,"texture":"#0","tintindex":0},"south":{"uv":[6.375,4.75,6.5,4.875],"rotation":0,"texture":"#0","tintindex":0},"north":{"uv":[1.0,6.125,1.125,6.25],"rotation":0,"texture":"#0","tintindex":0},"west":{"uv":[11.625,0.375,11.875,0.5],"rotation":0,"texture":"#0","tintindex":0},"up":{"uv":[1.125,6.0,1.0,5.75],"rotation":0,"texture":"#0","tintindex":0},"down":{"uv":[6.5,4.375,6.375,4.625],"rotation":0,"texture":"#0","tintindex":0}}},{"from":[7.8176045,8.592602,2.7999997],"to":[8.389033,9.16403,3.9428568],"rotation":{"angle":-22.5,"axis":"z","origin":[8.103319,8.306888,3.371428]},"faces":{"east":{"uv":[11.625,0.625,11.875,0.75],"rotation":0,"texture":"#0","tintindex":0},"south":{"uv":[9.625,8.0,9.75,8.125],"rotation":0,"texture":"#0","tintindex":0},"north":{"uv":[2.75,9.25,2.875,9.375],"rotation":0,"texture":"#0","tintindex":0},"west":{"uv":[0.75,11.625,1.0,11.75],"rotation":0,"texture":"#0","tintindex":0},"up":{"uv":[1.375,9.75,1.25,9.5],"rotation":0,"texture":"#0","tintindex":0},"down":{"uv":[7.625,9.875,7.5,10.125],"rotation":0,"texture":"#0","tintindex":0}}},{"from":[8.4,8.057143,2.9142857],"to":[9.542857,9.2,3.485714],"rotation":{"angle":0.0,"axis":"y","origin":[6.857143,8.0,8.0]},"faces":{"east":{"uv":[2.5,10.125,2.625,10.375],"rotation":0,"texture":"#0","tintindex":0},"south":{"uv":[8.625,11.125,8.875,11.375],"rotation":0,"texture":"#0","tintindex":0},"north":{"uv":[6.875,9.375,7.125,9.625],"rotation":0,"texture":"#0","tintindex":0},"west":{"uv":[3.625,10.375,3.75,10.625],"rotation":0,"texture":"#0","tintindex":0},"up":{"uv":[11.875,1.0,11.625,0.875],"rotation":0,"texture":"#0","tintindex":0},"down":{"uv":[1.375,11.625,1.125,11.75],"rotation":0,"texture":"#0","tintindex":0}}},{"from":[8.211459,8.986457,2.7999997],"to":[9.925745,9.557885,3.9428568],"rotation":{"angle":22.5,"axis":"z","origin":[9.068603,9.272171,3.371428]},"faces":{"east":{"uv":[11.625,1.125,11.875,1.25],"rotation":0,"texture":"#0","tintindex":0},"south":{"uv":[11.5,10.25,11.875,10.375],"rotation":0,"texture":"#0","tintindex":0},"north":{"uv":[11.5,10.0,11.875,10.125],"rotation":0,"texture":"#0","tintindex":0},"west":{"uv":[1.5,11.625,1.75,11.75],"rotation":0,"texture":"#0","tintindex":0},"up":{"uv":[11.5,8.375,11.125,8.125],"rotation":0,"texture":"#0","tintindex":0},"down":{"uv":[11.5,8.5,11.125,8.75],"rotation":0,"texture":"#0","tintindex":0}}},{"from":[2.1801276,7.0280943,5.704749],"to":[6.7515564,12.170952,5.704749],"rotation":{"angle":-22.5,"axis":"z","origin":[5.714286,9.428572,7.714286]},"faces":{"east":{"uv":[5.125,11.625,5.125,12.75],"rotation":0,"texture":"#0","tintindex":0},"south":{"uv":[5.5,0.0,4.5,1.125],"rotation":0,"texture":"#0","tintindex":0},"north":{"uv":[4.5,0.0,5.5,1.125],"rotation":0,"texture":"#0","tintindex":0},"west":{"uv":[5.25,11.625,5.25,12.75],"rotation":0,"texture":"#0","tintindex":0},"up":{"uv":[12.625,5.0,11.625,5.0],"rotation":0,"texture":"#0","tintindex":0},"down":{"uv":[12.625,5.125,11.625,5.125],"rotation":0,"texture":"#0","tintindex":0}}},{"from":[8.105586,7.0280943,5.704749],"to":[12.677015,12.170952,5.704749],"rotation":{"angle":22.5,"axis":"z","origin":[9.142858,9.428572,7.714286]},"faces":{"east":{"uv":[5.25,11.625,5.25,12.75],"rotation":0,"texture":"#0","tintindex":0},"south":{"uv":[4.5,0.0,5.5,1.125],"rotation":0,"texture":"#0","tintindex":0},"north":{"uv":[5.5,0.0,4.5,1.125],"rotation":0,"texture":"#0","tintindex":0},"west":{"uv":[5.125,11.625,5.125,12.75],"rotation":0,"texture":"#0","tintindex":0},"up":{"uv":[11.625,5.0,12.625,5.0],"rotation":0,"texture":"#0","tintindex":0},"down":{"uv":[11.625,5.125,12.625,5.125],"rotation":0,"texture":"#0","tintindex":0}}},{"from":[6.0,7.142857,0.85714245],"to":[8.857143,8.857143,3.142857],"rotation":{"angle":0.0,"axis":"y","origin":[8.0,8.0,8.0]},"faces":{"east":{"uv":[10.375,1.625,10.875,2.0],"rotation":0,"texture":"#0","tintindex":0},"south":{"uv":[10.375,1.125,11.0,1.5],"rotation":0,"texture":"#0","tintindex":0},"north":{"uv":[10.375,0.625,11.0,1.0],"rotation":0,"texture":"#0","tintindex":0},"west":{"uv":[10.375,2.125,10.875,2.5],"rotation":0,"texture":"#0","tintindex":0},"up":{"uv":[6.25,4.875,5.625,4.375],"rotation":0,"texture":"#0","tintindex":0},"down":{"uv":[0.625,9.625,0.0,10.125],"rotation":0,"texture":"#0","tintindex":0}}},{"from":[2.5714283,5.428571,1.9999995],"to":[6.5714283,8.857143,1.9999995],"rotation":{"angle":22.5,"axis":"z","origin":[4.285714,8.0,1.9999995]},"faces":{"east":{"uv":[5.625,11.625,5.625,12.375],"rotation":0,"texture":"#0","tintindex":0},"south":{"uv":[7.5,5.0,6.625,5.75],"rotation":0,"texture":"#0","tintindex":0},"north":{"uv":[6.625,5.0,7.5,5.75],"rotation":0,"texture":"#0","tintindex":0},"west":{"uv":[5.75,11.625,5.75,12.375],"rotation":0,"texture":"#0","tintindex":0},"up":{"uv":[12.5,5.5,11.625,5.5],"rotation":0,"texture":"#0","tintindex":0},"down":{"uv":[12.5,5.625,11.625,5.625],"rotation":0,"texture":"#0","tintindex":0}}},{"from":[8.285714,5.428571,1.9999995],"to":[12.285715,8.857143,1.9999995],"rotation":{"angle":-22.5,"axis":"z","origin":[10.571428,8.0,1.9999995]},"faces":{"east":{"uv":[5.75,11.625,5.75,12.375],"rotation":0,"texture":"#0","tintindex":0},"south":{"uv":[6.625,5.0,7.5,5.75],"rotation":0,"texture":"#0","tintindex":0},"north":{"uv":[7.5,5.0,6.625,5.75],"rotation":0,"texture":"#0","tintindex":0},"west":{"uv":[5.625,11.625,5.625,12.375],"rotation":0,"texture":"#0","tintindex":0},"up":{"uv":[11.625,5.5,12.5,5.5],"rotation":0,"texture":"#0","tintindex":0},"down":{"uv":[11.625,5.625,12.5,5.625],"rotation":0,"texture":"#0","tintindex":0}}},{"from":[6.285714,5.701357,1.5522733],"to":[8.571428,6.844214,4.409416],"rotation":{"angle":-22.5,"axis":"x","origin":[7.428571,6.857143,2.2857141]},"faces":{"east":{"uv":[10.375,2.625,11.0,2.875],"rotation":0,"texture":"#0","tintindex":0},"south":{"uv":[11.125,7.75,11.625,8.0],"rotation":0,"texture":"#0","tintindex":0},"north":{"uv":[11.125,2.625,11.625,2.875],"rotation":0,"texture":"#0","tintindex":0},"west":{"uv":[4.875,10.375,5.5,10.625],"rotation":0,"texture":"#0","tintindex":0},"up":{"uv":[3.75,10.25,3.25,9.625],"rotation":0,"texture":"#0","tintindex":0},"down":{"uv":[10.125,6.5,9.625,7.125],"rotation":0,"texture":"#0","tintindex":0}}},{"from":[6.1714287,6.1367493,1.6029143],"to":[7.3142858,7.279607,1.6029143],"rotation":{"angle":-22.5,"axis":"x","origin":[7.4,6.0,1.1428566]},"faces":{"east":{"uv":[8.875,0.5,8.875,0.75],"rotation":0,"texture":"#0","tintindex":0},"south":{"uv":[11.375,9.625,11.125,9.875],"rotation":0,"texture":"#0","tintindex":0},"north":{"uv":[11.125,9.625,11.375,9.875],"rotation":0,"texture":"#0","tintindex":0},"west":{"uv":[9.75,10.0,9.75,10.25],"rotation":0,"texture":"#0","tintindex":0},"up":{"uv":[8.0,8.625,7.75,8.625],"rotation":0,"texture":"#0","tintindex":0},"down":{"uv":[9.125,8.625,8.875,8.625],"rotation":0,"texture":"#0","tintindex":0}}},{"from":[7.542857,6.1367493,1.6029143],"to":[8.685715,7.279607,1.6029143],"rotation":{"angle":-22.5,"axis":"x","origin":[7.457143,6.0,1.1428566]},"faces":{"east":{"uv":[9.75,10.0,9.75,10.25],"rotation":0,"texture":"#0","tintindex":0},"south":{"uv":[11.125,9.625,11.375,9.875],"rotation":0,"texture":"#0","tintindex":0},"north":{"uv":[11.375,9.625,11.125,9.875],"rotation":0,"texture":"#0","tintindex":0},"west":{"uv":[8.875,0.5,8.875,0.75],"rotation":0,"texture":"#0","tintindex":0},"up":{"uv":[7.75,8.625,8.0,8.625],"rotation":0,"texture":"#0","tintindex":0},"down":{"uv":[8.875,8.625,9.125,8.625],"rotation":0,"texture":"#0","tintindex":0}}},{"from":[6.857143,7.9428573,0.5142851],"to":[8.0,9.085714,1.6571422],"rotation":{"angle":0.0,"axis":"y","origin":[7.714286,8.0,8.0]},"faces":{"east":{"uv":[0.75,11.25,1.0,11.5],"rotation":0,"texture":"#0","tintindex":0},"south":{"uv":[1.625,11.25,1.875,11.5],"rotation":0,"texture":"#0","tintindex":0},"north":{"uv":[11.125,10.375,11.375,10.625],"rotation":0,"texture":"#0","tintindex":0},"west":{"uv":[2.0,11.25,2.25,11.5],"rotation":0,"texture":"#0","tintindex":0},"up":{"uv":[11.5,3.25,11.25,3.0],"rotation":0,"texture":"#0","tintindex":0},"down":{"uv":[11.5,4.125,11.25,4.375],"rotation":0,"texture":"#0","tintindex":0}}}],"display":{"head":{"translation":[0.0,-6.4,0.0],"scale":[4.0,4.0,4.0]}}}