{"textures":{"0":"modelengine:entity/nocsy_sewer_rat"},"elements":[{"from":[5.714286,5.430363,6.284517],"to":[8.571428,9.430364,10.284517],"rotation":{"angle":22.5,"axis":"x","origin":[4.285714,8.57322,8.855946]},"faces":{"east":{"uv":[6.625,3.0,7.5,3.875],"rotation":0,"texture":"#0","tintindex":0},"south":{"uv":[8.5,5.75,9.125,6.625],"rotation":0,"texture":"#0","tintindex":0},"north":{"uv":[6.5,8.375,7.125,9.25],"rotation":0,"texture":"#0","tintindex":0},"west":{"uv":[6.625,4.0,7.5,4.875],"rotation":0,"texture":"#0","tintindex":0},"up":{"uv":[9.25,4.0,8.625,3.125],"rotation":0,"texture":"#0","tintindex":0},"down":{"uv":[9.25,4.125,8.625,5.0],"rotation":0,"texture":"#0","tintindex":0}}},{"from":[6.0,4.220989,6.545308],"to":[8.285714,7.6495605,8.831022],"rotation":{"angle":0.0,"axis":"y","origin":[7.142857,5.733648,6.7519913]},"faces":{"east":{"uv":[9.375,3.0,9.875,3.75],"rotation":0,"texture":"#0","tintindex":0},"south":{"uv":[9.375,3.875,9.875,4.625],"rotation":0,"texture":"#0","tintindex":0},"north":{"uv":[9.25,9.125,9.75,9.875],"rotation":0,"texture":"#0","tintindex":0},"west":{"uv":[4.25,9.375,4.75,10.125],"rotation":0,"texture":"#0","tintindex":0},"up":{"uv":[10.75,7.75,10.25,7.25],"rotation":0,"texture":"#0","tintindex":0},"down":{"uv":[10.875,0.0,10.375,0.5],"rotation":0,"texture":"#0","tintindex":0}}}],"display":{"head":{"translation":[0.0,-6.4,0.0],"scale":[4.0,4.0,4.0]}}}