{"textures":{"0":"modelengine:entity/nocsy_sewer_rat"},"elements":[{"from":[6.5714283,6.7780266,7.5094523],"to":[9.428572,9.63517,12.080881],"rotation":{"angle":0.0,"axis":"y","origin":[8.0,10.178323,4.7356367]},"faces":{"east":{"uv":[4.375,6.875,5.375,7.5],"rotation":0,"texture":"#0","tintindex":0},"south":{"uv":[8.875,7.5,9.5,8.125],"rotation":0,"texture":"#0","tintindex":0},"north":{"uv":[8.875,6.75,9.5,7.375],"rotation":0,"texture":"#0","tintindex":0},"west":{"uv":[5.5,6.875,6.5,7.5],"rotation":0,"texture":"#0","tintindex":0},"up":{"uv":[2.625,8.125,2.0,7.125],"rotation":0,"texture":"#0","tintindex":0},"down":{"uv":[3.375,7.125,2.75,8.125],"rotation":0,"texture":"#0","tintindex":0}}}],"display":{"head":{"translation":[0.0,-6.4,0.0],"scale":[4.0,4.0,4.0]}}}