{
    "providers":[
        {"type":"bitmap","file":"minefreeze:ranks/sealtag.png","ascent":7,"height":7,"chars":["\ue100"]},
        {"type":"bitmap","file":"minefreeze:ranks/penguintag.png","ascent":7,"height":7,"chars":["\ue101"]},
        {"type":"bitmap","file":"minefreeze:ranks/walrustag.png","ascent":7,"height":7,"chars":["\ue102"]},
        {"type":"bitmap","file":"minefreeze:ranks/narwhaltag.png","ascent":7,"height":7,"chars":["\ue103"]},
        {"type":"bitmap","file":"minefreeze:ranks/polarbeartag.png","ascent":7,"height":7,"chars":["\ue104"]},
        {"type":"bitmap","file":"minefreeze:ranks/guidetag.png","ascent":7,"height":7,"chars":["\ue105"]},
        {"type":"bitmap","file":"minefreeze:ranks/modtag.png","ascent":7,"height":7,"chars":["\ue106"]},
        {"type":"bitmap","file":"minefreeze:ranks/admintag.png","ascent":7,"height":7,"chars":["\ue107"]},
        {"type":"bitmap","file":"minefreeze:ranks/ownertag.png","ascent":7,"height":7,"chars":["\ue108"]},
        {"type":"bitmap","file":"minefreeze:ranks/system.png","ascent":7,"height":7,"chars":["\ue109"]},
        {"type":"bitmap","file":"minefreeze:misc/minefreezelogo.png","ascent":55,"height":55,"chars":["\ue110"]},
        {"type":"bitmap","file":"minefreeze:ranks/npctag.png","ascent":7,"height":7,"chars":["\ue111"]},
        {"type":"bitmap","file":"minefreeze:ranks/snowtag.png","ascent":7,"height":7,"chars":["\ue112"]},
        {"type":"bitmap","file":"minefreeze:ranks/icetag.png","ascent":7,"height":7,"chars":["\ue113"]},
        {"type":"bitmap","file":"minefreeze:ranks/glaciertag.png","ascent":7,"height":7,"chars":["\ue114"]},
        {"type":"bitmap","file":"minefreeze:ranks/blizzardtag.png","ascent":7,"height":7,"chars":["\ue115"]},
        {"type":"bitmap","file":"minefreeze:ranks/frozentag.png","ascent":7,"height":7,"chars":["\ue116"]},
        {"type":"bitmap","file":"minefreeze:icons/gem.png","ascent":7,"height":7,"chars":["\ue117"]},
        {"type":"bitmap","file":"minefreeze:icons/gemstag.png","ascent":7,"height":7,"chars":["\ue118"]},
        {"type":"bitmap","file":"minefreeze:icons/blueerror.png","ascent":7,"height":7,"chars":["\ue119"]},
        {"type":"bitmap","file":"minefreeze:ranks/wankertag.png","ascent":7,"height":7,"chars":["\ue120"]},
        {"type":"bitmap","file":"minefreeze:rarities/common.png","ascent":7,"height":7,"chars":["\ue121"]},
        {"type":"bitmap","file":"minefreeze:rarities/uncommon.png","ascent":7,"height":7,"chars":["\ue122"]},
        {"type":"bitmap","file":"minefreeze:rarities/rare.png","ascent":7,"height":7,"chars":["\ue123"]},
        {"type":"bitmap","file":"minefreeze:rarities/epic.png","ascent":7,"height":7,"chars":["\ue124"]},
        {"type":"bitmap","file":"minefreeze:rarities/legendary.png","ascent":7,"height":7,"chars":["\ue125"]},
        {"type":"bitmap","file":"minefreeze:ranks/beartag.png","ascent":7,"height":7,"chars":["\ue126"]},
        {"type":"bitmap","file":"minefreeze:ranks/owltag.png","ascent":7,"height":7,"chars":["\ue127"]},
        {"type":"bitmap","file":"minefreeze:ranks/foxtag.png","ascent":7,"height":7,"chars":["\ue128"]},
        {"type":"bitmap","file":"minefreeze:ranks/wolftag.png","ascent":7,"height":7,"chars":["\ue129"]},
        {"type":"bitmap","file":"minefreeze:ranks/reindeertag.png","ascent":7,"height":7,"chars":["\ue130"]},
        {"type":"bitmap","file":"minefreeze:ranks/rabbittag.png","ascent":7,"height":7,"chars":["\ue131"]},
        {"type":"bitmap","file":"minefreeze:ranks/deertag.png","ascent":7,"height":7,"chars":["\ue132"]},
        {"type":"bitmap","file":"minefreeze:ranks/ottertag.png","ascent":7,"height":7,"chars":["\ue133"]},
        {"type":"bitmap","file":"minefreeze:ranks/moosetag.png","ascent":7,"height":7,"chars":["\ue134"]},
        {"type":"bitmap","file":"minefreeze:ranks/cougartag.png","ascent":7,"height":7,"chars":["\ue135"]},
        {"type":"bitmap","file":"minefreeze:ranks/beetag.png","ascent":7,"height":7,"chars":["\ue136"]},
        {"type":"bitmap","file":"minefreeze:ranks/pigtag.png","ascent":7,"height":7,"chars":["\ue137"]},
        {"type":"bitmap","file":"minefreeze:ranks/cowtag.png","ascent":7,"height":7,"chars":["\ue138"]},
        {"type":"bitmap","file":"minefreeze:ranks/sheeptag.png","ascent":7,"height":7,"chars":["\ue139"]},
        {"type":"bitmap","file":"minefreeze:ranks/chickentag.png","ascent":7,"height":7,"chars":["\ue140"]},
        {"type":"bitmap","file":"minefreeze:ranks/managertag.png","ascent":7,"height":7,"chars":["\ue141"]},
        {"type":"bitmap","file":"minefreeze:ranks/developertag.png","ascent":7,"height":7,"chars":["\ue142"]},
        {"type":"bitmap","file":"minefreeze:ranks/sradmintag.png","ascent":7,"height":7,"chars":["\ue143"]},
        {"type":"bitmap","file":"minefreeze:ranks/srmodtag.png","ascent":7,"height":7,"chars":["\ue144"]},
        {"type":"bitmap","file":"minefreeze:ranks/membertag.png","ascent":7,"height":7,"chars":["\ue145"]},
        {"type":"bitmap","file":"minefreeze:ranks/arenatag.png","ascent":7,"height":7,"chars":["\ue146"]},
        {"type":"bitmap","file":"minefreeze:ranks/eventstafftag.png","ascent":7,"height":7,"chars":["\ue147"]},
        {"type":"bitmap","file":"minefreeze:ranks/eventleadtag.png","ascent":7,"height":7,"chars":["\ue148"]},
        {"type":"bitmap","file":"minefreeze:ranks/frostbitetag.png","ascent":7,"height":7,"chars":["\ue149"]},
        {"type":"bitmap","file":"minefreeze:ranks/auroratag.png","ascent":7,"height":7,"chars":["\ue150"]},
        {"type":"bitmap","file":"minefreeze:ranks/iceboundtag.png","ascent":7,"height":7,"chars":["\ue151"]},
        {"type":"bitmap","file":"minefreeze:ranks/glacialtag.png","ascent":7,"height":7,"chars":["\ue152"]},
        {"type":"bitmap","file":"minefreeze:ranks/icereapertag.png","ascent":7,"height":7,"chars":["\ue153"]},
        {"type":"bitmap","file":"minefreeze:ranks/tradetag.png","ascent":7,"height":7,"chars":["\ue154"]},
        {"type":"bitmap","file":"minefreeze:ranks/chatgamestag.png","ascent":7,"height":7,"chars":["\ue155"]},
        {"type":"bitmap","file":"minefreeze:ranks/dungeontag.png","ascent":7,"height":7,"chars":["\ue156"]},
        {"type":"bitmap","file":"minefreeze:ranks/snowflaketag.png","ascent":7,"height":7,"chars":["\ue157"]},
        {"type":"bitmap","file":"minefreeze:ranks/crown.png","ascent":7,"height":7,"chars":["\ue158"]},
        {"type":"bitmap","file":"minefreeze:ranks/ruby.png","ascent":7,"height":7,"chars":["\ue159"]}
    ]
}