{"textures":{"0":"modelengine:entity/frostbear"},"elements":[{"from":[5.428571,4.6351757,5.8106604],"to":[9.428572,10.349462,11.524946],"rotation":{"angle":0.0,"axis":"y","origin":[7.428571,9.778033,6.0963745]},"faces":{"east":{"uv":[3.75,2.75,4.375,3.375],"rotation":0,"texture":"#0","tintindex":0},"south":{"uv":[0.4375,5.0,0.875,5.625],"rotation":0,"texture":"#0","tintindex":0},"north":{"uv":[0.0,5.0,0.4375,5.625],"rotation":0,"texture":"#0","tintindex":0},"west":{"uv":[3.75,3.375,4.375,4.0],"rotation":0,"texture":"#0","tintindex":0},"up":{"uv":[2.75,5.625,2.3125,5.0],"rotation":0,"texture":"#0","tintindex":0},"down":{"uv":[5.4375,2.5,5.0,3.125],"rotation":0,"texture":"#0","tintindex":0}}},{"from":[6.285714,4.0637474,8.0963745],"to":[8.571428,8.063747,14.38209],"rotation":{"angle":22.5,"axis":"x","origin":[7.428571,7.492319,8.667803]},"faces":{"east":{"uv":[4.5,2.0625,5.1875,2.5],"rotation":0,"texture":"#0","tintindex":0},"south":{"uv":[3.375,0.0,3.625,0.4375],"rotation":0,"texture":"#0","tintindex":0},"north":{"uv":[2.625,3.25,2.875,3.6875],"rotation":0,"texture":"#0","tintindex":0},"west":{"uv":[5.625,3.6875,6.3125,4.125],"rotation":0,"texture":"#0","tintindex":0},"up":{"uv":[3.375,0.6875,3.125,0.0],"rotation":0,"texture":"#0","tintindex":0},"down":{"uv":[2.625,3.25,2.375,3.9375],"rotation":0,"texture":"#0","tintindex":0}}}],"display":{"head":{"translation":[0.0,-6.4,0.0],"scale":[4.0,4.0,4.0]}}}