{"textures":{"0":"modelengine:entity/frostbear"},"elements":[{"from":[3.3245826,6.484093,0.2964449],"to":[3.3245826,11.62695,5.4393015],"rotation":{"angle":-45.0,"axis":"y","origin":[3.3245826,9.055522,2.8678732]},"faces":{"east":{"uv":[5.625,5.9375,5.0625,6.5],"rotation":0,"texture":"#0","tintindex":0},"south":{"uv":[0.0,0.0,0.0,0.5625],"rotation":0,"texture":"#0","tintindex":0},"north":{"uv":[0.0,0.0,0.0,0.5625],"rotation":0,"texture":"#0","tintindex":0},"west":{"uv":[5.0625,5.9375,5.625,6.5],"rotation":0,"texture":"#0","tintindex":0},"up":{"uv":[0.0,0.5625,0.0,0.0],"rotation":0,"texture":"#0","tintindex":0},"down":{"uv":[0.0,0.0,0.0,0.5625],"rotation":0,"texture":"#0","tintindex":0}}},{"from":[5.714286,6.462413,1.1664052],"to":[6.285714,8.748127,1.7378335],"rotation":{"angle":-45.0,"axis":"x","origin":[8.0,6.747163,0.47816992]},"faces":{"east":{"uv":[2.3125,3.5625,2.375,3.8125],"rotation":0,"texture":"#0","tintindex":0},"south":{"uv":[4.75,0.8125,4.8125,1.0625],"rotation":0,"texture":"#0","tintindex":0},"north":{"uv":[2.3125,3.3125,2.375,3.5625],"rotation":0,"texture":"#0","tintindex":0},"west":{"uv":[4.75,1.0625,4.8125,1.3125],"rotation":0,"texture":"#0","tintindex":0},"up":{"uv":[2.4375,1.3125,2.375,1.25],"rotation":0,"texture":"#0","tintindex":0},"down":{"uv":[2.5,1.25,2.4375,1.3125],"rotation":0,"texture":"#0","tintindex":0}}},{"from":[6.285714,6.198379,-0.378973],"to":[9.714286,8.484094,1.9067411],"rotation":{"angle":-22.5,"axis":"x","origin":[8.0,6.747163,0.47816992]},"faces":{"east":{"uv":[1.125,5.8125,1.375,6.0625],"rotation":0,"texture":"#0","tintindex":0},"south":{"uv":[4.5,2.5,4.875,2.75],"rotation":0,"texture":"#0","tintindex":0},"north":{"uv":[2.0,3.875,2.375,4.125],"rotation":0,"texture":"#0","tintindex":0},"west":{"uv":[1.375,5.8125,1.625,6.0625],"rotation":0,"texture":"#0","tintindex":0},"up":{"uv":[6.0625,0.875,5.6875,0.625],"rotation":0,"texture":"#0","tintindex":0},"down":{"uv":[6.0625,0.875,5.6875,1.125],"rotation":0,"texture":"#0","tintindex":0}}},{"from":[7.428571,7.6269503,-0.66468716],"to":[8.571428,8.769808,0.47816992],"rotation":{"angle":-22.5,"axis":"x","origin":[8.0,6.747163,0.47816992]},"faces":{"east":{"uv":[4.375,3.875,4.5,4.0],"rotation":0,"texture":"#0","tintindex":0},"south":{"uv":[4.5,3.875,4.625,4.0],"rotation":0,"texture":"#0","tintindex":0},"north":{"uv":[3.0,3.75,3.125,3.875],"rotation":0,"texture":"#0","tintindex":0},"west":{"uv":[4.625,3.875,4.75,4.0],"rotation":0,"texture":"#0","tintindex":0},"up":{"uv":[4.875,0.6875,4.75,0.5625],"rotation":0,"texture":"#0","tintindex":0},"down":{"uv":[4.875,0.6875,4.75,0.8125],"rotation":0,"texture":"#0","tintindex":0}}},{"from":[9.714286,6.462413,1.1664052],"to":[10.285714,8.748127,1.7378335],"rotation":{"angle":-45.0,"axis":"x","origin":[8.0,6.747163,0.47816992]},"faces":{"east":{"uv":[4.8125,1.0625,4.75,1.3125],"rotation":0,"texture":"#0","tintindex":0},"south":{"uv":[4.8125,0.8125,4.75,1.0625],"rotation":0,"texture":"#0","tintindex":0},"north":{"uv":[2.375,3.3125,2.3125,3.5625],"rotation":0,"texture":"#0","tintindex":0},"west":{"uv":[2.375,3.5625,2.3125,3.8125],"rotation":0,"texture":"#0","tintindex":0},"up":{"uv":[2.375,1.3125,2.4375,1.25],"rotation":0,"texture":"#0","tintindex":0},"down":{"uv":[2.4375,1.25,2.5,1.3125],"rotation":0,"texture":"#0","tintindex":0}}},{"from":[6.857143,4.2383604,-0.30207253],"to":[8.0,6.524075,0.26935673],"rotation":{"angle":-45.0,"axis":"x","origin":[8.0,6.747163,0.47816992]},"faces":{"east":{"uv":[4.8125,3.875,4.875,4.125],"rotation":0,"texture":"#0","tintindex":0},"south":{"uv":[4.8125,1.0625,4.9375,1.3125],"rotation":0,"texture":"#0","tintindex":0},"north":{"uv":[4.8125,0.8125,4.9375,1.0625],"rotation":0,"texture":"#0","tintindex":0},"west":{"uv":[4.8125,4.125,4.875,4.375],"rotation":0,"texture":"#0","tintindex":0},"up":{"uv":[2.625,1.3125,2.5,1.25],"rotation":0,"texture":"#0","tintindex":0},"down":{"uv":[3.25,0.875,3.125,0.9375],"rotation":0,"texture":"#0","tintindex":0}}},{"from":[8.571428,5.381218,-0.30207253],"to":[9.142858,6.524075,0.26935673],"rotation":{"angle":-45.0,"axis":"x","origin":[8.0,6.747163,0.47816992]},"faces":{"east":{"uv":[4.75,3.875,4.8125,4.0],"rotation":0,"texture":"#0","tintindex":0},"south":{"uv":[4.8125,1.3125,4.875,1.4375],"rotation":0,"texture":"#0","tintindex":0},"north":{"uv":[4.75,1.3125,4.8125,1.4375],"rotation":0,"texture":"#0","tintindex":0},"west":{"uv":[2.3125,4.8125,2.375,4.9375],"rotation":0,"texture":"#0","tintindex":0},"up":{"uv":[3.3125,0.9375,3.25,0.875],"rotation":0,"texture":"#0","tintindex":0},"down":{"uv":[3.375,0.875,3.3125,0.9375],"rotation":0,"texture":"#0","tintindex":0}}},{"from":[7.9055047,9.311384,-1.2361164],"to":[7.9055047,16.168528,8.47817],"rotation":{"angle":22.5,"axis":"z","origin":[7.9055047,10.454242,3.6210275]},"faces":{"east":{"uv":[6.125,6.5,5.0625,7.25],"rotation":0,"texture":"#0","tintindex":0},"south":{"uv":[0.0,0.0,0.0,0.75],"rotation":0,"texture":"#0","tintindex":0},"north":{"uv":[0.0,0.0,0.0,0.75],"rotation":0,"texture":"#0","tintindex":0},"west":{"uv":[5.0625,6.5,6.125,7.25],"rotation":0,"texture":"#0","tintindex":0},"up":{"uv":[0.0,1.0625,0.0,0.0],"rotation":0,"texture":"#0","tintindex":0},"down":{"uv":[0.0,0.0,0.0,1.0625],"rotation":0,"texture":"#0","tintindex":0}}},{"from":[8.0,9.341236,-1.2361164],"to":[8.0,16.19838,8.47817],"rotation":{"angle":0.0,"axis":"y","origin":[13.428572,7.6269503,11.621028]},"faces":{"east":{"uv":[6.125,6.5,5.0625,7.25],"rotation":0,"texture":"#0","tintindex":0},"south":{"uv":[0.0,0.0,0.0,0.75],"rotation":0,"texture":"#0","tintindex":0},"north":{"uv":[0.0,0.0,0.0,0.75],"rotation":0,"texture":"#0","tintindex":0},"west":{"uv":[5.0625,6.5,6.125,7.25],"rotation":0,"texture":"#0","tintindex":0},"up":{"uv":[0.0,1.0625,0.0,0.0],"rotation":0,"texture":"#0","tintindex":0},"down":{"uv":[0.0,0.0,0.0,1.0625],"rotation":0,"texture":"#0","tintindex":0}}},{"from":[8.094496,9.311384,-1.2361164],"to":[8.094496,16.168528,8.47817],"rotation":{"angle":-22.5,"axis":"z","origin":[8.094496,10.454242,3.6210275]},"faces":{"east":{"uv":[6.125,6.5,5.0625,7.25],"rotation":0,"texture":"#0","tintindex":0},"south":{"uv":[0.0,0.0,0.0,0.75],"rotation":0,"texture":"#0","tintindex":0},"north":{"uv":[0.0,0.0,0.0,0.75],"rotation":0,"texture":"#0","tintindex":0},"west":{"uv":[5.0625,6.5,6.125,7.25],"rotation":0,"texture":"#0","tintindex":0},"up":{"uv":[0.0,1.0625,0.0,0.0],"rotation":0,"texture":"#0","tintindex":0},"down":{"uv":[0.0,0.0,0.0,1.0625],"rotation":0,"texture":"#0","tintindex":0}}},{"from":[4.0,10.484094,3.9067416],"to":[6.285714,12.769808,5.0495987],"rotation":{"angle":0.0,"axis":"y","origin":[10.571428,7.6269503,11.621028]},"faces":{"east":{"uv":[3.0,3.25,3.125,3.5],"rotation":0,"texture":"#0","tintindex":0},"south":{"uv":[3.625,5.8125,3.875,6.0625],"rotation":0,"texture":"#0","tintindex":0},"north":{"uv":[2.0,5.8125,2.25,6.0625],"rotation":0,"texture":"#0","tintindex":0},"west":{"uv":[3.0,3.5,3.125,3.75],"rotation":0,"texture":"#0","tintindex":0},"up":{"uv":[2.875,2.3125,2.625,2.1875],"rotation":0,"texture":"#0","tintindex":0},"down":{"uv":[3.125,2.1875,2.875,2.3125],"rotation":0,"texture":"#0","tintindex":0}}},{"from":[12.675417,6.484093,0.2964449],"to":[12.675417,11.62695,5.4393015],"rotation":{"angle":45.0,"axis":"y","origin":[12.675428,9.055522,2.8678732]},"faces":{"east":{"uv":[5.625,5.9375,5.0625,6.5],"rotation":0,"texture":"#0","tintindex":0},"south":{"uv":[0.0,0.0,0.0,0.5625],"rotation":0,"texture":"#0","tintindex":0},"north":{"uv":[0.0,0.0,0.0,0.5625],"rotation":0,"texture":"#0","tintindex":0},"west":{"uv":[5.0625,5.9375,5.625,6.5],"rotation":0,"texture":"#0","tintindex":0},"up":{"uv":[0.0,0.5625,0.0,0.0],"rotation":0,"texture":"#0","tintindex":0},"down":{"uv":[0.0,0.0,0.0,0.5625],"rotation":0,"texture":"#0","tintindex":0}}},{"from":[9.714286,10.484094,3.9067416],"to":[12.0,12.769808,5.0495987],"rotation":{"angle":0.0,"axis":"y","origin":[5.428571,7.6269503,11.621028]},"faces":{"east":{"uv":[3.125,3.5,3.0,3.75],"rotation":0,"texture":"#0","tintindex":0},"south":{"uv":[3.875,5.8125,3.625,6.0625],"rotation":0,"texture":"#0","tintindex":0},"north":{"uv":[2.25,5.8125,2.0,6.0625],"rotation":0,"texture":"#0","tintindex":0},"west":{"uv":[3.125,3.25,3.0,3.5],"rotation":0,"texture":"#0","tintindex":0},"up":{"uv":[2.625,2.3125,2.875,2.1875],"rotation":0,"texture":"#0","tintindex":0},"down":{"uv":[2.875,2.1875,3.125,2.3125],"rotation":0,"texture":"#0","tintindex":0}}},{"from":[4.5714283,6.698591,5.09848],"to":[11.428572,12.412877,9.09848],"rotation":{"angle":22.5,"axis":"x","origin":[7.428571,9.27002,3.6699085]},"faces":{"east":{"uv":[5.25,0.0,5.6875,0.625],"rotation":0,"texture":"#0","tintindex":0},"south":{"uv":[5.9375,4.8125,6.6875,5.4375],"rotation":0,"texture":"#0","tintindex":0},"north":{"uv":[5.75,5.875,6.5,6.5],"rotation":0,"texture":"#0","tintindex":0},"west":{"uv":[5.25,0.625,5.6875,1.25],"rotation":0,"texture":"#0","tintindex":0},"up":{"uv":[3.75,5.0625,3.0,4.625],"rotation":0,"texture":"#0","tintindex":0},"down":{"uv":[6.75,0.0,6.0,0.4375],"rotation":0,"texture":"#0","tintindex":0}}},{"from":[5.142857,6.484093,1.0495982],"to":[10.857143,11.62695,6.192456],"rotation":{"angle":0.0,"axis":"y","origin":[10.571428,7.6269503,11.621028]},"faces":{"east":{"uv":[3.75,4.6875,4.3125,5.25],"rotation":0,"texture":"#0","tintindex":0},"south":{"uv":[4.375,2.75,5.0,3.3125],"rotation":0,"texture":"#0","tintindex":0},"north":{"uv":[4.3125,1.5,4.9375,2.0625],"rotation":0,"texture":"#0","tintindex":0},"west":{"uv":[4.3125,4.6875,4.875,5.25],"rotation":0,"texture":"#0","tintindex":0},"up":{"uv":[5.0,3.875,4.375,3.3125],"rotation":0,"texture":"#0","tintindex":0},"down":{"uv":[5.125,0.0,4.5,0.5625],"rotation":0,"texture":"#0","tintindex":0}}},{"from":[6.142857,-3.5871239,4.5270514],"to":[9.857143,6.1271625,4.5270514],"rotation":{"angle":0.0,"axis":"y","origin":[9.0,9.27002,3.6699085]},"faces":{"east":{"uv":[0.0,0.0,0.0,1.0625],"rotation":0,"texture":"#0","tintindex":0},"south":{"uv":[3.03125,6.0,2.625,7.0625],"rotation":0,"texture":"#0","tintindex":0},"north":{"uv":[2.625,6.0,3.03125,7.0625],"rotation":0,"texture":"#0","tintindex":0},"west":{"uv":[0.0,0.0,0.0,1.0625],"rotation":0,"texture":"#0","tintindex":0},"up":{"uv":[0.40625,0.0,0.0,0.0],"rotation":0,"texture":"#0","tintindex":0},"down":{"uv":[0.40625,0.0,0.0,0.0],"rotation":0,"texture":"#0","tintindex":0}}},{"from":[7.142857,5.5557337,5.6699085],"to":[8.857143,6.698591,7.3841944],"rotation":{"angle":22.5,"axis":"x","origin":[10.0,9.27002,3.6699085]},"faces":{"east":{"uv":[3.75,0.5,3.9375,0.625],"rotation":0,"texture":"#0","tintindex":0},"south":{"uv":[3.75,2.125,3.9375,2.25],"rotation":0,"texture":"#0","tintindex":0},"north":{"uv":[3.75,0.375,3.9375,0.5],"rotation":0,"texture":"#0","tintindex":0},"west":{"uv":[3.75,2.25,3.9375,2.375],"rotation":0,"texture":"#0","tintindex":0},"up":{"uv":[3.9375,0.1875,3.75,0.0],"rotation":0,"texture":"#0","tintindex":0},"down":{"uv":[3.9375,0.1875,3.75,0.375],"rotation":0,"texture":"#0","tintindex":0}}}],"display":{"head":{"translation":[0.0,-6.4,0.0],"scale":[4.0,4.0,4.0]}}}