{"textures":{"0":"modelengine:entity/frostbear"},"elements":[{"from":[4.8571424,1.1428566,5.714286],"to":[7.714286,10.285714,10.285714],"rotation":{"angle":0.0,"axis":"y","origin":[13.142858,9.142858,9.428572]},"faces":{"east":{"uv":[0.0,3.3125,0.5,4.3125],"rotation":0,"texture":"#0","tintindex":0},"south":{"uv":[4.875,3.875,5.1875,4.875],"rotation":0,"texture":"#0","tintindex":0},"north":{"uv":[2.0,4.8125,2.3125,5.8125],"rotation":0,"texture":"#0","tintindex":0},"west":{"uv":[0.5,3.3125,1.0,4.3125],"rotation":0,"texture":"#0","tintindex":0},"up":{"uv":[5.25,2.0625,4.9375,1.5625],"rotation":0,"texture":"#0","tintindex":0},"down":{"uv":[0.3125,5.625,0.0,6.125],"rotation":0,"texture":"#0","tintindex":0}}}],"display":{"head":{"translation":[0.0,-6.4,0.0],"scale":[4.0,4.0,4.0]}}}