{"textures":{"0":"modelengine:entity/nocsy_sewer_boss"},"elements":[{"from":[6.0,13.340982,6.131087],"to":[10.0,17.340982,9.559658],"rotation":{"angle":-22.5,"axis":"x","origin":[8.285714,14.769554,7.273944]},"faces":{"east":{"uv":[6.0,3.6875,6.375,4.125],"rotation":0,"texture":"#0","tintindex":0},"south":{"uv":[5.5,5.0625,5.9375,5.5],"rotation":0,"texture":"#0","tintindex":0},"north":{"uv":[5.5,4.5625,5.9375,5.0],"rotation":0,"texture":"#0","tintindex":0},"west":{"uv":[6.0,4.1875,6.375,4.625],"rotation":0,"texture":"#0","tintindex":0},"up":{"uv":[6.4375,5.0625,6.0,4.6875],"rotation":0,"texture":"#0","tintindex":0},"down":{"uv":[6.4375,5.125,6.0,5.5],"rotation":0,"texture":"#0","tintindex":0}}},{"from":[4.8571424,6.483839,5.559658],"to":[11.142858,14.483839,10.702516],"rotation":{"angle":0.0,"axis":"y","origin":[9.428572,12.483839,7.273944]},"faces":{"east":{"uv":[2.5,3.5625,3.0625,4.4375],"rotation":0,"texture":"#0","tintindex":0},"south":{"uv":[2.125,1.875,2.8125,2.75],"rotation":0,"texture":"#0","tintindex":0},"north":{"uv":[2.125,0.9375,2.8125,1.8125],"rotation":0,"texture":"#0","tintindex":0},"west":{"uv":[3.125,3.5625,3.6875,4.4375],"rotation":0,"texture":"#0","tintindex":0},"up":{"uv":[4.4375,3.8125,3.75,3.25],"rotation":0,"texture":"#0","tintindex":0},"down":{"uv":[4.4375,3.875,3.75,4.4375],"rotation":0,"texture":"#0","tintindex":0}}},{"from":[4.285714,7.798125,4.9882298],"to":[11.714286,10.083839,11.273944],"rotation":{"angle":0.0,"axis":"y","origin":[9.428572,12.483839,7.273944]},"faces":{"east":{"uv":[5.625,1.875,6.3125,2.125],"rotation":0,"texture":"#0","tintindex":0},"south":{"uv":[5.375,2.625,6.1875,2.875],"rotation":0,"texture":"#0","tintindex":0},"north":{"uv":[5.375,2.3125,6.1875,2.5625],"rotation":0,"texture":"#0","tintindex":0},"west":{"uv":[3.4375,5.75,4.125,6.0],"rotation":0,"texture":"#0","tintindex":0},"up":{"uv":[2.6875,3.5,1.875,2.8125],"rotation":0,"texture":"#0","tintindex":0},"down":{"uv":[3.5625,2.8125,2.75,3.5],"rotation":0,"texture":"#0","tintindex":0}}},{"from":[6.8288355,7.686134,4.522627],"to":[9.11455,9.9718485,7.951198],"rotation":{"angle":45.0,"axis":"z","origin":[7.7979693,8.940982,8.131086]},"faces":{"east":{"uv":[7.8125,4.4375,8.1875,4.6875],"rotation":0,"texture":"#0","tintindex":0},"south":{"uv":[6.5625,8.4375,6.8125,8.6875],"rotation":0,"texture":"#0","tintindex":0},"north":{"uv":[8.4375,3.8125,8.6875,4.0625],"rotation":0,"texture":"#0","tintindex":0},"west":{"uv":[7.8125,5.0625,8.1875,5.3125],"rotation":0,"texture":"#0","tintindex":0},"up":{"uv":[0.9375,8.3125,0.6875,7.9375],"rotation":0,"texture":"#0","tintindex":0},"down":{"uv":[1.25,7.9375,1.0,8.3125],"rotation":0,"texture":"#0","tintindex":0}}},{"from":[4.285714,12.255268,5.3882294],"to":[11.714286,15.112411,10.873944],"rotation":{"angle":0.0,"axis":"y","origin":[8.571428,10.483839,8.531087]},"faces":{"east":{"uv":[5.375,3.3125,6.0,3.625],"rotation":0,"texture":"#0","tintindex":0},"south":{"uv":[4.5,3.375,5.3125,3.6875],"rotation":0,"texture":"#0","tintindex":0},"north":{"uv":[4.5,3.0,5.3125,3.3125],"rotation":0,"texture":"#0","tintindex":0},"west":{"uv":[5.4375,0.0,6.0625,0.3125],"rotation":0,"texture":"#0","tintindex":0},"up":{"uv":[1.5625,4.1875,0.75,3.5625],"rotation":0,"texture":"#0","tintindex":0},"down":{"uv":[2.4375,3.5625,1.625,4.1875],"rotation":0,"texture":"#0","tintindex":0}}},{"from":[6.77291,12.249554,3.7218838],"to":[10.784339,15.118126,6.0190268],"rotation":{"angle":-22.5,"axis":"y","origin":[7.0643387,13.68384,6.8704553]},"faces":{"east":{"uv":[7.875,3.5,8.125,3.8125],"rotation":0,"texture":"#0","tintindex":0},"south":{"uv":[6.9375,2.5625,7.375,2.875],"rotation":0,"texture":"#0","tintindex":0},"north":{"uv":[6.9375,0.0,7.375,0.3125],"rotation":0,"texture":"#0","tintindex":0},"west":{"uv":[1.3125,7.9375,1.5625,8.25],"rotation":0,"texture":"#0","tintindex":0},"up":{"uv":[7.75,5.375,7.3125,5.125],"rotation":0,"texture":"#0","tintindex":0},"down":{"uv":[7.9375,5.4375,7.5,5.6875],"rotation":0,"texture":"#0","tintindex":0}}},{"from":[5.21509,12.248982,3.721312],"to":[9.227661,15.118696,6.019598],"rotation":{"angle":22.5,"axis":"y","origin":[8.935661,13.68384,6.8704553]},"faces":{"east":{"uv":[4.6875,7.9375,4.9375,8.25],"rotation":0,"texture":"#0","tintindex":0},"south":{"uv":[6.9375,4.5,7.375,4.8125],"rotation":0,"texture":"#0","tintindex":0},"north":{"uv":[6.9375,2.9375,7.375,3.25],"rotation":0,"texture":"#0","tintindex":0},"west":{"uv":[5.0,7.9375,5.25,8.25],"rotation":0,"texture":"#0","tintindex":0},"up":{"uv":[0.75,7.8125,0.3125,7.5625],"rotation":0,"texture":"#0","tintindex":0},"down":{"uv":[7.125,7.5625,6.6875,7.8125],"rotation":0,"texture":"#0","tintindex":0}}},{"from":[5.215661,12.249554,10.243147],"to":[9.22709,15.118126,12.54029],"rotation":{"angle":-22.5,"axis":"y","origin":[8.935661,13.68384,9.391718]},"faces":{"east":{"uv":[7.9375,7.875,8.1875,8.1875],"rotation":0,"texture":"#0","tintindex":0},"south":{"uv":[6.1875,6.9375,6.625,7.25],"rotation":0,"texture":"#0","tintindex":0},"north":{"uv":[5.6875,6.9375,6.125,7.25],"rotation":0,"texture":"#0","tintindex":0},"west":{"uv":[8.0,5.375,8.25,5.6875],"rotation":0,"texture":"#0","tintindex":0},"up":{"uv":[8.0,7.5,7.5625,7.25],"rotation":0,"texture":"#0","tintindex":0},"down":{"uv":[8.0,7.5625,7.5625,7.8125],"rotation":0,"texture":"#0","tintindex":0}}},{"from":[6.772339,12.248982,10.242576],"to":[10.78491,15.118696,12.540861],"rotation":{"angle":22.5,"axis":"y","origin":[7.0643387,13.68384,9.391718]},"faces":{"east":{"uv":[8.0625,0.0,8.3125,0.3125],"rotation":0,"texture":"#0","tintindex":0},"south":{"uv":[7.0,5.4375,7.4375,5.75],"rotation":0,"texture":"#0","tintindex":0},"north":{"uv":[7.0,2.125,7.4375,2.4375],"rotation":0,"texture":"#0","tintindex":0},"west":{"uv":[8.0625,0.375,8.3125,0.6875],"rotation":0,"texture":"#0","tintindex":0},"up":{"uv":[1.25,7.875,0.8125,7.625],"rotation":0,"texture":"#0","tintindex":0},"down":{"uv":[1.75,7.625,1.3125,7.875],"rotation":0,"texture":"#0","tintindex":0}}}],"display":{"head":{"translation":[0.0,-6.4,0.0],"scale":[4.0,4.0,4.0]}}}