{"textures":{"0":"modelengine:entity/nocsy_sewer_boss"},"elements":[{"from":[6.0,6.5714283,2.2857141],"to":[9.428572,10.0,8.0],"rotation":{"angle":0.0,"axis":"y","origin":[4.285714,13.142858,6.285714]},"faces":{"east":{"uv":[1.5,4.875,2.125,5.25],"rotation":0,"texture":"#0","tintindex":0},"south":{"uv":[0.3125,6.625,0.6875,7.0],"rotation":0,"texture":"#0","tintindex":0},"north":{"uv":[3.375,6.5625,3.75,6.9375],"rotation":0,"texture":"#0","tintindex":0},"west":{"uv":[4.9375,1.875,5.5625,2.25],"rotation":0,"texture":"#0","tintindex":0},"up":{"uv":[5.3125,2.9375,4.9375,2.3125],"rotation":0,"texture":"#0","tintindex":0},"down":{"uv":[5.375,0.0,5.0,0.625],"rotation":0,"texture":"#0","tintindex":0}}}],"display":{"head":{"translation":[0.0,-6.4,0.0],"scale":[4.0,4.0,4.0]}}}