{
	"credit": "Made with Blockbench",
	"texture_size": [64, 64],
	"textures": {
		"0": "item/westernhatbeige",
		"particle": "item/westernhatbeige"
	},
	"elements": [
		{
			"from": [4, 9, 4],
			"to": [12, 12, 12],
			"rotation": {"angle": 0, "axis": "y", "origin": [8, 11.5, 8]},
			"faces": {
				"north": {"uv": [4.25, 5, 6.25, 5.75], "texture": "#0"},
				"east": {"uv": [5.75, 0, 7.75, 0.75], "texture": "#0"},
				"south": {"uv": [5.75, 0.75, 7.75, 1.5], "texture": "#0"},
				"west": {"uv": [5.75, 1.5, 7.75, 2.25], "texture": "#0"},
				"up": {"uv": [2, 5, 0, 3], "texture": "#0"},
				"down": {"uv": [4, 3, 2, 5], "texture": "#0"}
			}
		},
		{
			"from": [3.95, 9, 3.95],
			"to": [12.05, 10, 12.05],
			"rotation": {"angle": 0, "axis": "y", "origin": [8, 11.5, 8]},
			"faces": {
				"north": {"uv": [6, 4, 8, 4.25], "texture": "#0"},
				"east": {"uv": [4.25, 6, 6.25, 6.25], "texture": "#0"},
				"south": {"uv": [6, 4.25, 8, 4.5], "texture": "#0"},
				"west": {"uv": [6, 4.5, 8, 4.75], "texture": "#0"},
				"up": {"uv": [6, 5, 4, 3], "texture": "#0"},
				"down": {"uv": [2, 5, 0, 7], "texture": "#0"}
			}
		},
		{
			"from": [3, 8, 2],
			"to": [13, 9, 14],
			"rotation": {"angle": 0, "axis": "y", "origin": [5.5, 9.5, 8]},
			"faces": {
				"north": {"uv": [5.75, 2.25, 8.25, 2.5], "texture": "#0"},
				"east": {"uv": [5, 2.5, 8, 2.75], "texture": "#0"},
				"south": {"uv": [4.25, 5.75, 6.75, 6], "texture": "#0"},
				"west": {"uv": [5, 2.75, 8, 3], "texture": "#0"},
				"up": {"uv": [2.5, 3, 0, 0], "texture": "#0"},
				"down": {"uv": [5, 0, 2.5, 3], "texture": "#0"}
			}
		},
		{
			"from": [0.79289, 8.91421, 3],
			"to": [3.79289, 9.91421, 13],
			"rotation": {"angle": -45, "axis": "z", "origin": [2.29289, 9.41421, 8]},
			"faces": {
				"north": {"uv": [6, 4.75, 6.75, 5], "texture": "#0"},
				"east": {"uv": [6, 3, 8.5, 3.25], "texture": "#0"},
				"south": {"uv": [4.25, 6.25, 5, 6.5], "texture": "#0"},
				"west": {"uv": [6, 3.25, 8.5, 3.5], "texture": "#0"},
				"up": {"uv": [5.75, 2.5, 5, 0], "texture": "#0"},
				"down": {"uv": [2.75, 5, 2, 7.5], "texture": "#0"}
			}
		},
		{
			"from": [12.20711, 8.91421, 3],
			"to": [15.20711, 9.91421, 13],
			"rotation": {"angle": 45, "axis": "z", "origin": [13.70711, 9.41421, 8]},
			"faces": {
				"north": {"uv": [5, 6.25, 5.75, 6.5], "texture": "#0"},
				"east": {"uv": [6, 3.5, 8.5, 3.75], "texture": "#0"},
				"south": {"uv": [6.25, 5, 7, 5.25], "texture": "#0"},
				"west": {"uv": [6, 3.75, 8.5, 4], "texture": "#0"},
				"up": {"uv": [3.5, 7.5, 2.75, 5], "texture": "#0"},
				"down": {"uv": [4.25, 5, 3.5, 7.5], "texture": "#0"}
			}
		}
	],
	"gui_light": "front",
	"display": {
		"thirdperson_righthand": {
			"rotation": [0, 0, -90],
			"translation": [-1.25, -2, -3.25],
			"scale": [0.75, 0.75, 0.75]
		},
		"thirdperson_lefthand": {
			"rotation": [0, 0, -90],
			"translation": [-1.25, -2, -3.25],
			"scale": [0.75, 0.75, 0.75]
		},
		"firstperson_righthand": {
			"rotation": [-5, -65, 13],
			"translation": [0.5, 0, -0.5],
			"scale": [0.75, 0.75, 0.75]
		},
		"firstperson_lefthand": {
			"rotation": [-5, -65, 13],
			"translation": [0.5, 0, -0.5],
			"scale": [0.75, 0.75, 0.75]
		},
		"ground": {
			"scale": [0.75, 0.75, 0.75]
		},
		"gui": {
			"rotation": [15, -27, 0],
			"translation": [0, -2, 0],
			"scale": [0.9, 0.9, 0.9]
		},
		"head": {
			"translation": [0, 2.5, 0],
			"scale": [1.78, 1.78, 1.78]
		},
		"fixed": {
			"rotation": [-90, 0, 0],
			"translation": [0, 0, 0.5],
			"scale": [1.65, 1.65, 1.65]
		}
	},
	"groups": [
		{
			"name": "group",
			"origin": [12.2706, 8.65328, 8],
			"color": 0,
			"children": [0, 1, 2, 3, 4]
		}
	]
}