{"textures":{"0":"modelengine:entity/frost_moth"},"elements":[{"from":[7.142857,5.69911,8.393252],"to":[7.714286,6.841967,8.964681],"rotation":{"angle":22.5,"axis":"x","origin":[6.857143,8.556253,10.393252]},"faces":{"east":{"uv":[8.0,5.0,8.25,5.5],"rotation":0,"texture":"#0","tintindex":0},"south":{"uv":[8.0,7.5,8.25,8.0],"rotation":0,"texture":"#0","tintindex":0},"north":{"uv":[8.0,3.25,8.25,3.75],"rotation":0,"texture":"#0","tintindex":0},"west":{"uv":[8.0,8.0,8.25,8.5],"rotation":0,"texture":"#0","tintindex":0},"up":{"uv":[8.5,0.75,8.25,0.5],"rotation":0,"texture":"#0","tintindex":0},"down":{"uv":[2.0,8.25,1.75,8.5],"rotation":0,"texture":"#0","tintindex":0}}},{"from":[7.142857,7.1851573,6.065246],"to":[7.714286,8.328014,6.636675],"rotation":{"angle":22.5,"axis":"x","origin":[7.428571,7.7565856,6.3509603]},"faces":{"east":{"uv":[8.25,0.0,8.5,0.5],"rotation":0,"texture":"#0","tintindex":0},"south":{"uv":[0.25,8.25,0.5,8.75],"rotation":0,"texture":"#0","tintindex":0},"north":{"uv":[0.0,8.25,0.25,8.75],"rotation":0,"texture":"#0","tintindex":0},"west":{"uv":[1.5,8.25,1.75,8.75],"rotation":0,"texture":"#0","tintindex":0},"up":{"uv":[2.25,8.5,2.0,8.25],"rotation":0,"texture":"#0","tintindex":0},"down":{"uv":[2.5,8.25,2.25,8.5],"rotation":0,"texture":"#0","tintindex":0}}}],"display":{"head":{"translation":[0.0,-6.4,0.0],"scale":[4.0,4.0,4.0]}}}