{"textures":{"0":"modelengine:entity/nocsy_sewer_spider"},"elements":[{"from":[4.5714283,4.826906,7.8831744],"to":[11.428572,9.3983345,14.740317],"rotation":{"angle":45.0,"axis":"y","origin":[8.0,7.1126204,11.311746]},"faces":{"east":{"uv":[1.5,3.25,0.0,4.25],"rotation":0,"texture":"#0","tintindex":0},"south":{"uv":[1.5,5.375,0.0,4.375],"rotation":0,"texture":"#0","tintindex":0},"north":{"uv":[0.0,3.25,1.5,4.25],"rotation":0,"texture":"#0","tintindex":0},"west":{"uv":[0.0,5.375,1.5,4.375],"rotation":0,"texture":"#0","tintindex":0},"up":{"uv":[1.5,1.5,0.0,0.0],"rotation":0,"texture":"#0","tintindex":0},"down":{"uv":[1.5,1.625,0.0,3.125],"rotation":0,"texture":"#0","tintindex":0}}},{"from":[5.142857,5.3983345,6.1688886],"to":[10.857143,8.826906,11.883175],"rotation":{"angle":0.0,"axis":"y","origin":[8.0,7.1126204,11.311746]},"faces":{"east":{"uv":[2.875,5.25,1.625,6.0],"rotation":0,"texture":"#0","tintindex":0},"south":{"uv":[4.875,4.625,6.125,5.375],"rotation":0,"texture":"#0","tintindex":0},"north":{"uv":[4.625,1.25,5.875,2.0],"rotation":0,"texture":"#0","tintindex":0},"west":{"uv":[1.625,5.25,2.875,6.0],"rotation":0,"texture":"#0","tintindex":0},"up":{"uv":[2.875,4.0,1.625,2.75],"rotation":0,"texture":"#0","tintindex":0},"down":{"uv":[4.25,2.75,3.0,4.0],"rotation":0,"texture":"#0","tintindex":0}}}],"display":{"head":{"translation":[0.0,-6.4,0.0],"scale":[4.0,4.0,4.0]}}}