{"textures":{"0":"modelengine:entity/iceboar"},"elements":[{"from":[6.6190476,-0.21810055,8.365156],"to":[7.1904764,0.924757,9.508013],"rotation":{"angle":0.0,"axis":"y","origin":[7.4761906,1.2104712,10.365156]},"faces":{"east":{"uv":[9.375,3.375,9.625,3.625],"rotation":0,"texture":"#0","tintindex":0},"south":{"uv":[8.25,7.75,8.375,8.0],"rotation":0,"texture":"#0","tintindex":0},"north":{"uv":[7.0,5.25,7.125,5.5],"rotation":0,"texture":"#0","tintindex":0},"west":{"uv":[9.375,4.5,9.625,4.75],"rotation":0,"texture":"#0","tintindex":0},"up":{"uv":[8.875,6.375,8.75,6.125],"rotation":0,"texture":"#0","tintindex":0},"down":{"uv":[4.875,9.0,4.75,9.25],"rotation":0,"texture":"#0","tintindex":0}}},{"from":[7.7619047,-0.21810055,8.936584],"to":[8.333333,0.924757,10.079441],"rotation":{"angle":0.0,"axis":"y","origin":[7.4761906,1.2104712,10.936584]},"faces":{"east":{"uv":[4.75,9.375,5.0,9.625],"rotation":0,"texture":"#0","tintindex":0},"south":{"uv":[1.375,9.125,1.5,9.375],"rotation":0,"texture":"#0","tintindex":0},"north":{"uv":[7.375,9.0,7.5,9.25],"rotation":0,"texture":"#0","tintindex":0},"west":{"uv":[9.375,4.75,9.625,5.0],"rotation":0,"texture":"#0","tintindex":0},"up":{"uv":[2.5,9.375,2.375,9.125],"rotation":0,"texture":"#0","tintindex":0},"down":{"uv":[7.5,9.25,7.375,9.5],"rotation":0,"texture":"#0","tintindex":0}}},{"from":[6.333333,-0.27524376,9.508013],"to":[8.619047,2.5818996,11.222299],"rotation":{"angle":0.0,"axis":"y","origin":[7.4761906,1.1533284,10.365156]},"faces":{"east":{"uv":[6.0,8.75,5.625,9.375],"rotation":0,"texture":"#0","tintindex":0},"south":{"uv":[8.25,1.75,8.75,2.375],"rotation":0,"texture":"#0","tintindex":0},"north":{"uv":[8.0,4.25,8.5,4.875],"rotation":0,"texture":"#0","tintindex":0},"west":{"uv":[5.625,8.75,6.0,9.375],"rotation":0,"texture":"#0","tintindex":0},"up":{"uv":[6.875,9.375,6.375,9.0],"rotation":0,"texture":"#0","tintindex":0},"down":{"uv":[7.375,9.0,6.875,9.375],"rotation":0,"texture":"#0","tintindex":0}}},{"from":[6.9619045,1.395545,9.726689],"to":[7.990476,4.8241167,11.440975],"rotation":{"angle":22.5,"axis":"x","origin":[7.4761906,1.6812596,10.583832]},"faces":{"east":{"uv":[8.375,7.75,8.75,8.5],"rotation":0,"texture":"#0","tintindex":0},"south":{"uv":[9.125,0.0,9.375,0.75],"rotation":0,"texture":"#0","tintindex":0},"north":{"uv":[9.0,8.375,9.25,9.125],"rotation":0,"texture":"#0","tintindex":0},"west":{"uv":[8.5,3.0,8.875,3.75],"rotation":0,"texture":"#0","tintindex":0},"up":{"uv":[9.5,9.625,9.25,9.25],"rotation":0,"texture":"#0","tintindex":0},"down":{"uv":[9.625,0.0,9.375,0.375],"rotation":0,"texture":"#0","tintindex":0}}},{"from":[6.904762,4.8241167,6.8695464],"to":[8.047619,8.824117,9.155261],"rotation":{"angle":-45.0,"axis":"x","origin":[11.476191,8.252688,11.440975]},"faces":{"east":{"uv":[3.0,8.0,2.5,8.875],"rotation":0,"texture":"#0","tintindex":0},"south":{"uv":[2.5,8.875,2.75,9.75],"rotation":0,"texture":"#0","tintindex":0},"north":{"uv":[8.75,8.375,9.0,9.25],"rotation":0,"texture":"#0","tintindex":0},"west":{"uv":[2.5,8.0,3.0,8.875],"rotation":0,"texture":"#0","tintindex":0},"up":{"uv":[9.375,5.0,9.125,4.5],"rotation":0,"texture":"#0","tintindex":0},"down":{"uv":[9.375,5.0,9.125,5.5],"rotation":0,"texture":"#0","tintindex":0}}},{"from":[6.333333,6.5384026,6.2981176],"to":[8.047619,11.109831,10.298118],"rotation":{"angle":-22.5,"axis":"x","origin":[11.476191,8.252688,11.440975]},"faces":{"east":{"uv":[7.625,3.0,6.75,4.0],"rotation":0,"texture":"#0","tintindex":0},"south":{"uv":[4.5,8.0,4.875,9.0],"rotation":0,"texture":"#0","tintindex":0},"north":{"uv":[4.125,8.0,4.5,9.0],"rotation":0,"texture":"#0","tintindex":0},"west":{"uv":[6.75,3.0,7.625,4.0],"rotation":0,"texture":"#0","tintindex":0},"up":{"uv":[7.5,9.0,7.125,8.125],"rotation":0,"texture":"#0","tintindex":0},"down":{"uv":[0.75,8.25,0.375,9.125],"rotation":0,"texture":"#0","tintindex":0}}}],"display":{"head":{"translation":[0.0,-6.4,0.0],"scale":[4.0,4.0,4.0]}}}