{"textures":{"0":"modelengine:entity/frostbear"},"elements":[{"from":[7.428571,4.0637474,8.0963745],"to":[9.714286,8.063747,14.38209],"rotation":{"angle":22.5,"axis":"x","origin":[8.571428,7.492319,8.667803]},"faces":{"east":{"uv":[6.3125,3.6875,5.625,4.125],"rotation":0,"texture":"#0","tintindex":0},"south":{"uv":[3.625,0.0,3.375,0.4375],"rotation":0,"texture":"#0","tintindex":0},"north":{"uv":[2.875,3.25,2.625,3.6875],"rotation":0,"texture":"#0","tintindex":0},"west":{"uv":[5.1875,2.0625,4.5,2.5],"rotation":0,"texture":"#0","tintindex":0},"up":{"uv":[3.125,0.6875,3.375,0.0],"rotation":0,"texture":"#0","tintindex":0},"down":{"uv":[2.375,3.25,2.625,3.9375],"rotation":0,"texture":"#0","tintindex":0}}},{"from":[6.5714283,4.6351757,5.8106604],"to":[10.571428,10.349462,11.524946],"rotation":{"angle":0.0,"axis":"y","origin":[8.571428,9.778033,6.0963745]},"faces":{"east":{"uv":[3.0,3.9375,3.625,4.5625],"rotation":0,"texture":"#0","tintindex":0},"south":{"uv":[5.1875,3.75,5.625,4.375],"rotation":0,"texture":"#0","tintindex":0},"north":{"uv":[1.3125,5.1875,1.75,5.8125],"rotation":0,"texture":"#0","tintindex":0},"west":{"uv":[3.625,4.0,4.25,4.625],"rotation":0,"texture":"#0","tintindex":0},"up":{"uv":[5.625,5.0,5.1875,4.375],"rotation":0,"texture":"#0","tintindex":0},"down":{"uv":[5.625,5.0,5.1875,5.625],"rotation":0,"texture":"#0","tintindex":0}}}],"display":{"head":{"translation":[0.0,-6.4,0.0],"scale":[4.0,4.0,4.0]}}}