{"textures":{"particle":"minefreeze:item/hats/ushanka"},"elements":[{"from":[3,5,3],"to":[13,9,13],"faces":{"east":{"uv":[15.5,3.5,10.5,5.5],"texture":"#particle"},"south":{"uv":[10.5,6.5,15.5,8.5],"texture":"#particle"},"north":{"uv":[10.5,0.5,15.5,2.5],"texture":"#particle"},"west":{"uv":[10.5,3.5,15.5,5.5],"texture":"#particle"},"up":{"uv":[5.5,5.5,0.5,0.5],"texture":"#particle"},"down":{"uv":[5.5,0.5,0.5,5.5],"texture":"#particle"}}},{"from":[4,9,4],"to":[12,10,12],"faces":{"east":{"uv":[0.5,11.5,4.5,12],"texture":"#particle"},"south":{"uv":[0.5,11.5,4.5,12],"texture":"#particle"},"north":{"uv":[0.5,11.5,4.5,12],"texture":"#particle"},"west":{"uv":[0.5,11.5,4.5,12],"texture":"#particle"},"up":{"uv":[4.5,10.5,0.5,6.5],"texture":"#particle"}}},{"from":[4,4,12],"to":[12,5,13],"faces":{"south":{"uv":[4.5,14.5,0.5,15],"texture":"#particle"},"north":{"uv":[0.5,14.5,4.5,15],"texture":"#particle"},"down":{"uv":[0.5,14.5,4.5,15],"texture":"#particle","rotation":180}}},{"from":[3,4,5],"to":[4,5,13],"faces":{"east":{"uv":[5,13,1,13.5],"texture":"#particle"},"south":{"uv":[5,13,5.5,13.5],"texture":"#particle"},"north":{"uv":[0.5,13,1,13.5],"texture":"#particle"},"west":{"uv":[1,13,5,13.5],"texture":"#particle"},"down":{"uv":[1,13,5,13.5],"texture":"#particle","rotation":270}}},{"from":[12,4,5],"to":[13,5,13],"faces":{"east":{"uv":[5,13,1,13.5],"texture":"#particle"},"south":{"uv":[5.5,13,5,13.5],"texture":"#particle"},"north":{"uv":[1,13,0.5,13.5],"texture":"#particle"},"west":{"uv":[1,13,5,13.5],"texture":"#particle"},"down":{"uv":[1,13.5,5,13],"texture":"#particle","rotation":270}}},{"from":[3,-1,6],"to":[4,4,11],"faces":{"east":{"uv":[8.5,6.5,6,9],"texture":"#particle"},"south":{"uv":[8.5,6.5,9,9],"texture":"#particle"},"north":{"uv":[5.5,6.5,6,9],"texture":"#particle"},"west":{"uv":[6,6.5,8.5,9],"texture":"#particle"},"down":{"uv":[9,3,8.5,5.5],"texture":"#particle"}}},{"from":[12,-1,6],"to":[13,4,11],"faces":{"east":{"uv":[8.5,6.5,6,9],"texture":"#particle"},"south":{"uv":[9,6.5,8.5,9],"texture":"#particle"},"north":{"uv":[6,6.5,5.5,9],"texture":"#particle"},"west":{"uv":[6,6.5,8.5,9],"texture":"#particle"},"down":{"uv":[8.5,3,9,5.5],"texture":"#particle"}}},{"rotation":{"origin":[2.88897,3.41391,6.50091],"angle":-22.5,"axis":"z"},"from":[2.38022,1.92351,7.00007],"to":[3.38022,4.92351,10.00007],"faces":{"east":{"uv":[7.5,10,6,11.5],"texture":"#particle"},"south":{"uv":[7.5,10,8,11.5],"texture":"#particle"},"north":{"uv":[5.5,10,6,11.5],"texture":"#particle"},"west":{"uv":[6,10,7.5,11.5],"texture":"#particle"},"down":{"uv":[9.5,10,9,11.5],"texture":"#particle"}}},{"rotation":{"origin":[13.11103,3.41391,6.50091],"angle":22.5,"axis":"z"},"from":[12.61978,1.92351,7.00007],"to":[13.61978,4.92351,10.00007],"faces":{"east":{"uv":[7.5,10,6,11.5],"texture":"#particle"},"south":{"uv":[8,10,7.5,11.5],"texture":"#particle"},"north":{"uv":[6,10,5.5,11.5],"texture":"#particle"},"west":{"uv":[6,10,7.5,11.5],"texture":"#particle"},"down":{"uv":[9,10,9.5,11.5],"texture":"#particle"}}},{"from":[4,6,2],"to":[12,10,3],"faces":{"east":{"uv":[15.5,10,15,12],"texture":"#particle"},"south":{"uv":[15,10,11,12],"texture":"#particle"},"north":{"uv":[11,10,15,12],"texture":"#particle"},"west":{"uv":[15,10,15.5,12],"texture":"#particle"},"up":{"uv":[15,10,11,9.5],"texture":"#particle"},"down":{"uv":[15,12,11,12.5],"texture":"#particle"}}}],"display":{"head":{"translation":[0,6.4,0],"scale":[1.6,1.6,1.6]},"firstperson_righthand":{"rotation":[0,45,0],"translation":[1.5,3,0.5],"scale":[0.4,0.4,0.4]},"thirdperson_righthand":{"rotation":[75,45,0],"translation":[0,2.5,-0.25],"scale":[0.55,0.55,0.55]},"ground":{"translation":[0,2,0]},"gui":{"rotation":[30,225,0],"translation":[0,2.5,0],"scale":[0.8,0.8,0.8]},"fixed":{"translation":[0,3,0]}}}