{"textures":{"0":"modelengine:entity/nocsy_sewer_spider"},"elements":[{"from":[7.428571,6.857143,6.857143],"to":[11.428572,8.571428,8.571428],"rotation":{"angle":0.0,"axis":"y","origin":[5.142857,7.428571,12.0]},"faces":{"east":{"uv":[1.375,8.375,1.0,8.75],"rotation":0,"texture":"#0","tintindex":0},"south":{"uv":[0.875,7.125,0.0,7.5],"rotation":0,"texture":"#0","tintindex":0},"north":{"uv":[7.875,6.125,7.0,6.5],"rotation":0,"texture":"#0","tintindex":0},"west":{"uv":[8.75,0.625,8.375,1.0],"rotation":0,"texture":"#0","tintindex":0},"up":{"uv":[4.5,7.5,5.375,7.125],"rotation":0,"texture":"#0","tintindex":0},"down":{"uv":[5.5,7.125,6.375,7.5],"rotation":0,"texture":"#0","tintindex":0}}},{"from":[10.40006,3.7874455,6.9142857],"to":[12.00006,8.244589,8.514286],"rotation":{"angle":0.0,"axis":"y","origin":[11.20006,8.016017,7.714286]},"faces":{"east":{"uv":[3.875,6.375,3.5,7.375],"rotation":0,"texture":"#0","tintindex":0},"south":{"uv":[3.375,6.375,3.0,7.375],"rotation":0,"texture":"#0","tintindex":0},"north":{"uv":[6.625,2.25,6.25,3.25],"rotation":0,"texture":"#0","tintindex":0},"west":{"uv":[6.625,3.375,6.25,4.375],"rotation":0,"texture":"#0","tintindex":0},"up":{"uv":[8.375,1.5,8.75,1.125],"rotation":0,"texture":"#0","tintindex":0},"down":{"uv":[1.5,8.375,1.875,8.75],"rotation":0,"texture":"#0","tintindex":0}}}],"display":{"head":{"translation":[0.0,-6.4,0.0],"scale":[4.0,4.0,4.0]}}}