{"textures":{"0":"modelengine:entity/nocsy_sewer_spider"},"elements":[{"from":[4.5714283,6.857143,6.857143],"to":[8.571428,8.571428,8.571428],"rotation":{"angle":0.0,"axis":"y","origin":[10.857143,7.428571,12.0]},"faces":{"east":{"uv":[8.375,0.625,8.75,1.0],"rotation":0,"texture":"#0","tintindex":0},"south":{"uv":[0.0,7.125,0.875,7.5],"rotation":0,"texture":"#0","tintindex":0},"north":{"uv":[7.0,6.125,7.875,6.5],"rotation":0,"texture":"#0","tintindex":0},"west":{"uv":[1.0,8.375,1.375,8.75],"rotation":0,"texture":"#0","tintindex":0},"up":{"uv":[5.375,7.5,4.5,7.125],"rotation":0,"texture":"#0","tintindex":0},"down":{"uv":[6.375,7.125,5.5,7.5],"rotation":0,"texture":"#0","tintindex":0}}},{"from":[3.99994,3.7874455,6.9142857],"to":[5.5999403,8.244589,8.514286],"rotation":{"angle":0.0,"axis":"y","origin":[4.79994,8.016017,7.714286]},"faces":{"east":{"uv":[6.25,3.375,6.625,4.375],"rotation":0,"texture":"#0","tintindex":0},"south":{"uv":[3.0,6.375,3.375,7.375],"rotation":0,"texture":"#0","tintindex":0},"north":{"uv":[6.25,2.25,6.625,3.25],"rotation":0,"texture":"#0","tintindex":0},"west":{"uv":[3.5,6.375,3.875,7.375],"rotation":0,"texture":"#0","tintindex":0},"up":{"uv":[8.75,1.5,8.375,1.125],"rotation":0,"texture":"#0","tintindex":0},"down":{"uv":[1.875,8.375,1.5,8.75],"rotation":0,"texture":"#0","tintindex":0}}}],"display":{"head":{"translation":[0.0,-6.4,0.0],"scale":[4.0,4.0,4.0]}}}