{"textures":{"0":"modelengine:entity/nocsy_sewer_spider"},"elements":[{"from":[7.428571,6.857143,6.857143],"to":[11.428572,8.571428,8.571428],"rotation":{"angle":0.0,"axis":"y","origin":[5.142857,7.428571,12.0]},"faces":{"east":{"uv":[8.375,4.75,8.0,5.125],"rotation":0,"texture":"#0","tintindex":0},"south":{"uv":[5.375,6.625,4.5,7.0],"rotation":0,"texture":"#0","tintindex":0},"north":{"uv":[0.875,6.625,0.0,7.0],"rotation":0,"texture":"#0","tintindex":0},"west":{"uv":[6.125,3.25,5.75,3.625],"rotation":0,"texture":"#0","tintindex":0},"up":{"uv":[5.5,7.0,6.375,6.625],"rotation":0,"texture":"#0","tintindex":0},"down":{"uv":[6.75,1.125,7.625,1.5],"rotation":0,"texture":"#0","tintindex":0}}},{"from":[10.40006,3.7874455,6.9142857],"to":[12.00006,8.244589,8.514286],"rotation":{"angle":0.0,"axis":"y","origin":[11.20006,8.016017,7.714286]},"faces":{"east":{"uv":[0.375,5.5,0.0,6.5],"rotation":0,"texture":"#0","tintindex":0},"south":{"uv":[4.375,5.25,4.0,6.25],"rotation":0,"texture":"#0","tintindex":0},"north":{"uv":[3.375,5.25,3.0,6.25],"rotation":0,"texture":"#0","tintindex":0},"west":{"uv":[3.875,5.25,3.5,6.25],"rotation":0,"texture":"#0","tintindex":0},"up":{"uv":[8.0,5.625,8.375,5.25],"rotation":0,"texture":"#0","tintindex":0},"down":{"uv":[8.0,5.75,8.375,6.125],"rotation":0,"texture":"#0","tintindex":0}}}],"display":{"head":{"translation":[0.0,-6.4,0.0],"scale":[4.0,4.0,4.0]}}}