{"textures":{"14":"modelengine:entity/smoke_frame15"},"elements":[{"from":[12.0,0.5714283,8.0],"to":[32.0,15.428572,8.0],"rotation":{"angle":0.0,"axis":"y","origin":[22.0,8.0,8.0]},"faces":{"east":{"uv":[0.0,0.0,0.0,6.5],"rotation":0,"texture":"#14","tintindex":0},"south":{"uv":[8.75,0.0,0.0,6.5],"rotation":0,"texture":"#14","tintindex":0},"north":{"uv":[0.0,0.0,8.75,6.5],"rotation":0,"texture":"#14","tintindex":0},"west":{"uv":[0.0,0.0,0.0,6.5],"rotation":0,"texture":"#14","tintindex":0},"up":{"uv":[0.0,0.0,0.0,8.75],"rotation":90,"texture":"#14","tintindex":0},"down":{"uv":[0.0,8.75,0.0,0.0],"rotation":270,"texture":"#14","tintindex":0}}}],"display":{"head":{"translation":[74.28572,-6.4,0.0],"scale":[4.0,4.0,4.0]}}}