{
	"credit": "Made by Manning Design",
	"texture_size": [64, 64],
	"textures": {
		"0": "custom/bs_balloon_rooster_texture",
		"particle": "custom/bs_balloon_rooster_texture"
	},
	"elements": [
		{
			"from": [3, 5.26537, 3.65224],
			"to": [13, 15.26537, 15.65224],
			"rotation": {"angle": 0, "axis": "y", "origin": [6, 13.08174, 7.38844]},
			"faces": {
				"north": {"uv": [6.25, 0, 8.75, 2.5], "texture": "#0"},
				"east": {"uv": [3.25, 0, 6.25, 2.5], "texture": "#0"},
				"south": {"uv": [6.25, 2.5, 8.75, 5], "texture": "#0"},
				"west": {"uv": [3.25, 2.5, 6.25, 5], "texture": "#0"},
				"up": {"uv": [5.75, 8, 3.25, 5], "texture": "#0"},
				"down": {"uv": [8.25, 5, 5.75, 8], "texture": "#0"}
			}
		},
		{
			"from": [5, 15.26537, 0.15224],
			"to": [11, 23.26537, 6.15224],
			"rotation": {"angle": 0, "axis": "y", "origin": [6, 17.08174, 4.88844]},
			"faces": {
				"north": {"uv": [10, 6.75, 11.5, 8.75], "texture": "#0"},
				"east": {"uv": [6, 10.25, 7.5, 12.25], "texture": "#0"},
				"south": {"uv": [10.5, 8.75, 12, 10.75], "texture": "#0"},
				"west": {"uv": [10.75, 0, 12.25, 2], "texture": "#0"},
				"up": {"uv": [10.25, 5, 8.75, 3.5], "texture": "#0"},
				"down": {"uv": [12.75, 4.75, 11.25, 6.25], "texture": "#0"}
			}
		},
		{
			"from": [4, 0.26537, 5.65224],
			"to": [8, 2.26537, 11.65224],
			"rotation": {"angle": 0, "axis": "y", "origin": [8, 1.76537, 7.15224]},
			"faces": {
				"north": {"uv": [14, 10.75, 15, 11.25], "texture": "#0"},
				"east": {"uv": [13, 6.25, 14.5, 6.75], "texture": "#0"},
				"south": {"uv": [14, 11.25, 15, 11.75], "texture": "#0"},
				"west": {"uv": [13, 6.75, 14.5, 7.25], "texture": "#0"},
				"up": {"uv": [3, 8, 2, 6.5], "texture": "#0"},
				"down": {"uv": [13, 8.75, 12, 10.25], "texture": "#0"}
			}
		},
		{
			"from": [8, 0.26537, 5.65224],
			"to": [12, 2.26537, 11.65224],
			"rotation": {"angle": 0, "axis": "y", "origin": [8, 1.76537, 7.15224]},
			"faces": {
				"north": {"uv": [14, 11.75, 15, 12.25], "texture": "#0"},
				"east": {"uv": [13, 7.25, 14.5, 7.75], "texture": "#0"},
				"south": {"uv": [14, 12.25, 15, 12.75], "texture": "#0"},
				"west": {"uv": [9, 13, 10.5, 13.5], "texture": "#0"},
				"up": {"uv": [13, 11.75, 12, 10.25], "texture": "#0"},
				"down": {"uv": [13, 11.75, 12, 13.25], "texture": "#0"}
			}
		},
		{
			"from": [6, 18.26537, -2.84776],
			"to": [10, 21.26537, 0.15224],
			"rotation": {"angle": 0, "axis": "y", "origin": [7, 17.08174, 4.88844]},
			"faces": {
				"north": {"uv": [13, 10.5, 14, 11.25], "texture": "#0"},
				"east": {"uv": [3.75, 13.5, 4.5, 14.25], "texture": "#0"},
				"south": {"uv": [13, 11.25, 14, 12], "texture": "#0"},
				"west": {"uv": [4.5, 13.5, 5.25, 14.25], "texture": "#0"},
				"up": {"uv": [14, 12.75, 13, 12], "texture": "#0"},
				"down": {"uv": [14, 12.75, 13, 13.5], "texture": "#0"}
			}
		},
		{
			"from": [13, 7.26537, 5.15224],
			"to": [15, 14.26537, 13.15224],
			"rotation": {"angle": 0, "axis": "y", "origin": [8, 11.76537, 9.15224]},
			"faces": {
				"north": {"uv": [7.5, 10.25, 8, 12], "texture": "#0"},
				"east": {"uv": [8, 8, 10, 9.75], "texture": "#0"},
				"south": {"uv": [8, 13, 8.5, 14.75], "texture": "#0"},
				"west": {"uv": [8.25, 5, 10.25, 6.75], "texture": "#0"},
				"up": {"uv": [0.5, 15, 0, 13], "texture": "#0"},
				"down": {"uv": [1, 13, 0.5, 15], "texture": "#0"}
			}
		},
		{
			"from": [1, 7.26537, 5.15224],
			"to": [3, 14.26537, 13.15224],
			"rotation": {"angle": 0, "axis": "y", "origin": [8, 11.76537, 9.15224]},
			"faces": {
				"north": {"uv": [8.5, 13, 9, 14.75], "texture": "#0"},
				"east": {"uv": [8.75, 0, 10.75, 1.75], "texture": "#0"},
				"south": {"uv": [13, 8.75, 13.5, 10.5], "texture": "#0"},
				"west": {"uv": [8.75, 1.75, 10.75, 3.5], "texture": "#0"},
				"up": {"uv": [1.5, 15, 1, 13], "texture": "#0"},
				"down": {"uv": [8, 13, 7.5, 15], "texture": "#0"}
			}
		},
		{
			"from": [5, 2.26537, 8.65224],
			"to": [8, 5.26537, 11.65224],
			"rotation": {"angle": 0, "axis": "y", "origin": [8, 1.76537, 7.15224]},
			"faces": {
				"north": {"uv": [5.25, 13.5, 6, 14.25], "texture": "#0"},
				"east": {"uv": [13.5, 7.75, 14.25, 8.5], "texture": "#0"},
				"south": {"uv": [13.5, 8.5, 14.25, 9.25], "texture": "#0"},
				"west": {"uv": [9, 13.5, 9.75, 14.25], "texture": "#0"},
				"up": {"uv": [14.25, 10, 13.5, 9.25], "texture": "#0"},
				"down": {"uv": [10.5, 13.5, 9.75, 14.25], "texture": "#0"}
			}
		},
		{
			"from": [8, 2.26537, 8.65224],
			"to": [11, 5.26537, 11.65224],
			"rotation": {"angle": 0, "axis": "y", "origin": [8, 1.76537, 7.15224]},
			"faces": {
				"north": {"uv": [10.5, 13.5, 11.25, 14.25], "texture": "#0"},
				"east": {"uv": [11.25, 13.5, 12, 14.25], "texture": "#0"},
				"south": {"uv": [12.75, 13.5, 13.5, 14.25], "texture": "#0"},
				"west": {"uv": [13.5, 13.5, 14.25, 14.25], "texture": "#0"},
				"up": {"uv": [14.5, 0.75, 13.75, 0], "texture": "#0"},
				"down": {"uv": [6.75, 13.75, 6, 14.5], "texture": "#0"}
			}
		},
		{
			"from": [7, 15.26537, -1.84776],
			"to": [9, 18.26537, 0.15224],
			"rotation": {"angle": 0, "axis": "y", "origin": [7, 17.08174, 4.88844]},
			"faces": {
				"north": {"uv": [1.5, 9.25, 2, 10], "texture": "#0"},
				"east": {"uv": [1.5, 10, 2, 10.75], "texture": "#0"},
				"south": {"uv": [10, 8.75, 10.5, 9.5], "texture": "#0"},
				"west": {"uv": [10.75, 2, 11.25, 2.75], "texture": "#0"},
				"up": {"uv": [11.25, 3.25, 10.75, 2.75], "texture": "#0"},
				"down": {"uv": [14, 10, 13.5, 10.5], "texture": "#0"}
			}
		},
		{
			"from": [4, 6.67958, 14.06645],
			"to": [12, 17.67958, 18.06645],
			"rotation": {"angle": -22.5, "axis": "x", "origin": [8, 12.67958, 17.06645]},
			"faces": {
				"north": {"uv": [0, 6.5, 2, 9.25], "texture": "#0"},
				"east": {"uv": [3, 10.75, 4, 13.5], "texture": "#0"},
				"south": {"uv": [2, 8, 4, 10.75], "texture": "#0"},
				"west": {"uv": [11.25, 2, 12.25, 4.75], "texture": "#0"},
				"up": {"uv": [13.5, 8.75, 11.5, 7.75], "texture": "#0"},
				"down": {"uv": [9.5, 12, 7.5, 13], "texture": "#0"}
			}
		},
		{
			"from": [4, 6.67958, 13.06645],
			"to": [12, 9.67958, 14.06645],
			"rotation": {"angle": -22.5, "axis": "x", "origin": [8, 12.67958, 17.06645]},
			"faces": {
				"north": {"uv": [12.25, 1, 14.25, 1.75], "texture": "#0"},
				"east": {"uv": [3, 6.5, 3.25, 7.25], "texture": "#0"},
				"south": {"uv": [12.25, 1.75, 14.25, 2.5], "texture": "#0"},
				"west": {"uv": [3, 7.25, 3.25, 8], "texture": "#0"},
				"up": {"uv": [15.75, 1, 13.75, 0.75], "texture": "#0"},
				"down": {"uv": [16, 12.75, 14, 13], "texture": "#0"}
			}
		},
		{
			"from": [4, 14.67958, 11.06645],
			"to": [12, 17.67958, 14.06645],
			"rotation": {"angle": -22.5, "axis": "x", "origin": [8, 12.67958, 17.06645]},
			"faces": {
				"north": {"uv": [12.25, 2.5, 14.25, 3.25], "texture": "#0"},
				"east": {"uv": [6.75, 13.75, 7.5, 14.5], "texture": "#0"},
				"south": {"uv": [12.25, 3.25, 14.25, 4], "texture": "#0"},
				"west": {"uv": [14, 10, 14.75, 10.75], "texture": "#0"},
				"up": {"uv": [14.25, 4.75, 12.25, 4], "texture": "#0"},
				"down": {"uv": [14.75, 4.75, 12.75, 5.5], "texture": "#0"}
			}
		},
		{
			"from": [6.5, 19.95671, 1.6903],
			"to": [9.5, 25.95671, 7.6903],
			"rotation": {"angle": -22.5, "axis": "x", "origin": [8, 24.45671, 4.6903]},
			"faces": {
				"north": {"uv": [6, 12.25, 6.75, 13.75], "texture": "#0"},
				"east": {"uv": [0, 11.5, 1.5, 13], "texture": "#0"},
				"south": {"uv": [6.75, 12.25, 7.5, 13.75], "texture": "#0"},
				"west": {"uv": [11.5, 6.25, 13, 7.75], "texture": "#0"},
				"up": {"uv": [2.25, 14.25, 1.5, 12.75], "texture": "#0"},
				"down": {"uv": [3, 12.75, 2.25, 14.25], "texture": "#0"}
			}
		},
		{
			"from": [5.025, 8.10058, 1.37849],
			"to": [10.975, 17.10058, 9.37849],
			"rotation": {"angle": -22.5, "axis": "x", "origin": [8, 13.10058, 5.37849]},
			"faces": {
				"north": {"uv": [0, 9.25, 1.5, 11.5], "texture": "#0"},
				"east": {"uv": [4, 8, 6, 10.25], "texture": "#0"},
				"south": {"uv": [8, 9.75, 9.5, 12], "texture": "#0"},
				"west": {"uv": [6, 8, 8, 10.25], "texture": "#0"},
				"up": {"uv": [3, 12.75, 1.5, 10.75], "texture": "#0"},
				"down": {"uv": [12, 10.75, 10.5, 12.75], "texture": "#0"}
			}
		},
		{
			"from": [5.025, 17.10058, 6.37849],
			"to": [10.975, 21.10058, 9.37849],
			"rotation": {"angle": -22.5, "axis": "x", "origin": [8, 13.10058, 5.37849]},
			"faces": {
				"north": {"uv": [8.25, 6.75, 9.75, 7.75], "texture": "#0"},
				"east": {"uv": [12, 13.25, 12.75, 14.25], "texture": "#0"},
				"south": {"uv": [12.25, 0, 13.75, 1], "texture": "#0"},
				"west": {"uv": [3, 13.5, 3.75, 14.5], "texture": "#0"},
				"up": {"uv": [14.25, 6.25, 12.75, 5.5], "texture": "#0"},
				"down": {"uv": [12, 12.75, 10.5, 13.5], "texture": "#0"}
			}
		},
		{
			"from": [6, 10.04761, 21.57418],
			"to": [10, 12.04761, 23.57418],
			"rotation": {"angle": 22.5, "axis": "x", "origin": [10, 17.04761, 15.57418]},
			"faces": {
				"north": {"uv": [14, 13, 15, 13.5], "texture": "#0"},
				"east": {"uv": [14.25, 2, 14.75, 2.5], "texture": "#0"},
				"south": {"uv": [14.25, 1, 15.25, 1.5], "texture": "#0"},
				"west": {"uv": [2.5, 14.25, 3, 14.75], "texture": "#0"},
				"up": {"uv": [2.5, 14.75, 1.5, 14.25], "texture": "#0"},
				"down": {"uv": [15.25, 1.5, 14.25, 2], "texture": "#0"}
			}
		},
		{
			"from": [6, 12.04761, 12.57418],
			"to": [10, 25.04761, 25.57418],
			"rotation": {"angle": 22.5, "axis": "x", "origin": [10, 17.04761, 15.57418]},
			"faces": {
				"north": {"uv": [9.5, 9.75, 10.5, 13], "texture": "#0"},
				"east": {"uv": [0, 0, 3.25, 3.25], "texture": "#0"},
				"south": {"uv": [10.25, 3.5, 11.25, 6.75], "texture": "#0"},
				"west": {"uv": [0, 3.25, 3.25, 6.5], "texture": "#0"},
				"up": {"uv": [5, 13.5, 4, 10.25], "texture": "#0"},
				"down": {"uv": [6, 10.25, 5, 13.5], "texture": "#0"}
			}
		}
	],
	"display": {
		"thirdperson_righthand": {
			"scale": [0.57, 0.57, 0.57]
		},
		"thirdperson_lefthand": {
			"scale": [0.52, 0.52, 0.52]
		},
		"firstperson_righthand": {
			"scale": [0.55, 0.55, 0.55]
		},
		"firstperson_lefthand": {
			"scale": [0.55, 0.55, 0.55]
		},
		"ground": {
			"translation": [0, 5.5, 0],
			"scale": [0.54, 0.54, 0.54]
		},
		"gui": {
			"rotation": [35, 135, 0],
			"translation": [-1.5, -2.75, 0],
			"scale": [0.51, 0.51, 0.51]
		},
		"head": {
			"translation": [0, 4.25, 0],
			"scale": [1.69, 1.69, 1.69]
		},
		"fixed": {
			"rotation": [0, 90, 0],
			"translation": [0, -2.75, 0],
			"scale": [0.65, 0.65, 0.65]
		}
	}
}