{
	"credit": "Made by Manning Design",
	"texture_size": [64, 64],
	"textures": {
		"0": "custom/bs_balloon_duck_texture",
		"particle": "custom/bs_balloon_duck_texture"
	},
	"elements": [
		{
			"from": [8, 2.26537, 7.65224],
			"to": [11, 5.26537, 10.65224],
			"rotation": {"angle": 0, "axis": "y", "origin": [8, 1.76537, 6.15224]},
			"faces": {
				"north": {"uv": [10.5, 5.25, 11.25, 6], "texture": "#0"},
				"east": {"uv": [10.5, 6, 11.25, 6.75], "texture": "#0"},
				"south": {"uv": [10, 10.5, 10.75, 11.25], "texture": "#0"},
				"west": {"uv": [10.75, 1.25, 11.5, 2], "texture": "#0"},
				"up": {"uv": [11.5, 2.75, 10.75, 2], "texture": "#0"},
				"down": {"uv": [11.5, 3.5, 10.75, 4.25], "texture": "#0"}
			}
		},
		{
			"from": [5, 2.26537, 7.65224],
			"to": [8, 5.26537, 10.65224],
			"rotation": {"angle": 0, "axis": "y", "origin": [8, 1.76537, 6.15224]},
			"faces": {
				"north": {"uv": [6.5, 8, 7.25, 8.75], "texture": "#0"},
				"east": {"uv": [10.25, 2.75, 11, 3.5], "texture": "#0"},
				"south": {"uv": [1.5, 10.5, 2.25, 11.25], "texture": "#0"},
				"west": {"uv": [2.25, 10.5, 3, 11.25], "texture": "#0"},
				"up": {"uv": [3.75, 11.25, 3, 10.5], "texture": "#0"},
				"down": {"uv": [11.25, 4.5, 10.5, 5.25], "texture": "#0"}
			}
		},
		{
			"from": [8, 0.26537, 4.65224],
			"to": [12, 2.26537, 10.65224],
			"rotation": {"angle": 0, "axis": "y", "origin": [8, 1.76537, 6.15224]},
			"faces": {
				"north": {"uv": [8, 10.75, 9, 11.25], "texture": "#0"},
				"east": {"uv": [10, 9.5, 11.5, 10], "texture": "#0"},
				"south": {"uv": [10.75, 10.5, 11.75, 11], "texture": "#0"},
				"west": {"uv": [10, 10, 11.5, 10.5], "texture": "#0"},
				"up": {"uv": [7.5, 10.75, 6.5, 9.25], "texture": "#0"},
				"down": {"uv": [8.5, 9.25, 7.5, 10.75], "texture": "#0"}
			}
		},
		{
			"from": [4, 0.26537, 4.65224],
			"to": [8, 2.26537, 10.65224],
			"rotation": {"angle": 0, "axis": "y", "origin": [8, 1.76537, 6.15224]},
			"faces": {
				"north": {"uv": [6, 10.75, 7, 11.25], "texture": "#0"},
				"east": {"uv": [10, 0.75, 11.5, 1.25], "texture": "#0"},
				"south": {"uv": [7, 10.75, 8, 11.25], "texture": "#0"},
				"west": {"uv": [10, 9, 11.5, 9.5], "texture": "#0"},
				"up": {"uv": [5.5, 10.75, 4.5, 9.25], "texture": "#0"},
				"down": {"uv": [6.5, 9.25, 5.5, 10.75], "texture": "#0"}
			}
		},
		{
			"from": [1, 6.26537, 3.65224],
			"to": [3, 12.26537, 12.65224],
			"rotation": {"angle": 0, "axis": "y", "origin": [8, 11.76537, 8.15224]},
			"faces": {
				"north": {"uv": [10.25, 1.25, 10.75, 2.75], "texture": "#0"},
				"east": {"uv": [5.5, 1.75, 7.75, 3.25], "texture": "#0"},
				"south": {"uv": [0, 10.5, 0.5, 12], "texture": "#0"},
				"west": {"uv": [5.5, 3.25, 7.75, 4.75], "texture": "#0"},
				"up": {"uv": [4.5, 11.75, 4, 9.5], "texture": "#0"},
				"down": {"uv": [10, 9, 9.5, 11.25], "texture": "#0"}
			}
		},
		{
			"from": [13, 6.26537, 3.65224],
			"to": [15, 12.26537, 12.65224],
			"rotation": {"angle": 0, "axis": "y", "origin": [8, 11.76537, 8.15224]},
			"faces": {
				"north": {"uv": [0.5, 10.5, 1, 12], "texture": "#0"},
				"east": {"uv": [5, 6.5, 7.25, 8], "texture": "#0"},
				"south": {"uv": [1, 10.5, 1.5, 12], "texture": "#0"},
				"west": {"uv": [0, 6.75, 2.25, 8.25], "texture": "#0"},
				"up": {"uv": [10.25, 3.5, 9.75, 1.25], "texture": "#0"},
				"down": {"uv": [10.5, 4.5, 10, 6.75], "texture": "#0"}
			}
		},
		{
			"from": [5, 14.04747, -2.19763],
			"to": [11, 17.04747, 0.80237],
			"rotation": {"angle": 0, "axis": "y", "origin": [7.6195, 9.23121, 10.82987]},
			"faces": {
				"north": {"uv": [9.75, 6.75, 11.25, 7.5], "texture": "#0"},
				"east": {"uv": [4.5, 10.75, 5.25, 11.5], "texture": "#0"},
				"south": {"uv": [10, 0, 11.5, 0.75], "texture": "#0"},
				"west": {"uv": [5.25, 10.75, 6, 11.5], "texture": "#0"},
				"up": {"uv": [11.5, 8.25, 10, 7.5], "texture": "#0"},
				"down": {"uv": [11.5, 8.25, 10, 9], "texture": "#0"}
			}
		},
		{
			"from": [5, 14.04747, 0.80237],
			"to": [11, 19.04747, 6.80237],
			"rotation": {"angle": 0, "axis": "y", "origin": [7.6195, 12.23121, 3.75987]},
			"faces": {
				"north": {"uv": [3, 8.25, 4.5, 9.5], "texture": "#0"},
				"east": {"uv": [8.5, 0, 10, 1.25], "texture": "#0"},
				"south": {"uv": [8.5, 4.75, 10, 6], "texture": "#0"},
				"west": {"uv": [8.5, 7.75, 10, 9], "texture": "#0"},
				"up": {"uv": [8.5, 6.25, 7, 4.75], "texture": "#0"},
				"down": {"uv": [8.75, 6.25, 7.25, 7.75], "texture": "#0"}
			}
		},
		{
			"from": [5.025, 11.021, 0.27873],
			"to": [10.975, 15.021, 5.27873],
			"rotation": {"angle": 22.5, "axis": "x", "origin": [7.57725, 10.7043, 3.5934]},
			"faces": {
				"north": {"uv": [9.25, 3.5, 10.75, 4.5], "texture": "#0"},
				"east": {"uv": [1.5, 9.5, 2.75, 10.5], "texture": "#0"},
				"south": {"uv": [0, 9.5, 1.5, 10.5], "texture": "#0"},
				"west": {"uv": [2.75, 9.5, 4, 10.5], "texture": "#0"},
				"up": {"uv": [1.5, 9.5, 0, 8.25], "texture": "#0"},
				"down": {"uv": [3, 8.25, 1.5, 9.5], "texture": "#0"}
			}
		},
		{
			"from": [5, 6.26537, 0.65224],
			"to": [11, 12.26537, 5.65224],
			"rotation": {"angle": 0, "axis": "y", "origin": [7.57725, 9.39162, 3.51728]},
			"faces": {
				"north": {"uv": [2.25, 6.75, 3.75, 8.25], "texture": "#0"},
				"east": {"uv": [3.75, 6.75, 5, 8.25], "texture": "#0"},
				"south": {"uv": [7, 0, 8.5, 1.5], "texture": "#0"},
				"west": {"uv": [7.25, 7.75, 8.5, 9.25], "texture": "#0"},
				"up": {"uv": [9.25, 4.75, 7.75, 3.5], "texture": "#0"},
				"down": {"uv": [6.5, 8, 5, 9.25], "texture": "#0"}
			}
		},
		{
			"from": [3, 5.26537, 2.65224],
			"to": [13, 13.26537, 13.65224],
			"rotation": {"angle": 0, "axis": "y", "origin": [6, 13.08174, 5.38844]},
			"faces": {
				"north": {"uv": [0, 4.75, 2.5, 6.75], "texture": "#0"},
				"east": {"uv": [0, 2.75, 2.75, 4.75], "texture": "#0"},
				"south": {"uv": [2.5, 4.75, 5, 6.75], "texture": "#0"},
				"west": {"uv": [2.75, 2.75, 5.5, 4.75], "texture": "#0"},
				"up": {"uv": [2.5, 2.75, 0, 0], "texture": "#0"},
				"down": {"uv": [5, 0, 2.5, 2.75], "texture": "#0"}
			}
		},
		{
			"from": [4, 6.26537, 13.65224],
			"to": [12, 13.26537, 17.65224],
			"rotation": {"angle": 0, "axis": "y", "origin": [6, 13.08174, 5.38844]},
			"faces": {
				"north": {"uv": [5, 0, 7, 1.75], "texture": "#0"},
				"east": {"uv": [8.75, 6, 9.75, 7.75], "texture": "#0"},
				"south": {"uv": [5, 4.75, 7, 6.5], "texture": "#0"},
				"west": {"uv": [8.5, 9, 9.5, 10.75], "texture": "#0"},
				"up": {"uv": [9.75, 2.5, 7.75, 1.5], "texture": "#0"},
				"down": {"uv": [9.75, 2.5, 7.75, 3.5], "texture": "#0"}
			}
		}
	],
	"display": {
		"thirdperson_righthand": {
			"scale": [0.57, 0.57, 0.57]
		},
		"thirdperson_lefthand": {
			"scale": [0.52, 0.52, 0.52]
		},
		"firstperson_righthand": {
			"scale": [0.55, 0.55, 0.55]
		},
		"firstperson_lefthand": {
			"scale": [0.55, 0.55, 0.55]
		},
		"ground": {
			"translation": [0, 5.5, 0],
			"scale": [0.54, 0.54, 0.54]
		},
		"gui": {
			"rotation": [35, 135, 0],
			"translation": [-0.5, -0.5, 0],
			"scale": [0.55, 0.55, 0.55]
		},
		"head": {
			"translation": [0, 5, 0],
			"scale": [1.69, 1.69, 1.69]
		},
		"fixed": {
			"rotation": [0, 90, 0],
			"translation": [0, -2.75, 0],
			"scale": [0.65, 0.65, 0.65]
		}
	}
}