{
	"credit": "Made by Manning Design",
	"texture_size": [128, 128],
	"textures": {
		"2": "custom/bs_balloon_mooshroom_texture"
	},
	"elements": [
		{
			"from": [4, -0.95463, 13.79924],
			"to": [8, 6.04537, 17.79924],
			"rotation": {"angle": -22.5, "axis": "x", "origin": [0, -1, 10]},
			"faces": {
				"north": {"uv": [8.875, 2, 9.375, 2.875], "texture": "#2"},
				"east": {"uv": [11.125, 1, 11.625, 1.875], "texture": "#2"},
				"south": {"uv": [11.125, 1.875, 11.625, 2.75], "texture": "#2"},
				"west": {"uv": [11.125, 2.75, 11.625, 3.625], "texture": "#2"},
				"up": {"uv": [10.5, 4.625, 10, 4.125], "texture": "#2"},
				"down": {"uv": [12.625, 2.375, 12.125, 2.875], "texture": "#2"}
			}
		},
		{
			"from": [8, -0.95463, 13.79924],
			"to": [12, 6.04537, 17.79924],
			"rotation": {"angle": -22.5, "axis": "x", "origin": [0, -1, 10]},
			"faces": {
				"north": {"uv": [11.25, 0, 11.75, 0.875], "texture": "#2"},
				"east": {"uv": [10.25, 3.25, 10.75, 4.125], "texture": "#2"},
				"south": {"uv": [11.625, 0.875, 12.125, 1.75], "texture": "#2"},
				"west": {"uv": [11.625, 1.75, 12.125, 2.625], "texture": "#2"},
				"up": {"uv": [12.625, 3.375, 12.125, 2.875], "texture": "#2"},
				"down": {"uv": [12.75, 0, 12.25, 0.5], "texture": "#2"}
			}
		},
		{
			"from": [4.5, 3.5, 2],
			"to": [11.5, 11.5, 14],
			"rotation": {"angle": 0, "axis": "y", "origin": [0, -2, 11]},
			"faces": {
				"north": {"uv": [8, 2, 8.875, 3], "texture": "#2"},
				"east": {"uv": [8, 0, 9.5, 1], "texture": "#2"},
				"south": {"uv": [10.375, 0, 11.25, 1], "texture": "#2"},
				"west": {"uv": [8, 1, 9.5, 2], "texture": "#2"},
				"up": {"uv": [10.375, 1.5, 9.5, 0], "texture": "#2"},
				"down": {"uv": [10.375, 1.5, 9.5, 3], "texture": "#2"}
			}
		},
		{
			"from": [8, -2.48536, -1.49475],
			"to": [12, 4.51464, 2.50525],
			"rotation": {"angle": 22.5, "axis": "x", "origin": [0, -1, 10]},
			"faces": {
				"north": {"uv": [11.625, 2.625, 12.125, 3.5], "texture": "#2"},
				"east": {"uv": [10.75, 3.625, 11.25, 4.5], "texture": "#2"},
				"south": {"uv": [11.25, 3.625, 11.75, 4.5], "texture": "#2"},
				"west": {"uv": [8, 3.75, 8.5, 4.625], "texture": "#2"},
				"up": {"uv": [12.25, 4.75, 11.75, 4.25], "texture": "#2"},
				"down": {"uv": [12.75, 4.25, 12.25, 4.75], "texture": "#2"}
			}
		},
		{
			"from": [4, -2.48536, -1.49475],
			"to": [8, 4.51464, 2.50525],
			"rotation": {"angle": 22.5, "axis": "x", "origin": [0, -1, 10]},
			"faces": {
				"north": {"uv": [11.75, 0, 12.25, 0.875], "texture": "#2"},
				"east": {"uv": [8.5, 3.75, 9, 4.625], "texture": "#2"},
				"south": {"uv": [9, 3.75, 9.5, 4.625], "texture": "#2"},
				"west": {"uv": [9.5, 3.75, 10, 4.625], "texture": "#2"},
				"up": {"uv": [13, 1, 12.5, 0.5], "texture": "#2"},
				"down": {"uv": [13, 1, 12.5, 1.5], "texture": "#2"}
			}
		},
		{
			"from": [5, 8.16497, -1.84864],
			"to": [11, 14.16497, 4.15136],
			"rotation": {"angle": 0, "axis": "y", "origin": [8, 10.66497, 0.15136]},
			"faces": {
				"north": {"uv": [10.375, 1, 11.125, 1.75], "texture": "#2"},
				"east": {"uv": [10.375, 1.75, 11.125, 2.5], "texture": "#2"},
				"south": {"uv": [10.375, 2.5, 11.125, 3.25], "texture": "#2"},
				"west": {"uv": [8, 3, 8.75, 3.75], "texture": "#2"},
				"up": {"uv": [9.5, 3.75, 8.75, 3], "texture": "#2"},
				"down": {"uv": [10.25, 3, 9.5, 3.75], "texture": "#2"}
			}
		},
		{
			"from": [3, 12.16497, 0.15136],
			"to": [5, 15.16497, 2.15136],
			"rotation": {"angle": 0, "axis": "y", "origin": [0, 0.16497, -1.84864]},
			"faces": {
				"north": {"uv": [10, 3.75, 10.25, 4.125], "texture": "#2"},
				"east": {"uv": [10.5, 4.125, 10.75, 4.5], "texture": "#2"},
				"south": {"uv": [12.25, 0.5, 12.5, 0.875], "texture": "#2"},
				"west": {"uv": [12.5, 1.875, 12.75, 2.25], "texture": "#2"},
				"up": {"uv": [12.75, 3.625, 12.5, 3.375], "texture": "#2"},
				"down": {"uv": [11.75, 4.5, 11.5, 4.75], "texture": "#2"}
			}
		},
		{
			"from": [11, 12.16497, 0.15136],
			"to": [13, 15.16497, 2.15136],
			"rotation": {"angle": 0, "axis": "y", "origin": [16, 0.16497, -1.84864]},
			"faces": {
				"north": {"uv": [10.5, 4.5, 10.75, 4.875], "texture": "#2"},
				"east": {"uv": [10.75, 4.5, 11, 4.875], "texture": "#2"},
				"south": {"uv": [11, 4.5, 11.25, 4.875], "texture": "#2"},
				"west": {"uv": [11.25, 4.5, 11.5, 4.875], "texture": "#2"},
				"up": {"uv": [12.75, 3.875, 12.5, 3.625], "texture": "#2"},
				"down": {"uv": [12.75, 3.875, 12.5, 4.125], "texture": "#2"}
			}
		},
		{
			"from": [5.5, 11.5, 10],
			"to": [7.5, 13.5, 12],
			"rotation": {"angle": 0, "axis": "y", "origin": [14.5, 0, 3]},
			"faces": {
				"north": {"uv": [3.5, 2.5, 4, 3], "texture": "#2"},
				"east": {"uv": [3, 3.5, 3.5, 4], "texture": "#2"},
				"south": {"uv": [3.5, 3, 4, 3.5], "texture": "#2"},
				"west": {"uv": [3.5, 3.5, 4, 4], "texture": "#2"},
				"up": {"uv": [0.5, 4.5, 0, 4], "texture": "#2"},
				"down": {"uv": [4.5, 0, 4, 0.5], "texture": "#2"}
			}
		},
		{
			"from": [4.5, 13.5, 9],
			"to": [8.5, 15.5, 13],
			"rotation": {"angle": 0, "axis": "y", "origin": [14.5, 0, 3]},
			"faces": {
				"north": {"uv": [3, 0.5, 4, 1], "texture": "#2"},
				"east": {"uv": [1, 3, 2, 3.5], "texture": "#2"},
				"south": {"uv": [3, 1, 4, 1.5], "texture": "#2"},
				"west": {"uv": [3, 1.5, 4, 2], "texture": "#2"},
				"up": {"uv": [1, 3, 0, 2], "texture": "#2"},
				"down": {"uv": [3, 0, 2, 1], "texture": "#2"}
			}
		},
		{
			"from": [8.5, 11, 5.5],
			"to": [10.5, 13, 7.5],
			"rotation": {"angle": 0, "axis": "y", "origin": [14.5, 0, 3]},
			"faces": {
				"north": {"uv": [0.5, 3.5, 1, 4], "texture": "#2"},
				"east": {"uv": [1, 3.5, 1.5, 4], "texture": "#2"},
				"south": {"uv": [1.5, 3.5, 2, 4], "texture": "#2"},
				"west": {"uv": [2, 3.5, 2.5, 4], "texture": "#2"},
				"up": {"uv": [4, 2.5, 3.5, 2], "texture": "#2"},
				"down": {"uv": [3, 3.5, 2.5, 4], "texture": "#2"}
			}
		},
		{
			"from": [7.5, 13, 4.5],
			"to": [11.5, 15, 8.5],
			"rotation": {"angle": 0, "axis": "y", "origin": [14.5, 0, 3]},
			"faces": {
				"north": {"uv": [1, 2.5, 2, 3], "texture": "#2"},
				"east": {"uv": [2, 2.5, 3, 3], "texture": "#2"},
				"south": {"uv": [0, 3, 1, 3.5], "texture": "#2"},
				"west": {"uv": [3, 0, 4, 0.5], "texture": "#2"},
				"up": {"uv": [2, 1, 1, 0], "texture": "#2"},
				"down": {"uv": [2, 1, 1, 2], "texture": "#2"}
			}
		},
		{
			"from": [6, 13.66497, 0.15136],
			"to": [8, 15.66497, 2.15136],
			"rotation": {"angle": 0, "axis": "y", "origin": [15, -0.33503, -0.34864]},
			"faces": {
				"north": {"uv": [2, 3, 2.5, 3.5], "texture": "#2"},
				"east": {"uv": [3, 2, 3.5, 2.5], "texture": "#2"},
				"south": {"uv": [2.5, 3, 3, 3.5], "texture": "#2"},
				"west": {"uv": [3, 2.5, 3.5, 3], "texture": "#2"},
				"up": {"uv": [3.5, 3.5, 3, 3], "texture": "#2"},
				"down": {"uv": [0.5, 3.5, 0, 4], "texture": "#2"}
			}
		},
		{
			"from": [5, 15.66497, -0.84864],
			"to": [9, 17.66497, 3.15136],
			"rotation": {"angle": 0, "axis": "y", "origin": [15, -0.33503, -0.34864]},
			"faces": {
				"north": {"uv": [1, 2, 2, 2.5], "texture": "#2"},
				"east": {"uv": [2, 1, 3, 1.5], "texture": "#2"},
				"south": {"uv": [2, 1.5, 3, 2], "texture": "#2"},
				"west": {"uv": [2, 2, 3, 2.5], "texture": "#2"},
				"up": {"uv": [1, 1, 0, 0], "texture": "#2"},
				"down": {"uv": [1, 1, 0, 2], "texture": "#2"}
			}
		},
		{
			"from": [7.5, 10.89, 15.48012],
			"to": [8.5, 11.89, 17.48012],
			"rotation": {"angle": -45, "axis": "x", "origin": [8, 9.89, 14.48012]},
			"faces": {
				"north": {"uv": [10.25, 3, 10.375, 3.125], "texture": "#2"},
				"east": {"uv": [8.875, 2.875, 9.125, 3], "texture": "#2"},
				"south": {"uv": [10.25, 3.125, 10.375, 3.25], "texture": "#2"},
				"west": {"uv": [9.125, 2.875, 9.375, 3], "texture": "#2"},
				"up": {"uv": [9.5, 2.25, 9.375, 2], "texture": "#2"},
				"down": {"uv": [9.5, 2.25, 9.375, 2.5], "texture": "#2"}
			}
		},
		{
			"from": [6.5, 9.89, 10.48012],
			"to": [9.5, 12.89, 16.48012],
			"rotation": {"angle": -45, "axis": "x", "origin": [8, 9.89, 14.48012]},
			"faces": {
				"north": {"uv": [10.75, 3.25, 11.125, 3.625], "texture": "#2"},
				"east": {"uv": [11.75, 3.5, 12.5, 3.875], "texture": "#2"},
				"south": {"uv": [12.5, 1.5, 12.875, 1.875], "texture": "#2"},
				"west": {"uv": [11.75, 3.875, 12.5, 4.25], "texture": "#2"},
				"up": {"uv": [12.5, 1.625, 12.125, 0.875], "texture": "#2"},
				"down": {"uv": [12.5, 1.625, 12.125, 2.375], "texture": "#2"}
			}
		},
		{
			"from": [7, 10.16497, -2.84864],
			"to": [9, 12.16497, -1.84864],
			"rotation": {"angle": 0, "axis": "y", "origin": [8, 10.66497, 0.15136]},
			"faces": {
				"north": {"uv": [8, 4.625, 8.25, 4.875], "texture": "#2"},
				"east": {"uv": [9.375, 2.5, 9.5, 2.75], "texture": "#2"},
				"south": {"uv": [8.25, 4.625, 8.5, 4.875], "texture": "#2"},
				"west": {"uv": [9.375, 2.75, 9.5, 3], "texture": "#2"},
				"up": {"uv": [11.5, 1, 11.25, 0.875], "texture": "#2"},
				"down": {"uv": [12.375, 3.375, 12.125, 3.5], "texture": "#2"}
			}
		}
	],
	"display": {
		"thirdperson_righthand": {
			"scale": [0.57, 0.57, 0.57]
		},
		"thirdperson_lefthand": {
			"scale": [0.52, 0.52, 0.52]
		},
		"firstperson_righthand": {
			"scale": [0.55, 0.55, 0.55]
		},
		"firstperson_lefthand": {
			"scale": [0.55, 0.55, 0.55]
		},
		"ground": {
			"translation": [0, 5.5, 0],
			"scale": [0.54, 0.54, 0.54]
		},
		"gui": {
			"rotation": [35, 135, 0],
			"translation": [0.25, 0.5, 0],
			"scale": [0.58, 0.58, 0.58]
		},
		"head": {
			"translation": [0, 1.75, 0.5],
			"scale": [1.88, 1.88, 1.88]
		},
		"fixed": {
			"rotation": [0, 90, 0],
			"translation": [0, -2.75, 0],
			"scale": [0.65, 0.65, 0.65]
		}
	}
}