{"credit":"Made with Blockbench by yungwilder","textures":{"0":"custom/yungwilder/hat_pack/antenna","particle":"custom/yungwilder/hat_pack/antenna"},"elements":[{"from":[6,7,6],"to":[10,9,10],"faces":{"north":{"uv":[0,4,4,6],"texture":"#0"},"east":{"uv":[4,0,8,2],"texture":"#0"},"south":{"uv":[0,4,4,6],"texture":"#0"},"west":{"uv":[4,0,8,2],"texture":"#0"},"up":{"uv":[4,4,0,0],"texture":"#0"},"down":{"uv":[0,0,4,4],"texture":"#0"}}},{"from":[7.5,9,7.5],"to":[8.5,13,8.5],"faces":{"north":{"uv":[4,2,5,6],"texture":"#0"},"east":{"uv":[4,2,5,6],"texture":"#0"},"south":{"uv":[4,2,5,6],"texture":"#0"},"west":{"uv":[4,2,5,6],"texture":"#0"}}},{"from":[7,13,7],"to":[9,15,9],"faces":{"north":{"uv":[5,2,7,4],"texture":"#0"},"east":{"uv":[5,4,7,6],"texture":"#0"},"south":{"uv":[5,2,7,4],"texture":"#0"},"west":{"uv":[5,4,7,6],"texture":"#0"},"up":{"uv":[2,8,0,6],"texture":"#0"},"down":{"uv":[4,6,2,8],"texture":"#0"}}}],"gui_light":"front","display":{"thirdperson_righthand":{"translation":[0,0.75,0],"scale":[0.7,0.7,0.7]},"thirdperson_lefthand":{"translation":[0,0.75,0],"scale":[0.7,0.7,0.7]},"firstperson_righthand":{"rotation":[0,125,0],"translation":[0,2,0],"scale":[0.5,0.5,0.5]},"firstperson_lefthand":{"rotation":[0,125,0],"translation":[0,2,0],"scale":[0.5,0.5,0.5]},"ground":{"translation":[0,-1,0],"scale":[0.5,0.5,0.5]},"gui":{"rotation":[15,-135,0],"translation":[0,-3,0],"scale":[1.2,1.2,1.2]},"head":{"translation":[0,7.5,0],"scale":[1.81,1.81,1.81]},"fixed":{"translation":[0,-4.5,-1.5],"scale":[1.5,1.5,1.5]}}}