{"textures":{"0":"modelengine:entity/frostbear"},"elements":[{"from":[9.0,-0.57142925,4.5142856],"to":[12.714286,4.0,4.5142856],"rotation":{"angle":0.0,"axis":"y","origin":[9.857143,12.285715,3.6571426]},"faces":{"east":{"uv":[0.0,0.0,0.0,1.0625],"rotation":0,"texture":"#0","tintindex":0},"south":{"uv":[2.625,6.5625,3.03125,7.0625],"rotation":0,"texture":"#0","tintindex":0},"north":{"uv":[3.03125,6.5625,2.625,7.0625],"rotation":0,"texture":"#0","tintindex":0},"west":{"uv":[0.0,0.0,0.0,1.0625],"rotation":0,"texture":"#0","tintindex":0},"up":{"uv":[0.0,0.0,0.40625,0.0],"rotation":0,"texture":"#0","tintindex":0},"down":{"uv":[0.0,0.0,0.40625,0.0],"rotation":0,"texture":"#0","tintindex":0}}},{"from":[11.285714,5.714286,5.142857],"to":[11.285714,13.714286,16.57143],"rotation":{"angle":0.0,"axis":"y","origin":[1.7142854,16.0,9.428572]},"faces":{"east":{"uv":[7.5625,3.5625,6.3125,4.4375],"rotation":0,"texture":"#0","tintindex":0},"south":{"uv":[0.0,0.0,0.0,0.875],"rotation":0,"texture":"#0","tintindex":0},"north":{"uv":[0.0,0.0,0.0,0.875],"rotation":0,"texture":"#0","tintindex":0},"west":{"uv":[6.3125,3.5625,7.5625,4.4375],"rotation":0,"texture":"#0","tintindex":0},"up":{"uv":[0.0,1.25,0.0,0.0],"rotation":0,"texture":"#0","tintindex":0},"down":{"uv":[0.0,0.0,0.0,1.25],"rotation":0,"texture":"#0","tintindex":0}}},{"from":[10.857143,2.8571424,9.714286],"to":[12.571428,4.5714283,13.142858],"rotation":{"angle":-22.5,"axis":"x","origin":[12.285715,3.7142854,10.285714]},"faces":{"east":{"uv":[7.125,1.9375,6.75,2.125],"rotation":0,"texture":"#0","tintindex":0},"south":{"uv":[2.5625,3.9375,2.375,4.125],"rotation":0,"texture":"#0","tintindex":0},"north":{"uv":[3.3125,0.6875,3.125,0.875],"rotation":0,"texture":"#0","tintindex":0},"west":{"uv":[6.75,1.9375,7.125,2.125],"rotation":0,"texture":"#0","tintindex":0},"up":{"uv":[6.75,2.125,7.125,1.9375],"rotation":90,"texture":"#0","tintindex":0},"down":{"uv":[6.75,2.125,7.125,1.9375],"rotation":270,"texture":"#0","tintindex":0}}},{"from":[6.5714283,2.8571424,4.5714283],"to":[11.714286,5.714286,11.428572],"rotation":{"angle":0.0,"axis":"y","origin":[1.7142854,16.0,9.428572]},"faces":{"east":{"uv":[6.75,2.375,6.0,2.6875],"rotation":0,"texture":"#0","tintindex":0},"south":{"uv":[3.9375,0.0,4.5,0.3125],"rotation":0,"texture":"#0","tintindex":0},"north":{"uv":[4.5,0.0,3.9375,0.3125],"rotation":0,"texture":"#0","tintindex":0},"west":{"uv":[6.0,2.375,6.75,2.6875],"rotation":0,"texture":"#0","tintindex":0},"up":{"uv":[4.5,6.625,5.0625,5.875],"rotation":0,"texture":"#0","tintindex":0},"down":{"uv":[3.0625,6.0,3.625,6.75],"rotation":0,"texture":"#0","tintindex":0}}},{"from":[10.571428,0.72366905,8.765367],"to":[12.285715,5.2950983,10.479652],"rotation":{"angle":22.5,"axis":"x","origin":[12.0,1.580812,18.19394]},"faces":{"east":{"uv":[7.0625,5.4375,6.875,5.9375],"rotation":0,"texture":"#0","tintindex":0},"south":{"uv":[7.0625,5.4375,6.875,5.9375],"rotation":0,"texture":"#0","tintindex":0},"north":{"uv":[7.0625,5.4375,6.875,5.9375],"rotation":0,"texture":"#0","tintindex":0},"west":{"uv":[7.0625,5.4375,6.875,5.9375],"rotation":0,"texture":"#0","tintindex":0},"up":{"uv":[2.375,5.0,2.5625,4.8125],"rotation":0,"texture":"#0","tintindex":0},"down":{"uv":[0.875,5.0,1.0625,5.1875],"rotation":0,"texture":"#0","tintindex":0}}},{"from":[7.142857,0.0,5.142857],"to":[11.142858,8.0,10.857143],"rotation":{"angle":0.0,"axis":"y","origin":[1.7142854,16.0,9.428572]},"faces":{"east":{"uv":[3.125,3.0625,3.75,3.9375],"rotation":0,"texture":"#0","tintindex":0},"south":{"uv":[1.5625,4.3125,1.125,5.1875],"rotation":0,"texture":"#0","tintindex":0},"north":{"uv":[1.125,4.3125,1.5625,5.1875],"rotation":0,"texture":"#0","tintindex":0},"west":{"uv":[3.125,2.1875,3.75,3.0625],"rotation":0,"texture":"#0","tintindex":0},"up":{"uv":[3.625,5.6875,3.1875,5.0625],"rotation":0,"texture":"#0","tintindex":0},"down":{"uv":[1.3125,5.1875,0.875,5.8125],"rotation":0,"texture":"#0","tintindex":0}}}],"display":{"head":{"translation":[0.0,-6.4,0.0],"scale":[4.0,4.0,4.0]}}}