{"textures":{"0":"modelengine:entity/nocsy_sewer_spider"},"elements":[{"from":[4.941878,5.6096644,3.3801694],"to":[11.227592,10.7525215,9.094456],"rotation":{"angle":0.0,"axis":"y","origin":[7.799021,4.4668074,9.665884]},"faces":{"east":{"uv":[5.875,0.0,4.625,1.125],"rotation":0,"texture":"#0","tintindex":0},"south":{"uv":[3.125,1.25,4.5,2.375],"rotation":0,"texture":"#0","tintindex":0},"north":{"uv":[3.125,0.0,4.5,1.125],"rotation":0,"texture":"#0","tintindex":0},"west":{"uv":[4.625,0.0,5.875,1.125],"rotation":0,"texture":"#0","tintindex":0},"up":{"uv":[3.0,1.25,1.625,0.0],"rotation":0,"texture":"#0","tintindex":0},"down":{"uv":[3.0,1.375,1.625,2.625],"rotation":0,"texture":"#0","tintindex":0}}},{"from":[5.1704493,7.3239503,2.8087406],"to":[7.456164,9.609665,5.094455],"rotation":{"angle":0.0,"axis":"y","origin":[7.799021,4.4668074,9.665884]},"faces":{"east":{"uv":[7.5,7.25,8.0,7.75],"rotation":0,"texture":"#0","tintindex":0},"south":{"uv":[0.0,7.625,0.5,8.125],"rotation":0,"texture":"#0","tintindex":0},"north":{"uv":[7.5,6.625,8.0,7.125],"rotation":0,"texture":"#0","tintindex":0},"west":{"uv":[4.0,7.625,4.5,8.125],"rotation":0,"texture":"#0","tintindex":0},"up":{"uv":[5.125,8.125,4.625,7.625],"rotation":0,"texture":"#0","tintindex":0},"down":{"uv":[5.75,7.625,5.25,8.125],"rotation":0,"texture":"#0","tintindex":0}}},{"from":[5.341878,7.5525217,2.7515984],"to":[7.2275925,9.438236,2.7515984],"rotation":{"angle":0.0,"axis":"y","origin":[7.9704494,4.2953787,9.665884]},"faces":{"east":{"uv":[7.5,7.25,8.0,7.75],"rotation":0,"texture":"#0","tintindex":0},"south":{"uv":[9.875,6.375,10.25,6.75],"rotation":0,"texture":"#0","tintindex":0},"north":{"uv":[10.25,6.375,9.875,6.75],"rotation":0,"texture":"#0","tintindex":0},"west":{"uv":[4.0,7.625,4.5,8.125],"rotation":0,"texture":"#0","tintindex":0},"up":{"uv":[5.125,8.125,4.625,7.625],"rotation":0,"texture":"#0","tintindex":0},"down":{"uv":[5.75,7.625,5.25,8.125],"rotation":0,"texture":"#0","tintindex":0}}},{"from":[5.550458,8.737179,2.6944551],"to":[6.236172,9.251465,2.6944551],"rotation":{"angle":0.0,"axis":"y","origin":[5.893315,8.994322,2.6944551]},"faces":{"east":{"uv":[5.125,8.125,4.625,7.625],"rotation":90,"texture":"#0","tintindex":0},"south":{"uv":[9.875,6.0,10.0,6.125],"rotation":90,"texture":"#0","tintindex":0},"north":{"uv":[10.0,6.0,9.875,6.125],"rotation":270,"texture":"#0","tintindex":0},"west":{"uv":[5.75,7.625,5.25,8.125],"rotation":90,"texture":"#0","tintindex":0},"up":{"uv":[4.0,7.625,4.5,8.125],"rotation":90,"texture":"#0","tintindex":0},"down":{"uv":[7.5,7.25,8.0,7.75],"rotation":90,"texture":"#0","tintindex":0}}},{"from":[9.036172,8.737179,2.6944551],"to":[9.721887,9.251465,2.6944551],"rotation":{"angle":0.0,"axis":"y","origin":[9.379029,8.994322,2.6944551]},"faces":{"east":{"uv":[5.125,8.125,4.625,7.625],"rotation":90,"texture":"#0","tintindex":0},"south":{"uv":[9.875,6.0,10.0,6.125],"rotation":90,"texture":"#0","tintindex":0},"north":{"uv":[10.0,6.0,9.875,6.125],"rotation":270,"texture":"#0","tintindex":0},"west":{"uv":[5.75,7.625,5.25,8.125],"rotation":90,"texture":"#0","tintindex":0},"up":{"uv":[4.0,7.625,4.5,8.125],"rotation":90,"texture":"#0","tintindex":0},"down":{"uv":[7.5,7.25,8.0,7.75],"rotation":90,"texture":"#0","tintindex":0}}},{"from":[8.884735,7.5525217,2.7515984],"to":[10.77045,9.438236,2.7515984],"rotation":{"angle":0.0,"axis":"y","origin":[7.9704494,4.2953787,9.665884]},"faces":{"east":{"uv":[7.5,7.25,8.0,7.75],"rotation":0,"texture":"#0","tintindex":0},"south":{"uv":[9.875,6.375,10.25,6.75],"rotation":0,"texture":"#0","tintindex":0},"north":{"uv":[10.25,6.375,9.875,6.75],"rotation":0,"texture":"#0","tintindex":0},"west":{"uv":[4.0,7.625,4.5,8.125],"rotation":0,"texture":"#0","tintindex":0},"up":{"uv":[5.125,8.125,4.625,7.625],"rotation":0,"texture":"#0","tintindex":0},"down":{"uv":[5.75,7.625,5.25,8.125],"rotation":0,"texture":"#0","tintindex":0}}},{"from":[4.5418777,8.866808,3.2087407],"to":[5.6847353,10.009665,4.351598],"rotation":{"angle":22.5,"axis":"y","origin":[5.1133065,9.438236,3.6658835]},"faces":{"east":{"uv":[4.625,2.125,4.875,2.375],"rotation":0,"texture":"#0","tintindex":0},"south":{"uv":[5.0,2.125,5.25,2.375],"rotation":0,"texture":"#0","tintindex":0},"north":{"uv":[4.375,3.75,4.625,4.0],"rotation":0,"texture":"#0","tintindex":0},"west":{"uv":[5.375,2.125,5.625,2.375],"rotation":0,"texture":"#0","tintindex":0},"up":{"uv":[8.25,0.875,8.0,0.625],"rotation":0,"texture":"#0","tintindex":0},"down":{"uv":[8.625,2.625,8.375,2.875],"rotation":0,"texture":"#0","tintindex":0}}},{"from":[4.656163,8.981093,3.151598],"to":[5.5704494,9.895379,3.151598],"rotation":{"angle":22.5,"axis":"y","origin":[5.1133065,9.438236,3.6658835]},"faces":{"east":{"uv":[4.625,2.125,4.875,2.375],"rotation":0,"texture":"#0","tintindex":0},"south":{"uv":[10.125,5.0,9.875,5.25],"rotation":0,"texture":"#0","tintindex":0},"north":{"uv":[9.875,5.0,10.125,5.25],"rotation":0,"texture":"#0","tintindex":0},"west":{"uv":[5.375,2.125,5.625,2.375],"rotation":0,"texture":"#0","tintindex":0},"up":{"uv":[8.25,0.875,8.0,0.625],"rotation":0,"texture":"#0","tintindex":0},"down":{"uv":[8.625,2.625,8.375,2.875],"rotation":0,"texture":"#0","tintindex":0}}},{"from":[4.7704496,9.438236,3.0944548],"to":[5.1133065,9.781094,3.0944548],"rotation":{"angle":22.5,"axis":"y","origin":[5.1133065,9.438236,3.6658835]},"faces":{"east":{"uv":[4.625,2.125,4.875,2.375],"rotation":0,"texture":"#0","tintindex":0},"south":{"uv":[10.0,4.75,9.875,4.875],"rotation":0,"texture":"#0","tintindex":0},"north":{"uv":[9.875,4.75,10.0,4.875],"rotation":0,"texture":"#0","tintindex":0},"west":{"uv":[5.375,2.125,5.625,2.375],"rotation":0,"texture":"#0","tintindex":0},"up":{"uv":[8.25,0.875,8.0,0.625],"rotation":0,"texture":"#0","tintindex":0},"down":{"uv":[8.625,2.625,8.375,2.875],"rotation":0,"texture":"#0","tintindex":0}}},{"from":[10.713306,9.438236,3.0944548],"to":[11.056164,9.781094,3.0944548],"rotation":{"angle":-22.5,"axis":"y","origin":[11.056164,9.438236,3.6658835]},"faces":{"east":{"uv":[5.625,2.125,5.375,2.375],"rotation":0,"texture":"#0","tintindex":0},"south":{"uv":[9.875,4.75,10.0,4.875],"rotation":0,"texture":"#0","tintindex":0},"north":{"uv":[10.0,4.75,9.875,4.875],"rotation":0,"texture":"#0","tintindex":0},"west":{"uv":[4.875,2.125,4.625,2.375],"rotation":0,"texture":"#0","tintindex":0},"up":{"uv":[8.0,0.875,8.25,0.625],"rotation":0,"texture":"#0","tintindex":0},"down":{"uv":[8.375,2.625,8.625,2.875],"rotation":0,"texture":"#0","tintindex":0}}},{"from":[10.599021,8.981093,3.151598],"to":[11.513307,9.895379,3.151598],"rotation":{"angle":-22.5,"axis":"y","origin":[11.056164,9.438236,3.6658835]},"faces":{"east":{"uv":[5.625,2.125,5.375,2.375],"rotation":0,"texture":"#0","tintindex":0},"south":{"uv":[10.125,5.0,9.875,5.25],"rotation":0,"texture":"#0","tintindex":0},"north":{"uv":[9.875,5.0,10.125,5.25],"rotation":0,"texture":"#0","tintindex":0},"west":{"uv":[4.875,2.125,4.625,2.375],"rotation":0,"texture":"#0","tintindex":0},"up":{"uv":[8.0,0.875,8.25,0.625],"rotation":0,"texture":"#0","tintindex":0},"down":{"uv":[8.375,2.625,8.625,2.875],"rotation":0,"texture":"#0","tintindex":0}}},{"from":[10.4847355,8.866808,3.2087407],"to":[11.627592,10.009665,4.351598],"rotation":{"angle":-22.5,"axis":"y","origin":[11.056164,9.438236,3.6658835]},"faces":{"east":{"uv":[8.375,3.375,8.625,3.625],"rotation":0,"texture":"#0","tintindex":0},"south":{"uv":[8.375,3.75,8.625,4.0],"rotation":0,"texture":"#0","tintindex":0},"north":{"uv":[8.375,3.0,8.625,3.25],"rotation":0,"texture":"#0","tintindex":0},"west":{"uv":[6.5,8.375,6.75,8.625],"rotation":0,"texture":"#0","tintindex":0},"up":{"uv":[8.75,0.25,8.5,0.0],"rotation":0,"texture":"#0","tintindex":0},"down":{"uv":[8.75,4.125,8.5,4.375],"rotation":0,"texture":"#0","tintindex":0}}},{"from":[8.713306,7.3239503,2.8087406],"to":[10.999022,9.609665,5.094455],"rotation":{"angle":0.0,"axis":"y","origin":[8.370449,4.4668074,9.665884]},"faces":{"east":{"uv":[0.625,7.75,1.125,8.25],"rotation":0,"texture":"#0","tintindex":0},"south":{"uv":[7.75,1.0,8.25,1.5],"rotation":0,"texture":"#0","tintindex":0},"north":{"uv":[5.875,7.625,6.375,8.125],"rotation":0,"texture":"#0","tintindex":0},"west":{"uv":[1.25,7.75,1.75,8.25],"rotation":0,"texture":"#0","tintindex":0},"up":{"uv":[8.25,2.125,7.75,1.625],"rotation":0,"texture":"#0","tintindex":0},"down":{"uv":[2.375,7.75,1.875,8.25],"rotation":0,"texture":"#0","tintindex":0}}},{"from":[4.5418777,5.0382357,2.8087406],"to":[6.2561636,7.3239503,5.094455],"rotation":{"angle":-22.5,"axis":"y","origin":[8.084735,8.181093,6.2373123]},"faces":{"east":{"uv":[7.75,2.25,8.25,2.75],"rotation":0,"texture":"#0","tintindex":0},"south":{"uv":[2.5,7.75,2.875,8.25],"rotation":0,"texture":"#0","tintindex":0},"north":{"uv":[1.0,6.625,1.375,7.125],"rotation":0,"texture":"#0","tintindex":0},"west":{"uv":[7.75,2.875,8.25,3.375],"rotation":0,"texture":"#0","tintindex":0},"up":{"uv":[7.5,8.375,7.125,7.875],"rotation":0,"texture":"#0","tintindex":0},"down":{"uv":[8.0,7.875,7.625,8.375],"rotation":0,"texture":"#0","tintindex":0}}},{"from":[9.913307,5.0382357,2.8087406],"to":[11.627592,7.3239503,5.094455],"rotation":{"angle":22.5,"axis":"y","origin":[8.084735,8.181093,6.2373123]},"faces":{"east":{"uv":[7.75,3.5,8.25,4.0],"rotation":0,"texture":"#0","tintindex":0},"south":{"uv":[3.0,8.0,3.375,8.5],"rotation":0,"texture":"#0","tintindex":0},"north":{"uv":[8.0,0.0,8.375,0.5],"rotation":0,"texture":"#0","tintindex":0},"west":{"uv":[6.5,7.75,7.0,8.25],"rotation":0,"texture":"#0","tintindex":0},"up":{"uv":[3.875,8.5,3.5,8.0],"rotation":0,"texture":"#0","tintindex":0},"down":{"uv":[8.375,4.125,8.0,4.625],"rotation":0,"texture":"#0","tintindex":0}}}],"display":{"head":{"translation":[0.0,-6.4,0.0],"scale":[4.0,4.0,4.0]}}}