{"textures":{"0":"modelengine:entity/nocsy_sewer_spider"},"elements":[{"from":[7.428571,6.857143,7.428571],"to":[11.428572,8.571428,9.142858],"rotation":{"angle":0.0,"axis":"y","origin":[5.142857,7.428571,4.0]},"faces":{"east":{"uv":[4.375,8.25,4.0,8.625],"rotation":0,"texture":"#0","tintindex":0},"south":{"uv":[7.375,6.75,6.5,7.125],"rotation":0,"texture":"#0","tintindex":0},"north":{"uv":[7.625,3.625,6.75,4.0],"rotation":0,"texture":"#0","tintindex":0},"west":{"uv":[0.375,8.25,0.0,8.625],"rotation":0,"texture":"#0","tintindex":0},"up":{"uv":[7.0,0.375,7.875,0.0],"rotation":0,"texture":"#0","tintindex":0},"down":{"uv":[7.0,0.5,7.875,0.875],"rotation":0,"texture":"#0","tintindex":0}}},{"from":[10.40006,3.7874455,7.4857144],"to":[12.00006,8.244589,9.085714],"rotation":{"angle":0.0,"axis":"y","origin":[11.20006,8.016017,8.285714]},"faces":{"east":{"uv":[6.375,5.5,6.0,6.5],"rotation":0,"texture":"#0","tintindex":0},"south":{"uv":[6.375,0.0,6.0,1.0],"rotation":0,"texture":"#0","tintindex":0},"north":{"uv":[5.875,5.5,5.5,6.5],"rotation":0,"texture":"#0","tintindex":0},"west":{"uv":[6.125,2.125,5.75,3.125],"rotation":0,"texture":"#0","tintindex":0},"up":{"uv":[4.5,8.625,4.875,8.25],"rotation":0,"texture":"#0","tintindex":0},"down":{"uv":[5.0,8.25,5.375,8.625],"rotation":0,"texture":"#0","tintindex":0}}}],"display":{"head":{"translation":[0.0,-6.4,0.0],"scale":[4.0,4.0,4.0]}}}