{"textures":{"11":"modelengine:entity/smoke_frame12"},"elements":[{"from":[-16.0,0.5714283,8.0],"to":[4.0,15.428572,8.0],"rotation":{"angle":45.0,"axis":"y","origin":[26.57143,8.0,8.0]},"faces":{"east":{"uv":[0.0,0.0,0.0,6.5],"rotation":0,"texture":"#11","tintindex":0},"south":{"uv":[0.0,0.0,8.75,6.5],"rotation":0,"texture":"#11","tintindex":0},"north":{"uv":[8.75,0.0,0.0,6.5],"rotation":0,"texture":"#11","tintindex":0},"west":{"uv":[0.0,0.0,0.0,6.5],"rotation":0,"texture":"#11","tintindex":0},"up":{"uv":[0.0,8.75,0.0,0.0],"rotation":90,"texture":"#11","tintindex":0},"down":{"uv":[0.0,0.0,0.0,8.75],"rotation":270,"texture":"#11","tintindex":0}}}],"display":{"head":{"translation":[-74.28572,-6.4,0.0],"scale":[4.0,4.0,4.0]}}}