{"textures":{"0":"modelengine:entity/nocsy_skeleton_necromancer_skin"},"elements":[{"from":[7.83418,2.4224973,7.2275925],"to":[8.570392,8.008982,8.592778],"rotation":{"angle":0.0,"axis":"y","origin":[10.425001,13.5685215,8.0]},"faces":{"east":{"uv":[7.0625,8.0,7.1875,8.625],"rotation":0,"texture":"#0","tintindex":0},"south":{"uv":[6.1875,8.8125,6.25,9.4375],"rotation":0,"texture":"#0","tintindex":0},"north":{"uv":[4.3125,8.75,4.375,9.375],"rotation":0,"texture":"#0","tintindex":0},"west":{"uv":[8.0625,1.375,8.1875,2.0],"rotation":0,"texture":"#0","tintindex":0},"up":{"uv":[7.125,3.5625,7.0625,3.4375],"rotation":0,"texture":"#0","tintindex":0},"down":{"uv":[5.75,7.125,5.6875,7.25],"rotation":0,"texture":"#0","tintindex":0}}},{"from":[6.957608,2.4224973,7.2275925],"to":[7.5589633,8.008982,8.592778],"rotation":{"angle":0.0,"axis":"y","origin":[10.425001,13.5685215,8.0]},"faces":{"east":{"uv":[1.5,8.0625,1.625,8.6875],"rotation":0,"texture":"#0","tintindex":0},"south":{"uv":[0.625,8.9375,0.6875,9.5625],"rotation":0,"texture":"#0","tintindex":0},"north":{"uv":[7.6875,8.875,7.75,9.5],"rotation":0,"texture":"#0","tintindex":0},"west":{"uv":[1.625,8.0625,1.75,8.6875],"rotation":0,"texture":"#0","tintindex":0},"up":{"uv":[2.8125,7.6875,2.75,7.5625],"rotation":0,"texture":"#0","tintindex":0},"down":{"uv":[0.75,7.6875,0.6875,7.8125],"rotation":0,"texture":"#0","tintindex":0}}},{"from":[6.835567,6.669224,6.794764],"to":[8.964853,8.798511,8.834235],"rotation":{"angle":0.0,"axis":"y","origin":[8.179629,6.6976843,7.9101853]},"faces":{"east":{"uv":[8.3125,1.9375,8.5625,2.1875],"rotation":0,"texture":"#0","tintindex":0},"south":{"uv":[8.3125,3.5625,8.5625,3.8125],"rotation":0,"texture":"#0","tintindex":0},"north":{"uv":[8.3125,0.9375,8.5625,1.1875],"rotation":0,"texture":"#0","tintindex":0},"west":{"uv":[8.3125,4.1875,8.5625,4.4375],"rotation":0,"texture":"#0","tintindex":0},"up":{"uv":[8.5625,5.5625,8.3125,5.3125],"rotation":0,"texture":"#0","tintindex":0},"down":{"uv":[7.0625,8.3125,6.8125,8.5625],"rotation":0,"texture":"#0","tintindex":0}}},{"from":[6.6453023,0.07689142,6.582682],"to":[8.170574,2.6023421,9.358177],"rotation":{"angle":0.0,"axis":"y","origin":[11.34614,18.092602,8.032941]},"faces":{"east":{"uv":[8.0625,0.4375,8.375,0.6875],"rotation":0,"texture":"#0","tintindex":0},"south":{"uv":[8.625,7.125,8.8125,7.375],"rotation":0,"texture":"#0","tintindex":0},"north":{"uv":[8.625,5.9375,8.8125,6.1875],"rotation":0,"texture":"#0","tintindex":0},"west":{"uv":[8.0625,2.625,8.375,2.875],"rotation":0,"texture":"#0","tintindex":0},"up":{"uv":[8.625,3.375,8.4375,3.0625],"rotation":0,"texture":"#0","tintindex":0},"down":{"uv":[8.625,4.4375,8.4375,4.75],"rotation":0,"texture":"#0","tintindex":0}}},{"from":[7.1488514,-0.8304739,6.520171],"to":[8.424079,1.1948872,7.232798],"rotation":{"angle":22.5,"axis":"z","origin":[8.088321,-1.0878477,7.954802]},"faces":{"east":{"uv":[6.1875,9.4375,6.25,9.6875],"rotation":0,"texture":"#0","tintindex":0},"south":{"uv":[3.875,9.125,4.0,9.375],"rotation":0,"texture":"#0","tintindex":0},"north":{"uv":[3.5,9.125,3.625,9.375],"rotation":0,"texture":"#0","tintindex":0},"west":{"uv":[8.875,9.4375,8.9375,9.6875],"rotation":0,"texture":"#0","tintindex":0},"up":{"uv":[6.4375,6.875,6.3125,6.8125],"rotation":0,"texture":"#0","tintindex":0},"down":{"uv":[7.375,1.125,7.25,1.1875],"rotation":0,"texture":"#0","tintindex":0}}},{"from":[0.8262739,-0.27916908,6.657696],"to":[2.5765853,0.7210083,7.1577845],"rotation":{"angle":-22.5,"axis":"z","origin":[2.0030146,-16.338652,7.954802]},"faces":{"east":{"uv":[8.0625,0.4375,7.9375,0.5],"rotation":270,"texture":"#0","tintindex":0},"south":{"uv":[9.3125,0.1875,9.4375,0.375],"rotation":270,"texture":"#0","tintindex":0},"north":{"uv":[9.3125,0.0,9.4375,0.1875],"rotation":90,"texture":"#0","tintindex":0},"west":{"uv":[6.125,7.6875,6.0,7.625],"rotation":270,"texture":"#0","tintindex":0},"up":{"uv":[9.5,7.125,9.5625,7.3125],"rotation":270,"texture":"#0","tintindex":0},"down":{"uv":[7.1875,9.5,7.25,9.6875],"rotation":270,"texture":"#0","tintindex":0}}},{"from":[13.492552,-5.088152,6.7202067],"to":[15.117842,-4.2129955,7.0952735],"rotation":{"angle":22.5,"axis":"z","origin":[2.0030146,-16.338652,7.954802]},"faces":{"east":{"uv":[8.3125,1.9375,8.1875,2.0],"rotation":270,"texture":"#0","tintindex":0},"south":{"uv":[0.6875,9.3125,0.8125,9.5],"rotation":270,"texture":"#0","tintindex":0},"north":{"uv":[9.3125,0.5,9.4375,0.6875],"rotation":90,"texture":"#0","tintindex":0},"west":{"uv":[8.125,5.375,8.0,5.3125],"rotation":270,"texture":"#0","tintindex":0},"up":{"uv":[7.25,9.5,7.3125,9.6875],"rotation":270,"texture":"#0","tintindex":0},"down":{"uv":[7.3125,9.5,7.375,9.6875],"rotation":270,"texture":"#0","tintindex":0}}},{"from":[0.8262739,-0.27916908,8.689308],"to":[2.5765853,0.7210083,9.283164],"rotation":{"angle":-22.5,"axis":"z","origin":[2.0030146,-16.338652,7.954802]},"faces":{"east":{"uv":[8.3125,6.0,8.1875,6.0625],"rotation":270,"texture":"#0","tintindex":0},"south":{"uv":[9.3125,0.875,9.4375,1.0625],"rotation":270,"texture":"#0","tintindex":0},"north":{"uv":[9.3125,0.6875,9.4375,0.875],"rotation":90,"texture":"#0","tintindex":0},"west":{"uv":[8.3125,3.625,8.1875,3.5625],"rotation":270,"texture":"#0","tintindex":0},"up":{"uv":[9.5,7.3125,9.5625,7.5],"rotation":270,"texture":"#0","tintindex":0},"down":{"uv":[7.375,9.5,7.4375,9.6875],"rotation":270,"texture":"#0","tintindex":0}}},{"from":[13.695889,-5.1607027,7.814152],"to":[15.071135,-4.41057,8.157963],"rotation":{"angle":22.5,"axis":"z","origin":[2.0030146,-16.338652,7.954802]},"faces":{"east":{"uv":[8.4375,1.1875,8.3125,1.25],"rotation":270,"texture":"#0","tintindex":0},"south":{"uv":[9.3125,1.75,9.4375,1.9375],"rotation":270,"texture":"#0","tintindex":0},"north":{"uv":[9.3125,1.3125,9.4375,1.5],"rotation":90,"texture":"#0","tintindex":0},"west":{"uv":[8.3125,6.4375,8.1875,6.375],"rotation":270,"texture":"#0","tintindex":0},"up":{"uv":[9.5,7.5,9.5625,7.6875],"rotation":270,"texture":"#0","tintindex":0},"down":{"uv":[7.5625,9.5,7.625,9.6875],"rotation":270,"texture":"#0","tintindex":0}}},{"from":[13.695889,-5.1607027,8.81433],"to":[15.071135,-4.41057,9.158141],"rotation":{"angle":22.5,"axis":"z","origin":[2.0030146,-16.338652,7.954802]},"faces":{"east":{"uv":[6.8125,9.0,6.6875,9.0625],"rotation":270,"texture":"#0","tintindex":0},"south":{"uv":[9.3125,2.125,9.4375,2.3125],"rotation":270,"texture":"#0","tintindex":0},"north":{"uv":[9.3125,1.9375,9.4375,2.125],"rotation":90,"texture":"#0","tintindex":0},"west":{"uv":[8.4375,4.5,8.3125,4.4375],"rotation":270,"texture":"#0","tintindex":0},"up":{"uv":[7.625,9.5,7.6875,9.6875],"rotation":270,"texture":"#0","tintindex":0},"down":{"uv":[7.6875,9.5,7.75,9.6875],"rotation":270,"texture":"#0","tintindex":0}}},{"from":[0.8262739,-0.27916908,7.6891294],"to":[2.5765853,0.7210083,8.282986],"rotation":{"angle":-22.5,"axis":"z","origin":[2.0030146,-16.338652,7.954802]},"faces":{"east":{"uv":[9.3125,2.25,9.1875,2.3125],"rotation":270,"texture":"#0","tintindex":0},"south":{"uv":[2.75,9.3125,2.875,9.5],"rotation":270,"texture":"#0","tintindex":0},"north":{"uv":[2.25,9.3125,2.375,9.5],"rotation":90,"texture":"#0","tintindex":0},"west":{"uv":[9.25,7.4375,9.125,7.375],"rotation":270,"texture":"#0","tintindex":0},"up":{"uv":[9.5,7.6875,9.5625,7.875],"rotation":270,"texture":"#0","tintindex":0},"down":{"uv":[7.75,9.5,7.8125,9.6875],"rotation":270,"texture":"#0","tintindex":0}}},{"from":[8.895703,0.07689142,6.4576597],"to":[9.795864,2.1022525,7.7328873],"rotation":{"angle":22.5,"axis":"z","origin":[9.095739,1.089572,7.0952735]},"faces":{"east":{"uv":[4.75,9.125,4.875,9.375],"rotation":0,"texture":"#0","tintindex":0},"south":{"uv":[4.875,9.125,5.0,9.375],"rotation":0,"texture":"#0","tintindex":0},"north":{"uv":[4.0,9.125,4.125,9.375],"rotation":0,"texture":"#0","tintindex":0},"west":{"uv":[5.9375,9.125,6.0625,9.375],"rotation":0,"texture":"#0","tintindex":0},"up":{"uv":[9.0625,9.5625,8.9375,9.4375],"rotation":0,"texture":"#0","tintindex":0},"down":{"uv":[9.1875,9.4375,9.0625,9.5625],"rotation":0,"texture":"#0","tintindex":0}}},{"from":[9.408295,-1.1608295,6.5951843],"to":[10.033406,0.58948326,7.5953627],"rotation":{"angle":0.0,"axis":"y","origin":[9.095739,1.089572,7.0952735]},"faces":{"east":{"uv":[2.875,9.3125,3.0,9.5],"rotation":0,"texture":"#0","tintindex":0},"south":{"uv":[7.875,9.5,7.9375,9.6875],"rotation":0,"texture":"#0","tintindex":0},"north":{"uv":[7.8125,9.5,7.875,9.6875],"rotation":0,"texture":"#0","tintindex":0},"west":{"uv":[3.0,9.3125,3.125,9.5],"rotation":0,"texture":"#0","tintindex":0},"up":{"uv":[7.75,2.75,7.6875,2.625],"rotation":0,"texture":"#0","tintindex":0},"down":{"uv":[7.875,6.4375,7.8125,6.5625],"rotation":0,"texture":"#0","tintindex":0}}},{"from":[9.908384,-1.6609173,6.7202067],"to":[10.283451,-1.0358067,7.4703407],"rotation":{"angle":-22.5,"axis":"z","origin":[9.720851,-0.28567314,7.0952735]},"faces":{"east":{"uv":[0.6875,9.625,0.8125,9.6875],"rotation":0,"texture":"#0","tintindex":0},"south":{"uv":[6.625,9.1875,6.6875,9.25],"rotation":0,"texture":"#0","tintindex":0},"north":{"uv":[4.75,9.0625,4.8125,9.125],"rotation":0,"texture":"#0","tintindex":0},"west":{"uv":[0.875,9.625,1.0,9.6875],"rotation":0,"texture":"#0","tintindex":0},"up":{"uv":[8.4375,3.1875,8.375,3.0625],"rotation":0,"texture":"#0","tintindex":0},"down":{"uv":[3.9375,9.0,3.875,9.125],"rotation":0,"texture":"#0","tintindex":0}}},{"from":[7.1488514,-0.8304739,7.5828605],"to":[8.424079,1.1948872,8.357999],"rotation":{"angle":22.5,"axis":"z","origin":[8.088321,-1.0878477,7.954802]},"faces":{"east":{"uv":[9.1875,9.4375,9.25,9.6875],"rotation":0,"texture":"#0","tintindex":0},"south":{"uv":[9.125,7.125,9.25,7.375],"rotation":0,"texture":"#0","tintindex":0},"north":{"uv":[6.0625,9.125,6.1875,9.375],"rotation":0,"texture":"#0","tintindex":0},"west":{"uv":[9.25,9.4375,9.3125,9.6875],"rotation":0,"texture":"#0","tintindex":0},"up":{"uv":[2.375,9.6875,2.25,9.625],"rotation":0,"texture":"#0","tintindex":0},"down":{"uv":[2.5625,9.625,2.4375,9.6875],"rotation":0,"texture":"#0","tintindex":0}}},{"from":[7.1488514,-0.8304739,8.583038],"to":[8.424079,1.1948872,9.389433],"rotation":{"angle":22.5,"axis":"z","origin":[8.088321,-1.0878477,7.954802]},"faces":{"east":{"uv":[9.4375,9.375,9.5,9.625],"rotation":0,"texture":"#0","tintindex":0},"south":{"uv":[8.375,9.125,8.5,9.375],"rotation":0,"texture":"#0","tintindex":0},"north":{"uv":[8.25,9.125,8.375,9.375],"rotation":0,"texture":"#0","tintindex":0},"west":{"uv":[0.0,9.5,0.0625,9.75],"rotation":0,"texture":"#0","tintindex":0},"up":{"uv":[3.0,9.6875,2.875,9.625],"rotation":0,"texture":"#0","tintindex":0},"down":{"uv":[3.125,9.625,3.0,9.6875],"rotation":0,"texture":"#0","tintindex":0}}},{"from":[6.720316,1.4021282,6.657696],"to":[9.345783,2.527328,9.283164],"rotation":{"angle":0.0,"axis":"y","origin":[11.34614,18.092602,8.032941]},"faces":{"east":{"uv":[8.8125,7.125,9.125,7.25],"rotation":0,"texture":"#0","tintindex":0},"south":{"uv":[8.8125,7.25,9.125,7.375],"rotation":0,"texture":"#0","tintindex":0},"north":{"uv":[8.8125,6.0625,9.125,6.1875],"rotation":0,"texture":"#0","tintindex":0},"west":{"uv":[8.8125,8.1875,9.125,8.3125],"rotation":0,"texture":"#0","tintindex":0},"up":{"uv":[0.6875,7.9375,0.375,7.625],"rotation":0,"texture":"#0","tintindex":0},"down":{"uv":[8.0,0.6875,7.6875,1.0],"rotation":0,"texture":"#0","tintindex":0}}},{"from":[6.143176,2.4224973,6.199021],"to":[9.583177,5.8624973,9.639021],"rotation":{"angle":0.0,"axis":"y","origin":[15.259996,13.5685215,8.0]},"faces":{"east":{"uv":[7.125,2.0,7.5,2.375],"rotation":0,"texture":"#0","tintindex":0},"south":{"uv":[7.125,2.375,7.5,2.75],"rotation":0,"texture":"#0","tintindex":0},"north":{"uv":[7.125,0.375,7.5,0.75],"rotation":0,"texture":"#0","tintindex":0},"west":{"uv":[7.125,3.4375,7.5,3.8125],"rotation":0,"texture":"#0","tintindex":0},"up":{"uv":[5.3125,7.5,4.9375,7.125],"rotation":0,"texture":"#0","tintindex":0},"down":{"uv":[5.6875,7.125,5.3125,7.5],"rotation":0,"texture":"#0","tintindex":0}}},{"from":[5.806033,2.256783,5.804735],"to":[9.806033,3.39964,9.804735],"rotation":{"angle":0.0,"axis":"y","origin":[15.259996,13.5685215,8.0]},"faces":{"east":{"uv":[8.5625,1.0625,9.0,1.1875],"rotation":0,"texture":"#0","tintindex":0},"south":{"uv":[8.5625,1.75,9.0,1.875],"rotation":0,"texture":"#0","tintindex":0},"north":{"uv":[8.5625,0.9375,9.0,1.0625],"rotation":0,"texture":"#0","tintindex":0},"west":{"uv":[8.5625,1.875,9.0,2.0],"rotation":0,"texture":"#0","tintindex":0},"up":{"uv":[1.9375,7.0625,1.5,6.625],"rotation":0,"texture":"#0","tintindex":0},"down":{"uv":[7.0625,1.75,6.625,2.1875],"rotation":0,"texture":"#0","tintindex":0}}},{"from":[5.806033,4.885354,5.804735],"to":[9.806033,6.0282116,9.804735],"rotation":{"angle":0.0,"axis":"y","origin":[15.259996,13.5685215,8.0]},"faces":{"east":{"uv":[8.5625,2.5625,9.0,2.6875],"rotation":0,"texture":"#0","tintindex":0},"south":{"uv":[8.5625,2.6875,9.0,2.8125],"rotation":0,"texture":"#0","tintindex":0},"north":{"uv":[8.5625,2.0,9.0,2.125],"rotation":0,"texture":"#0","tintindex":0},"west":{"uv":[8.5625,3.375,9.0,3.5],"rotation":0,"texture":"#0","tintindex":0},"up":{"uv":[2.375,7.0625,1.9375,6.625],"rotation":0,"texture":"#0","tintindex":0},"down":{"uv":[5.0,6.625,4.5625,7.0625],"rotation":0,"texture":"#0","tintindex":0}}}],"display":{"head":{"translation":[0.0,-6.4,0.0],"scale":[4.0,4.0,4.0]}}}