{"textures":{"0":"modelengine:entity/winter_golem"},"elements":[{"from":[5.714286,0.85714245,5.714286],"to":[10.285714,8.285714,10.285714],"rotation":{"angle":0.0,"axis":"y","origin":[2.5714283,16.285715,8.0]},"faces":{"east":{"uv":[1.0,5.5,0.0,7.125],"rotation":0,"texture":"#0","tintindex":0},"south":{"uv":[1.0,5.5,0.0,7.125],"rotation":0,"texture":"#0","tintindex":0},"north":{"uv":[1.0,5.5,0.0,7.125],"rotation":0,"texture":"#0","tintindex":0},"west":{"uv":[1.0,5.5,0.0,7.125],"rotation":0,"texture":"#0","tintindex":0},"up":{"uv":[2.125,8.0,3.125,7.0],"rotation":0,"texture":"#0","tintindex":0},"down":{"uv":[0.0,7.125,1.0,8.125],"rotation":0,"texture":"#0","tintindex":0}}}],"display":{"head":{"translation":[0.0,-6.4,0.0],"scale":[4.0,4.0,4.0]}}}