{
	"credit": "Made by Manning Design",
	"texture_size": [64, 64],
	"textures": {
		"2": "minefreeze:item/hats/bs_bounty_hunter_hat_texture",
		"particle": "minefreeze:item/hats/bs_bounty_hunter_hat_texture"
	},
	"elements": [
		{
			"from": [0.5, 0.5, 0],
			"to": [15.5, 15.5, 16],
			"faces": {
				"north": {"uv": [4, 8, 7.75, 11.75], "texture": "#2"},
				"east": {"uv": [0, 0, 4, 3.75], "texture": "#2"},
				"south": {"uv": [0, 11.25, 3.75, 15], "texture": "#2"},
				"west": {"uv": [0, 3.75, 4, 7.5], "texture": "#2"},
				"up": {"uv": [7.75, 4, 4, 0], "texture": "#2"},
				"down": {"uv": [7.75, 4, 4, 8], "texture": "#2"}
			}
		},
		{
			"from": [1.1, 1.1, 0.6],
			"to": [14.9, 14.9, 15.4],
			"faces": {
				"north": {"uv": [11.5, 3.75, 15.25, 7.5], "texture": "#2"},
				"east": {"uv": [0, 7.5, 4, 11.25], "texture": "#2"},
				"south": {"uv": [11.5, 7.5, 15.25, 11.25], "texture": "#2"},
				"west": {"uv": [7.75, 0, 11.75, 3.75], "texture": "#2"},
				"up": {"uv": [11.5, 7.75, 7.75, 3.75], "texture": "#2"},
				"down": {"uv": [11.5, 7.75, 7.75, 11.75], "texture": "#2"}
			}
		},
		{
			"from": [15.5, 0.5, 6],
			"to": [16.5, 9.5, 10],
			"faces": {
				"north": {"uv": [7.75, 11.75, 8, 14], "texture": "#2"},
				"east": {"uv": [11.5, 11.25, 12.5, 13.5], "texture": "#2"},
				"south": {"uv": [8, 11.75, 8.25, 14], "texture": "#2"},
				"west": {"uv": [11.75, 0, 12.75, 2.25], "texture": "#2"},
				"up": {"uv": [11, 12.75, 10.75, 11.75], "texture": "#2"},
				"down": {"uv": [11.25, 11.75, 11, 12.75], "texture": "#2"}
			}
		},
		{
			"from": [12.5, 18.5, 6],
			"to": [16.5, 20.5, 10],
			"faces": {
				"north": {"uv": [11.75, 3.25, 12.75, 3.75], "texture": "#2"},
				"east": {"uv": [8.75, 11.75, 9.75, 12.25], "texture": "#2"},
				"south": {"uv": [9.75, 11.75, 10.75, 12.25], "texture": "#2"},
				"west": {"uv": [8.75, 12.25, 9.75, 12.75], "texture": "#2"},
				"up": {"uv": [12.75, 3.25, 11.75, 2.25], "texture": "#2"},
				"down": {"uv": [7.75, 11.75, 6.75, 12.75], "texture": "#2"}
			}
		},
		{
			"from": [16, 9.5, 7],
			"to": [16, 18.5, 9],
			"faces": {
				"north": {"uv": [0, 0, 0, 2.25], "texture": "#2"},
				"east": {"uv": [5.75, 11.75, 6.25, 14], "texture": "#2"},
				"south": {"uv": [0, 0, 0, 2.25], "texture": "#2"},
				"west": {"uv": [5.75, 11.75, 6.25, 14], "texture": "#2"},
				"up": {"uv": [0, 0.5, 0, 0], "texture": "#2"},
				"down": {"uv": [0, 0, 0, 0.5], "texture": "#2"}
			}
		},
		{
			"from": [-0.5, 0.5, 6],
			"to": [0.5, 9.5, 10],
			"rotation": {"angle": 0, "axis": "y", "origin": [16, 0, 0]},
			"faces": {
				"north": {"uv": [8.25, 11.75, 8.5, 14], "texture": "#2"},
				"east": {"uv": [3.75, 11.75, 4.75, 14], "texture": "#2"},
				"south": {"uv": [8.5, 11.75, 8.75, 14], "texture": "#2"},
				"west": {"uv": [4.75, 11.75, 5.75, 14], "texture": "#2"},
				"up": {"uv": [11.5, 12.75, 11.25, 11.75], "texture": "#2"},
				"down": {"uv": [10, 12.25, 9.75, 13.25], "texture": "#2"}
			}
		}
	],
	"gui_light": "front",
	"display": {
		"thirdperson_righthand": {
			"rotation": [61, 0, 0],
			"translation": [0.5, 1.5, 0],
			"scale": [0.41, 0.41, 0.41]
		},
		"thirdperson_lefthand": {
			"rotation": [61, 0, 0],
			"translation": [0.5, 1.5, 0],
			"scale": [0.41, 0.41, 0.41]
		},
		"firstperson_righthand": {
			"rotation": [-10, 135, 0],
			"translation": [-1, 3.75, 0],
			"scale": [0.38, 0.38, 0.38]
		},
		"firstperson_lefthand": {
			"rotation": [-10, 135, 0],
			"translation": [-1, 3.75, 0],
			"scale": [0.38, 0.38, 0.38]
		},
		"ground": {
			"translation": [0, 5.75, 0],
			"scale": [0.51, 0.51, 0.51]
		},
		"gui": {
			"rotation": [35, 135, 0],
			"translation": [0, -0.25, 0],
			"scale": [0.49, 0.49, 0.49]
		},
		"head": {
			"scale": [1.05, 1.05, 1.05]
		},
		"fixed": {
			"translation": [0, -2.25, 0],
			"scale": [0.91, 0.91, 0.91]
		}
	}
}