{"textures":{"0":"modelengine:entity/mutant_flower"},"elements":[{"from":[4.620032,2.3869977,-6.9138412],"to":[11.379969,9.146934,6.6060314],"rotation":{"angle":-22.5,"axis":"x","origin":[8.0,26.618671,-6.306307]},"faces":{"east":{"uv":[7.1875,4.3125,6.4375,4.6875],"rotation":0,"texture":"#0","tintindex":0},"south":{"uv":[1.25,10.875,0.875,11.25],"rotation":0,"texture":"#0","tintindex":0},"north":{"uv":[3.25,10.875,2.875,11.25],"rotation":0,"texture":"#0","tintindex":0},"west":{"uv":[10.375,1.0625,9.625,1.4375],"rotation":0,"texture":"#0","tintindex":0},"up":{"uv":[9.4375,2.625,9.0625,3.375],"rotation":0,"texture":"#0","tintindex":0},"down":{"uv":[10.125,7.3125,9.75,6.5625],"rotation":0,"texture":"#0","tintindex":0}}},{"from":[5.18336,15.314793,16.06493],"to":[10.81664,22.07473,26.204834],"rotation":{"angle":22.5,"axis":"x","origin":[8.0,26.618671,-6.306307]},"faces":{"east":{"uv":[10.9375,2.375,10.375,2.75],"rotation":0,"texture":"#0","tintindex":0},"south":{"uv":[9.0,5.5,8.6875,5.875],"rotation":0,"texture":"#0","tintindex":0},"north":{"uv":[4.25,11.125,3.9375,11.5],"rotation":0,"texture":"#0","tintindex":0},"west":{"uv":[10.9375,2.8125,10.375,3.1875],"rotation":0,"texture":"#0","tintindex":0},"up":{"uv":[2.4375,7.0625,2.125,7.625],"rotation":0,"texture":"#0","tintindex":0},"down":{"uv":[5.0,7.625,4.6875,7.0625],"rotation":0,"texture":"#0","tintindex":0}}},{"from":[6.3100157,4.955699,19.606783],"to":[9.689984,9.462323,32.0],"rotation":{"angle":0.0,"axis":"y","origin":[8.0,26.618671,-6.306307]},"faces":{"east":{"uv":[11.25,7.9375,10.5625,8.1875],"rotation":0,"texture":"#0","tintindex":0},"south":{"uv":[9.25,9.625,9.0625,9.875],"rotation":0,"texture":"#0","tintindex":0},"north":{"uv":[9.875,3.6875,9.6875,3.9375],"rotation":0,"texture":"#0","tintindex":0},"west":{"uv":[11.4375,1.4375,10.75,1.6875],"rotation":0,"texture":"#0","tintindex":0},"up":{"uv":[7.625,5.125,7.4375,5.8125],"rotation":0,"texture":"#0","tintindex":0},"down":{"uv":[9.1875,7.3125,9.0,6.625],"rotation":0,"texture":"#0","tintindex":0}}}],"display":{"head":{"translation":[0.0,-6.4,23.576912],"scale":[4.0,4.0,4.0]}}}