{"textures":{"0":"modelengine:entity/mutant_flower"},"elements":[{"from":[4.620032,8.049786,1.8820696],"to":[11.379969,15.936378,1.8820696],"rotation":{"angle":22.5,"axis":"x","origin":[8.0,-7.5937243,4.754447]},"faces":{"east":{"uv":[5.125,6.1875,5.125,6.625],"rotation":0,"texture":"#0","tintindex":0},"south":{"uv":[11.125,5.375,10.75,5.8125],"rotation":0,"texture":"#0","tintindex":0},"north":{"uv":[11.125,6.5625,10.75,7.0],"rotation":0,"texture":"#0","tintindex":0},"west":{"uv":[5.1875,6.1875,5.1875,6.625],"rotation":0,"texture":"#0","tintindex":0},"up":{"uv":[4.0,6.9375,3.625,6.9375],"rotation":0,"texture":"#0","tintindex":0},"down":{"uv":[4.0,7.0,3.625,7.0],"rotation":0,"texture":"#0","tintindex":0}}}],"display":{"head":{"translation":[0.0,-6.4,0.0],"scale":[4.0,4.0,4.0]}}}