{"textures":{"0":"modelengine:entity/mutant_flower"},"elements":[{"from":[1.2946539,8.091102,1.6669521],"to":[14.70186,12.823057,15.074159],"rotation":{"angle":0.0,"axis":"y","origin":[7.998257,12.213953,7.976226]},"faces":{"east":{"uv":[8.5,1.0625,9.5625,1.4375],"rotation":0,"texture":"#0","tintindex":0},"south":{"uv":[8.5625,3.5625,9.625,3.9375],"rotation":0,"texture":"#0","tintindex":0},"north":{"uv":[8.5,0.625,9.5625,1.0],"rotation":0,"texture":"#0","tintindex":0},"west":{"uv":[8.6875,5.0625,9.75,5.4375],"rotation":0,"texture":"#0","tintindex":0},"up":{"uv":[1.0625,6.3125,0.0,5.25],"rotation":0,"texture":"#0","tintindex":0},"down":{"uv":[6.3125,0.0,5.25,1.0625],"rotation":0,"texture":"#0","tintindex":0}}},{"from":[0.90032434,12.86249,-10.162937],"to":[16.673508,12.86249,4.0329294],"rotation":{"angle":-45.0,"axis":"y","origin":[7.998257,12.213953,7.976226]},"faces":{"east":{"uv":[11.375,0.8125,12.5,0.8125],"rotation":0,"texture":"#0","tintindex":0},"south":{"uv":[11.375,0.875,12.625,0.875],"rotation":0,"texture":"#0","tintindex":0},"north":{"uv":[11.375,0.75,12.625,0.75],"rotation":0,"texture":"#0","tintindex":0},"west":{"uv":[11.375,0.9375,12.5,0.9375],"rotation":0,"texture":"#0","tintindex":0},"up":{"uv":[5.1875,2.3125,3.9375,1.1875],"rotation":0,"texture":"#0","tintindex":0},"down":{"uv":[5.1875,1.1875,3.9375,2.3125],"rotation":0,"texture":"#0","tintindex":0}}},{"from":[-0.67699337,12.86249,-10.162937],"to":[15.0961895,12.86249,4.0329294],"rotation":{"angle":45.0,"axis":"y","origin":[7.998257,12.213953,7.976226]},"faces":{"east":{"uv":[12.5,0.9375,11.375,0.9375],"rotation":0,"texture":"#0","tintindex":0},"south":{"uv":[12.625,0.875,11.375,0.875],"rotation":0,"texture":"#0","tintindex":0},"north":{"uv":[12.625,0.75,11.375,0.75],"rotation":0,"texture":"#0","tintindex":0},"west":{"uv":[12.5,0.8125,11.375,0.8125],"rotation":0,"texture":"#0","tintindex":0},"up":{"uv":[3.9375,2.3125,5.1875,1.1875],"rotation":0,"texture":"#0","tintindex":0},"down":{"uv":[3.9375,1.1875,5.1875,2.3125],"rotation":0,"texture":"#0","tintindex":0}}},{"from":[0.90032434,12.86249,11.919521],"to":[16.673508,12.86249,26.115387],"rotation":{"angle":45.0,"axis":"y","origin":[7.998257,12.213953,7.976226]},"faces":{"east":{"uv":[12.5,0.8125,11.375,0.8125],"rotation":0,"texture":"#0","tintindex":0},"south":{"uv":[12.625,0.75,11.375,0.75],"rotation":0,"texture":"#0","tintindex":0},"north":{"uv":[12.625,0.875,11.375,0.875],"rotation":0,"texture":"#0","tintindex":0},"west":{"uv":[12.5,0.9375,11.375,0.9375],"rotation":0,"texture":"#0","tintindex":0},"up":{"uv":[5.1875,1.1875,3.9375,2.3125],"rotation":0,"texture":"#0","tintindex":0},"down":{"uv":[5.1875,2.3125,3.9375,1.1875],"rotation":0,"texture":"#0","tintindex":0}}},{"from":[-0.67699337,12.86249,11.919521],"to":[15.0961895,12.86249,26.115387],"rotation":{"angle":-45.0,"axis":"y","origin":[7.998257,12.213953,7.976226]},"faces":{"east":{"uv":[11.375,0.9375,12.5,0.9375],"rotation":0,"texture":"#0","tintindex":0},"south":{"uv":[11.375,0.75,12.625,0.75],"rotation":0,"texture":"#0","tintindex":0},"north":{"uv":[11.375,0.875,12.625,0.875],"rotation":0,"texture":"#0","tintindex":0},"west":{"uv":[11.375,0.8125,12.5,0.8125],"rotation":0,"texture":"#0","tintindex":0},"up":{"uv":[3.9375,1.1875,5.1875,2.3125],"rotation":0,"texture":"#0","tintindex":0},"down":{"uv":[3.9375,2.3125,5.1875,1.1875],"rotation":0,"texture":"#0","tintindex":0}}}],"display":{"head":{"translation":[0.0,-6.4,0.0],"scale":[4.0,4.0,4.0]}}}