{"textures":{"0":"modelengine:entity/mutant_flower"},"elements":[{"from":[4.620032,2.3869977,9.393969],"to":[11.379969,9.146934,22.913841],"rotation":{"angle":22.5,"axis":"x","origin":[8.0,26.618671,22.306307]},"faces":{"east":{"uv":[6.4375,4.3125,7.1875,4.6875],"rotation":0,"texture":"#0","tintindex":0},"south":{"uv":[2.875,10.875,3.25,11.25],"rotation":0,"texture":"#0","tintindex":0},"north":{"uv":[0.875,10.875,1.25,11.25],"rotation":0,"texture":"#0","tintindex":0},"west":{"uv":[9.625,1.0625,10.375,1.4375],"rotation":0,"texture":"#0","tintindex":0},"up":{"uv":[9.4375,3.375,9.0625,2.625],"rotation":0,"texture":"#0","tintindex":0},"down":{"uv":[10.125,6.5625,9.75,7.3125],"rotation":0,"texture":"#0","tintindex":0}}},{"from":[5.18336,15.314793,-10.204834],"to":[10.81664,22.07473,-0.06492901],"rotation":{"angle":-22.5,"axis":"x","origin":[8.0,26.618671,22.306307]},"faces":{"east":{"uv":[10.375,2.375,10.9375,2.75],"rotation":0,"texture":"#0","tintindex":0},"south":{"uv":[3.9375,11.125,4.25,11.5],"rotation":0,"texture":"#0","tintindex":0},"north":{"uv":[8.6875,5.5,9.0,5.875],"rotation":0,"texture":"#0","tintindex":0},"west":{"uv":[10.375,2.8125,10.9375,3.1875],"rotation":0,"texture":"#0","tintindex":0},"up":{"uv":[2.4375,7.625,2.125,7.0625],"rotation":0,"texture":"#0","tintindex":0},"down":{"uv":[5.0,7.0625,4.6875,7.625],"rotation":0,"texture":"#0","tintindex":0}}},{"from":[6.3100157,4.955699,-16.0],"to":[9.689984,9.462323,-3.606783],"rotation":{"angle":0.0,"axis":"y","origin":[8.0,26.618671,22.306307]},"faces":{"east":{"uv":[10.5625,7.9375,11.25,8.1875],"rotation":0,"texture":"#0","tintindex":0},"south":{"uv":[9.6875,3.6875,9.875,3.9375],"rotation":0,"texture":"#0","tintindex":0},"north":{"uv":[9.0625,9.625,9.25,9.875],"rotation":0,"texture":"#0","tintindex":0},"west":{"uv":[10.75,1.4375,11.4375,1.6875],"rotation":0,"texture":"#0","tintindex":0},"up":{"uv":[7.625,5.8125,7.4375,5.125],"rotation":0,"texture":"#0","tintindex":0},"down":{"uv":[9.1875,6.625,9.0,7.3125],"rotation":0,"texture":"#0","tintindex":0}}}],"display":{"head":{"translation":[0.0,-6.4,-23.576912],"scale":[4.0,4.0,4.0]}}}