{"textures":{"0":"modelengine:entity/mutant_flower"},"elements":[{"from":[1.8820696,8.078357,4.620032],"to":[1.8820696,15.964949,11.379969],"rotation":{"angle":-22.5,"axis":"z","origin":[4.754447,-7.565152,8.0]},"faces":{"east":{"uv":[10.8125,10.25,11.1875,10.6875],"rotation":0,"texture":"#0","tintindex":0},"south":{"uv":[7.6875,5.125,7.6875,5.5625],"rotation":0,"texture":"#0","tintindex":0},"north":{"uv":[5.0625,7.0625,5.0625,7.5],"rotation":0,"texture":"#0","tintindex":0},"west":{"uv":[10.5625,10.8125,10.9375,11.25],"rotation":0,"texture":"#0","tintindex":0},"up":{"uv":[2.0,8.25,2.0,7.875],"rotation":0,"texture":"#0","tintindex":0},"down":{"uv":[2.0625,7.875,2.0625,8.25],"rotation":0,"texture":"#0","tintindex":0}}}],"display":{"head":{"translation":[0.0,-6.4,0.0],"scale":[4.0,4.0,4.0]}}}