{"textures":{"0":"modelengine:entity/nocsy_sewer_rat"},"elements":[{"from":[7.4342856,4.3012056,7.0120296],"to":[9.137143,8.289778,8.714887],"rotation":{"angle":0.0,"axis":"y","origin":[11.714286,8.581205,8.434887]},"faces":{"east":{"uv":[5.375,9.375,5.75,10.25],"rotation":0,"texture":"#0","tintindex":0},"south":{"uv":[5.875,9.375,6.25,10.25],"rotation":0,"texture":"#0","tintindex":0},"north":{"uv":[4.875,9.375,5.25,10.25],"rotation":0,"texture":"#0","tintindex":0},"west":{"uv":[6.375,9.375,6.75,10.25],"rotation":0,"texture":"#0","tintindex":0},"up":{"uv":[3.375,11.5,3.0,11.125],"rotation":0,"texture":"#0","tintindex":0},"down":{"uv":[5.125,11.125,4.75,11.5],"rotation":0,"texture":"#0","tintindex":0}}},{"from":[7.117119,4.295491,5.5959787],"to":[8.259975,5.438349,8.453122],"rotation":{"angle":22.5,"axis":"y","origin":[8.0,4.86692,7.8634586]},"faces":{"east":{"uv":[10.5,5.625,11.125,5.875],"rotation":0,"texture":"#0","tintindex":0},"south":{"uv":[9.5,11.375,9.75,11.625],"rotation":0,"texture":"#0","tintindex":0},"north":{"uv":[7.125,11.375,7.375,11.625],"rotation":0,"texture":"#0","tintindex":0},"west":{"uv":[10.375,10.5,11.0,10.75],"rotation":0,"texture":"#0","tintindex":0},"up":{"uv":[8.5,11.125,8.25,10.5],"rotation":0,"texture":"#0","tintindex":0},"down":{"uv":[7.0,10.625,6.75,11.25],"rotation":0,"texture":"#0","tintindex":0}}},{"from":[8.798624,4.295491,8.045153],"to":[9.941481,5.438349,10.902296],"rotation":{"angle":-22.5,"axis":"y","origin":[14.971429,4.86692,7.8634586]},"faces":{"east":{"uv":[1.125,10.75,1.75,11.0],"rotation":0,"texture":"#0","tintindex":0},"south":{"uv":[11.5,1.5,11.75,1.75],"rotation":0,"texture":"#0","tintindex":0},"north":{"uv":[11.5,0.0,11.75,0.25],"rotation":0,"texture":"#0","tintindex":0},"west":{"uv":[4.875,10.75,5.5,11.0],"rotation":0,"texture":"#0","tintindex":0},"up":{"uv":[7.375,11.25,7.125,10.625],"rotation":0,"texture":"#0","tintindex":0},"down":{"uv":[10.0,10.625,9.75,11.25],"rotation":0,"texture":"#0","tintindex":0}}},{"from":[7.791034,4.289777,5.427668],"to":[8.94532,5.444063,8.29624],"rotation":{"angle":0.0,"axis":"y","origin":[14.971429,4.86692,7.8634586]},"faces":{"east":{"uv":[5.625,10.75,6.25,11.0],"rotation":0,"texture":"#0","tintindex":0},"south":{"uv":[11.5,2.25,11.75,2.5],"rotation":0,"texture":"#0","tintindex":0},"north":{"uv":[11.5,1.875,11.75,2.125],"rotation":0,"texture":"#0","tintindex":0},"west":{"uv":[1.875,10.875,2.5,11.125],"rotation":0,"texture":"#0","tintindex":0},"up":{"uv":[3.875,11.375,3.625,10.75],"rotation":0,"texture":"#0","tintindex":0},"down":{"uv":[2.875,10.875,2.625,11.5],"rotation":0,"texture":"#0","tintindex":0}}}],"display":{"head":{"translation":[0.0,-6.4,0.0],"scale":[4.0,4.0,4.0]}}}