{"textures":{"0":"modelengine:entity/nocsy_sewer_rat"},"elements":[{"from":[7.428571,5.430363,6.284517],"to":[10.285714,9.430364,10.284517],"rotation":{"angle":22.5,"axis":"x","origin":[11.714286,8.57322,8.855946]},"faces":{"east":{"uv":[6.625,1.0,7.5,1.875],"rotation":0,"texture":"#0","tintindex":0},"south":{"uv":[4.25,8.375,4.875,9.25],"rotation":0,"texture":"#0","tintindex":0},"north":{"uv":[2.25,8.25,2.875,9.125],"rotation":0,"texture":"#0","tintindex":0},"west":{"uv":[6.625,2.0,7.5,2.875],"rotation":0,"texture":"#0","tintindex":0},"up":{"uv":[5.625,9.25,5.0,8.375],"rotation":0,"texture":"#0","tintindex":0},"down":{"uv":[6.375,8.375,5.75,9.25],"rotation":0,"texture":"#0","tintindex":0}}},{"from":[7.714286,4.220989,6.545308],"to":[10.0,7.6495605,8.831022],"rotation":{"angle":0.0,"axis":"y","origin":[8.857143,5.733648,6.7519913]},"faces":{"east":{"uv":[2.125,9.25,2.625,10.0],"rotation":0,"texture":"#0","tintindex":0},"south":{"uv":[9.25,5.625,9.75,6.375],"rotation":0,"texture":"#0","tintindex":0},"north":{"uv":[1.5,9.25,2.0,10.0],"rotation":0,"texture":"#0","tintindex":0},"west":{"uv":[9.25,8.25,9.75,9.0],"rotation":0,"texture":"#0","tintindex":0},"up":{"uv":[4.75,10.75,4.25,10.25],"rotation":0,"texture":"#0","tintindex":0},"down":{"uv":[10.75,6.625,10.25,7.125],"rotation":0,"texture":"#0","tintindex":0}}}],"display":{"head":{"translation":[0.0,-6.4,0.0],"scale":[4.0,4.0,4.0]}}}