{
	"credit": "Made with Blockbench",
	"texture_size": [32, 32],
	"textures": {
		"0": "item/holidayhatelf",
		"particle": "item/holidayhatelf"
	},
	"elements": [
		{
			"from": [2.5, 10.5, 5.5],
			"to": [10.5, 12.5, 10.5],
			"rotation": {"angle": 0, "axis": "y", "origin": [8, 8.5, 9]},
			"faces": {
				"north": {"uv": [8.5, 6.5, 12.5, 7.5], "texture": "#0"},
				"east": {"uv": [8.5, 8.5, 11, 9.5], "texture": "#0"},
				"south": {"uv": [8.5, 7.5, 12.5, 8.5], "texture": "#0"},
				"west": {"uv": [0, 9, 2.5, 10], "texture": "#0"},
				"up": {"uv": [8.5, 10.5, 4.5, 8], "texture": "#0"},
				"down": {"uv": [12.5, 0, 8.5, 2.5], "texture": "#0"}
			}
		},
		{
			"from": [3.5, 7.5, 3.5],
			"to": [12.5, 8.5, 12.5],
			"faces": {
				"north": {"uv": [8.5, 9.5, 13, 10], "texture": "#0"},
				"east": {"uv": [0, 10, 4.5, 10.5], "texture": "#0"},
				"south": {"uv": [8.5, 10, 13, 10.5], "texture": "#0"},
				"west": {"uv": [0, 10.5, 4.5, 11], "texture": "#0"},
				"up": {"uv": [4.5, 4.5, 0, 0], "texture": "#0"},
				"down": {"uv": [4.5, 4.5, 0, 9], "texture": "#0"}
			}
		},
		{
			"from": [3.95, 8.5, 3.95],
			"to": [12.05, 10.5, 12.05],
			"rotation": {"angle": 0, "axis": "y", "origin": [8, 8.5, 9]},
			"faces": {
				"north": {"uv": [8.5, 2.5, 12.5, 3.5], "texture": "#0"},
				"east": {"uv": [8.5, 3.5, 12.5, 4.5], "texture": "#0"},
				"south": {"uv": [8.5, 4.5, 12.5, 5.5], "texture": "#0"},
				"west": {"uv": [8.5, 5.5, 12.5, 6.5], "texture": "#0"},
				"up": {"uv": [8.5, 4, 4.5, 0], "texture": "#0"},
				"down": {"uv": [8.5, 4, 4.5, 8], "texture": "#0"}
			}
		},
		{
			"from": [1, 9, 6.75],
			"to": [3.5, 11.5, 9.25],
			"rotation": {"angle": 0, "axis": "y", "origin": [8, 8.5, 9]},
			"faces": {
				"north": {"uv": [4.5, 10.5, 5.5, 11.5], "texture": "#0"},
				"east": {"uv": [5.5, 12, 6.5, 13], "texture": "#0"},
				"south": {"uv": [4.5, 13.5, 5.5, 14.5], "texture": "#0"},
				"west": {"uv": [4.5, 11.5, 5.5, 12.5], "texture": "#0"},
				"up": {"uv": [4.5, 12.5, 5.5, 13.5], "texture": "#0"},
				"down": {"uv": [4.5, 14.5, 5.5, 15.5], "texture": "#0"}
			}
		}
	],
	"gui_light": "front",
	"display": {
		"thirdperson_righthand": {
			"rotation": [-90, 0, -90],
			"translation": [-1.25, -2, -2.5],
			"scale": [0.75, 0.75, 0.75]
		},
		"thirdperson_lefthand": {
			"rotation": [90, 0, -90],
			"translation": [-1.25, -2, -2.5],
			"scale": [0.75, 0.75, 0.75]
		},
		"firstperson_righthand": {
			"rotation": [-5, 160, 13],
			"translation": [-1.75, 0.5, -0.5],
			"scale": [0.75, 0.75, 0.75]
		},
		"firstperson_lefthand": {
			"rotation": [-5, -17, -13],
			"translation": [-1.5, 0.5, -0.5],
			"scale": [0.75, 0.75, 0.75]
		},
		"ground": {
			"scale": [0.75, 0.75, 0.75]
		},
		"gui": {
			"rotation": [9, 160, 0],
			"translation": [-0.75, -2.25, 0],
			"scale": [1.15, 1.15, 1.15]
		},
		"head": {
			"translation": [0, 3.5, 0],
			"scale": [1.78, 1.78, 1.78]
		},
		"fixed": {
			"rotation": [-90, 0, 0],
			"translation": [0, 0, 0.5],
			"scale": [1.65, 1.65, 1.65]
		}
	},
	"groups": [
		{
			"name": "group",
			"origin": [8, 8.5, 9],
			"color": 0,
			"children": [0, 1, 2, 3]
		}
	]
}