{"textures":{"0":"modelengine:entity/frost_moth"},"elements":[{"from":[8.285714,5.69911,8.393252],"to":[8.857143,6.841967,8.964681],"rotation":{"angle":22.5,"axis":"x","origin":[9.142858,8.556253,10.393252]},"faces":{"east":{"uv":[8.0,2.75,8.25,3.25],"rotation":0,"texture":"#0","tintindex":0},"south":{"uv":[3.0,8.0,3.25,8.5],"rotation":0,"texture":"#0","tintindex":0},"north":{"uv":[2.75,8.0,3.0,8.5],"rotation":0,"texture":"#0","tintindex":0},"west":{"uv":[3.25,8.0,3.5,8.5],"rotation":0,"texture":"#0","tintindex":0},"up":{"uv":[5.75,7.75,5.5,7.5],"rotation":0,"texture":"#0","tintindex":0},"down":{"uv":[8.0,7.5,7.75,7.75],"rotation":0,"texture":"#0","tintindex":0}}},{"from":[8.285714,7.1851573,6.065246],"to":[8.857143,8.328014,6.636675],"rotation":{"angle":22.5,"axis":"x","origin":[8.571428,7.7565856,6.3509603]},"faces":{"east":{"uv":[0.5,7.5,0.75,8.0],"rotation":0,"texture":"#0","tintindex":0},"south":{"uv":[8.0,2.25,8.25,2.75],"rotation":0,"texture":"#0","tintindex":0},"north":{"uv":[0.75,6.5,1.0,7.0],"rotation":0,"texture":"#0","tintindex":0},"west":{"uv":[2.5,8.0,2.75,8.5],"rotation":0,"texture":"#0","tintindex":0},"up":{"uv":[7.5,1.0,7.25,0.75],"rotation":0,"texture":"#0","tintindex":0},"down":{"uv":[3.75,7.25,3.5,7.5],"rotation":0,"texture":"#0","tintindex":0}}}],"display":{"head":{"translation":[0.0,-6.4,0.0],"scale":[4.0,4.0,4.0]}}}