{"textures":{"0":"modelengine:entity/nocsy_sewer_rat"},"elements":[{"from":[5.714286,6.2111278,7.1379685],"to":[8.0,9.068271,9.995111],"rotation":{"angle":0.0,"axis":"y","origin":[10.571428,8.782557,9.709397]},"faces":{"east":{"uv":[9.0,0.0,9.625,0.625],"rotation":0,"texture":"#0","tintindex":0},"south":{"uv":[9.75,0.0,10.25,0.625],"rotation":0,"texture":"#0","tintindex":0},"north":{"uv":[9.625,7.25,10.125,7.875],"rotation":0,"texture":"#0","tintindex":0},"west":{"uv":[9.0,0.75,9.625,1.375],"rotation":0,"texture":"#0","tintindex":0},"up":{"uv":[10.25,1.375,9.75,0.75],"rotation":0,"texture":"#0","tintindex":0},"down":{"uv":[10.25,1.5,9.75,2.125],"rotation":0,"texture":"#0","tintindex":0}}}],"display":{"head":{"translation":[0.0,-6.4,0.0],"scale":[4.0,4.0,4.0]}}}