{"textures":{"0":"modelengine:entity/frostbear"},"elements":[{"from":[6.5714283,3.2857141,6.857143],"to":[9.428572,8.428572,9.714286],"rotation":{"angle":22.5,"axis":"x","origin":[8.0,5.8571424,8.285714]},"faces":{"east":{"uv":[5.25,1.25,5.5625,1.8125],"rotation":0,"texture":"#0","tintindex":0},"south":{"uv":[5.25,1.8125,5.5625,2.375],"rotation":0,"texture":"#0","tintindex":0},"north":{"uv":[2.0,3.3125,2.3125,3.875],"rotation":0,"texture":"#0","tintindex":0},"west":{"uv":[3.625,5.25,3.9375,5.8125],"rotation":0,"texture":"#0","tintindex":0},"up":{"uv":[5.9375,5.625,5.625,5.3125],"rotation":0,"texture":"#0","tintindex":0},"down":{"uv":[5.75,5.625,5.4375,5.9375],"rotation":0,"texture":"#0","tintindex":0}}},{"from":[5.428571,3.2857141,3.4285712],"to":[10.571428,5.5714283,9.714286],"rotation":{"angle":0.0,"axis":"y","origin":[8.0,5.8571424,8.285714]},"faces":{"east":{"uv":[5.4375,2.9375,6.125,3.1875],"rotation":0,"texture":"#0","tintindex":0},"south":{"uv":[5.5625,2.125,6.125,2.375],"rotation":0,"texture":"#0","tintindex":0},"north":{"uv":[3.75,0.625,4.3125,0.875],"rotation":0,"texture":"#0","tintindex":0},"west":{"uv":[5.4375,3.1875,6.125,3.4375],"rotation":0,"texture":"#0","tintindex":0},"up":{"uv":[2.5625,4.8125,2.0,4.125],"rotation":0,"texture":"#0","tintindex":0},"down":{"uv":[4.8125,4.0,4.25,4.6875],"rotation":0,"texture":"#0","tintindex":0}}},{"from":[5.142857,3.8571424,2.8571424],"to":[10.857143,6.142857,5.714286],"rotation":{"angle":-22.5,"axis":"x","origin":[8.0,5.0,4.285714]},"faces":{"east":{"uv":[4.625,0.8125,4.3125,1.0625],"rotation":0,"texture":"#0","tintindex":0},"south":{"uv":[0.625,6.4375,0.0,6.6875],"rotation":0,"texture":"#0","tintindex":0},"north":{"uv":[6.8125,4.4375,6.1875,4.6875],"rotation":0,"texture":"#0","tintindex":0},"west":{"uv":[4.3125,0.8125,4.625,1.0625],"rotation":0,"texture":"#0","tintindex":0},"up":{"uv":[6.0,5.75,6.625,5.4375],"rotation":0,"texture":"#0","tintindex":0},"down":{"uv":[0.0,6.125,0.625,6.4375],"rotation":0,"texture":"#0","tintindex":0}}}],"display":{"head":{"translation":[0.0,-6.4,0.0],"scale":[4.0,4.0,4.0]}}}